Time,Pitch,Yaw,Roll,Airspeed,AeroX,AeroY,AeroZ,DoTX,DoTY,DoTZ,ThrustX,ThrustY,ThrustZ,Pressure,Mach
2.64000043272972,0,0.00390374660491943,0,1.2682982925562,-0.00116666896233112,0.00138966240117579,0.00943389677125359,1.33240909573356,0,-0.0209227998918773,0,0,0,0,0.00374899478524486
2.84000046551228,0,0.00455093383789063,0,1.27174774300079,-0.00117239879865523,0.00139058951101349,0.00950061620222409,1.33602545313566,0,-0.0212397692655207,0,0,0,0,0.00375918646375978
3.02000049501657,0,0.00518107414245605,0,1.27519959441835,-0.00117716854844973,0.00139601891436359,0.00955010581646618,1.33964686889108,0,-0.0210088658553599,0,0,0,0,0.0037693818338543
3.20000052452087,0,0.00583851337432861,0,1.27864734674001,-0.00120569287017336,0.00131438855468869,0.0090000143235881,1.34325829459329,0,-0.0211994181222419,0,0,0,0.0010020176368711,0.00377956545043899
3.38000055402517,0,0.00640207529067993,0,1.28209532653483,-0.00122908311263151,0.00124970302813542,0.0085988169385692,1.34687670314557,0,-0.0211623088700402,0,0,0,0.00100742786470162,0.00378975276021724
3.56000058352947,0,0.00714486837387085,0,1.28554420914428,-0.00123647078271351,0.00125119488309446,0.00858859151471533,1.35048704773847,0,-0.0214151795790744,0,0,0,0.00101285319792035,0.0037999390615289
3.74000061303377,0,0.00780576467514038,0,1.28899041988209,-0.00124121150240779,0.00125708918811498,0.00867908877840853,1.35410317183509,0,-0.0213208015057922,0,0,0,0.00101828886965449,0.00381011948685523
3.92000064253807,0,0.00839483737945557,0,1.29243737639201,-0.00123340760899802,0.00134924307203831,0.00886374863280279,1.35771969550276,0,-0.0211718886828491,0,0,0,0.00102374080843242,0.00382030173453508
4.10000067204237,0,0.00898915529251099,0,1.29588240759272,-0.00124081254362396,0.00135022557344296,0.00888512017227719,1.36133093641784,0,-0.0213220876990893,0,0,0,0.00102920351209912,0.00383047760195119
4.28000070154667,0,0.00969439744949341,0,1.29932800001571,-0.00124691106903751,0.00135521297350437,0.00893070954088432,1.36493804534739,0,-0.0215171415988928,0,0,0,0.00103468237958849,0.00384065619605877
4.46000073105097,0,0.0103331208229065,0,1.30277177353376,-0.00125134243989798,0.00136076907878428,0.00896780290460866,1.36854643988817,0,-0.0218188011120373,0,0,0,0.0010401719811803,0.00385082771539579
4.64000076055527,0,0.0109564065933228,0,1.30621588147559,-0.00128540012332976,0.00115172913993138,0.00790579751518278,1.37216805316669,0,-0.0209994934368316,0,0,0,0.00104567756353519,0.00386100158294248
4.82000079005957,0,0.0116309523582459,0,1.30965851824204,-0.00129258908394315,0.00114877264133707,0.00790799087087871,1.37576074811248,0,-0.0222435471504316,0,0,0,0.00105119512268874,0.00387117209284375
5.00000081956387,0,0.0122678875923157,0,1.31310132523334,-0.00129665597102998,0.001157949475284,0.00799523635578478,1.37938643007669,0,-0.0211228899083798,0,0,0,0.00105672708565003,0.00388134073371785
5.18000084906816,0,0.0128894448280334,0,1.31654202986878,-0.00130128764773259,0.00112677454290058,0.0081327613988757,1.38298445626777,0,-0.0218590843304328,0,0,0,0.00106227094189199,0.00389150519620349
5.36000087857246,0,0.0135605931282043,0,1.31998421188719,-0.00130554198782044,0.00102960682871941,0.00828127078467211,1.38659476174445,0,-0.0218555448062542,0,0,0,0.0010678313130765,0.00390167369105518
5.54000090807676,0,0.0141651034355164,0,1.32342400660233,-0.00131036108427412,0.00102786247379835,0.00839654813523258,1.39019348528572,0,-0.0223269835394718,0,0,0,0.00107340157980497,0.00391183344828628
5.72000093758106,0,0.0148225426673889,0,1.32686323233229,-0.00131698700874711,0.00103149528548754,0.00836545415637455,1.39381120875608,0,-0.0215865082080332,0,0,0,0.0010789859886303,0.00392199287206833
5.90000096708536,0,0.0154168605804443,0,1.33030142930069,-0.00130658646504087,0,0.00916268725247929,1.39740444556044,0,-0.0223604034633422,0,0,0,0.00108458376324945,0.00393215027821488
6.08000099658966,0,0.0161392092704773,0,1.33373941319251,-0.00131165121175185,0,0.00921975974335874,1.40101936345248,-0.00101398529502176,-0.021845261736147,0,0,0,0.00109019509279708,0.00394230566840075
6.26000102609396,0,0.0167026519775391,0,1.33717852534517,-0.00131894155968308,0,0.0092463963036694,1.40461674895183,0,-0.0223341543317878,0,0,0,0.00109582295525557,0.00395246524479932
6.44000105559826,0,0.0173174142837524,0,1.34061518190022,-0.00132069294322729,0,0.00940791931758696,1.40822037157797,0,-0.0221455278370989,0,0,0,0.00110146033370645,0.0039626139116391
6.62000108510256,0,0.0180346369743347,0,1.34404946367642,-0.00132698909856718,0,0.00941026537931758,1.4118270157814,0,-0.0221034705134521,0,0,0,0.00110710985291602,0.00397276224597715
6.80000111460686,0,0.0186767578125,0,1.34748618973899,-0.00132798834204111,0,0.00955990399687523,1.4154216493262,-0.00102716993378769,-0.0224367965836021,0,0,0,0.00111277662769531,0.0039829115868483
6.98000114411116,0,0.0192795991897583,0,1.35092086957338,-0.00133765103771475,0.00100669077789298,0.00949635327394444,1.41902918969739,-0.00108974354218645,-0.0220865466063302,0,0,0,0.00111845524401484,0.00399305857763689
7.16000117361546,0,0.0199814438819885,0,1.35435429837453,-0.00134323853486456,0,0.00958626469867746,1.42262724038526,0,-0.0224583125377015,0,0,0,0.00112414568386895,0.0040032012016479
7.34000120311975,0,0.0205774307250977,0,1.35778749709789,-0.00135577202866595,0.00108716186750977,0.00937020961842505,1.42622478072067,0,-0.0223925665736342,0,0,0,0.00112985006318082,0.00401334012064484
7.52000123262405,0,0.021209180355072,0.001007080078125,1.36121990341017,-0.00136795672458366,0.00113132600025596,0.00925037714337149,1.42981978641909,0,-0.0226506237945924,0,0,0,0.0011355684877243,0.00402348153768643
7.70000126212835,0,0.0218307971954346,0,1.36465087914376,-0.00137478576042882,0.00114320388262575,0.00927645233347354,1.43342530663149,-0.00107498919990705,-0.0223421799409974,0,0,0,0.00114129824902023,0.0040336164134444
7.88000129163265,-0.004302978515625,0.0225890278816223,0,1.36627476091301,-0.00137835671497944,0.00114757527905258,0.00914079221786823,1.41703699938748,-0.00107482410874671,-0.02194611631253,0,0,0,0.00114179158703518,0.00402885548438791
8.06000132113695,-0.0267333984375,0.0234479904174805,0,1.32690842965855,-0.0012723188177182,0.00110939778679721,0.00782400307763295,1.30289087467166,-0.00110017091100463,-0.018543351477271,0,0,0,0.00106212388792911,0.00385634324570667
8.24000135064125,-0.028533935546875,0.0243377089500427,0,1.1857623199364,0,0,0.00456854198409347,1.06605721209108,0,-0.0199342482832406,0,0,0,0,0.00336332471813169
8.42000138014555,-0.045257568359375,0.0253725051879883,0,0.93185136084057,0,0,0.00225303008337447,0.739955165860966,0,-0.00826889766782862,0,0,0,0,0.00255264125749624
8.60000140964985,-0.045379638671875,0.0263339281082153,0,0.614751205551953,0,0,0,0.395990405306092,0,-0.00732322998881166,0,0,0,0,0.00160122196525824
8.78000143915415,-0.04461669921875,0.0271279811859131,-0.001007080078125,0.285999647511042,0,0,0,0.0498702940104467,0,0,0,0,0,0,0
8.96000146865845,0.01318359375,0.0272868275642395,0,0.00307009007833723,0,0,0,-0.0522206196656955,0,-0.00854387645084911,0,0,0,0,0
9.14000149816275,0.0146484375,0.0279271602630615,0,0.0253173103121202,0,0,0,0.0218695970126249,0,0.00268670692756263,0,0,0,0,0
9.32000152766705,-0.010894775390625,0.028878390789032,0,0.015843440714464,0,0,0,0,0,0.00193961804829376,0,0,0,0,0
9.50000155717134,0,0.0294743776321411,0,0.00341510806336529,0,0,0,-0.0047849062994793,0,-0.00228139828863814,0,0,0,0,0
9.68000158667564,0,0.0301318168640137,0,0.00239254915750169,0,0,0,0.00159648612573918,0,0.00100023833039262,0,0,0,0,0
9.86000161617994,-0.002227783203125,0.0309002995491028,0,0.00119223424294297,0,0,0,0,0,0,0,0,0,0,0
10.0400016456842,0,0.0316055417060852,0,0,0,0,0,0,0,0,0,0,0,0,0
10.2200016751885,-0.001129150390625,0.0322288274765015,0,0,0,0,0,0,0,0,0,0,0,0,0
10.4000017046928,-0.001190185546875,0.0329374670982361,0,0,0,0,0,0,0,0,0,0,0,0,0
10.5800017341971,0,0.0337195992469788,0,0,0,0,0,0,0,0,0,0,0,0,0
10.7600017637014,0,0.0343941450119019,0,0,0,0,0,0,0,0,0,0,0,0,0
10.9400017932057,-0.001129150390625,0.0350823402404785,0,0,0,0,0,0,0,0,0,0,0,0,0
11.12000182271,-0.001007080078125,0.0357944369316101,0,0,0,0,0,0,0,0,0,0,0,0,0
11.3000018522143,0,0.036450207233429,0,0,0,0,0,0,0,0,0,0,0,0,0
11.4800018817186,0,0.0371690988540649,0,0,0,0,0,0,0,0,0,0,0,0,0
11.6600019112229,0,0.0378607511520386,0,0,0,0,0,0,0,0,0,0,0,0,0
11.8400019407272,0,0.0385898947715759,0,0,0,0,0,0,0,0,0,0,0,0,0
12.0200019702315,-0.001068115234375,0.0392302870750427,0,0,0,0,0,0,0,0,0,0,0,0,0
12.2000019997358,-0.0010986328125,0.0399696826934814,0,0,0,0,0,0,0,0,0,0,0,0,0
12.3800020292401,0,0.0406271815299988,0,0,0,0,0,0,0,0,0,0,0,0,0
12.5600020587444,0,0.0413426756858826,0.001007080078125,0,0,0,0,0,0,0,0,0,0,0,0
12.7400020882487,-0.001007080078125,0.0420342683792114,0,0,0,0,0,0,0,0,0,0,0,0,0
12.920002117753,0,0.0427412986755371,0,0,0,0,0,0,0,0,0,0,0,0,0
13.1000021472573,-0.001068115234375,0.0434260368347168,0,0,0,0,0,0,0,0,0.0794718544753706,0,0,0,0
13.2800021767616,-0.00103759765625,0.0439913272857666,0,0,0,0,0,0,0,0,0.448736526428853,0,0,0,0
13.4600022062659,-0.001373291015625,0.044131338596344,0,0,0,0,0,0,0,0,0.93899099598968,0,0,0,0
13.6400022357702,-0.002105712890625,0.0439895987510681,0,0,0,0,0,0.00126039488858291,0,0,1.41187631805653,-0.00129177595933331,0,0,0
13.8200022652745,-0.002227783203125,0.0435353517532349,0,0.00126697834949966,0,0,0,0.00154086050913186,0,0,1.86800689751326,-0.00168969107722801,0,0,0
14.0000022947788,-0.003082275390625,0.042620062828064,0,0.00164416212742466,0,0,0,0.00226802585352042,0,0,2.30797796305383,-0.00205029432501852,-0.00120355187340149,0,0
14.1800023242831,-0.00311279296875,0.041458785533905,0.001190185546875,0.00224125250965182,0,0,0,0.00239647465599816,0,0,2.73236088629796,-0.0023772201757428,-0.00142920692849879,0,0
14.3600023537874,-0.003662109375,0.0401046276092529,0.001007080078125,0.00250049998835043,0,0,0,0.00304461739604085,0,0,3.14170776881141,-0.00265585665127671,-0.0016615964298623,0,0
14.5400023832917,-0.003936767578125,0.0383628010749817,0,0.00294921695513153,0,0,0,0.00334292834626052,0,0,3.53655232731045,-0.00286485692791436,-0.00188360382481512,0,0
14.720002412796,-0.00445556640625,0.0363733768463135,0,0.00329158346248181,0,0,0,0.00385619450674847,0,0,3.91740818419216,-0.00303102909642326,-0.00214426197408257,0,0
14.9000024423003,-0.00439453125,0.0341909527778625,0.001007080078125,0.00376598454868621,0,0,0,0.00405716689305416,0,0,4.28477061336281,-0.00315854542229273,-0.00232793244540819,0,0
15.0800024718046,-0.004913330078125,0.0316191911697388,0.001220703125,0.0040032518620993,0,0,0,0.00460110979570397,0,0,4.63911687216307,-0.00321532765210081,-0.00256906962918868,0,0
15.2600025013089,-0.005279541015625,0.0288527607917786,0,0.0045389480675379,0,0,0,0.00488512197070006,0,0,4.98090827431402,-0.00318238869881909,-0.00279276693486175,0,0
15.4400025308132,-0.0057373046875,0.0259377956390381,0,0.00474392537321023,0,0,0,0.00521734959831943,0,0,5.31059143035605,-0.00310833925925071,-0.00301145810998293,0,0
15.6200025603175,-0.0059814453125,0.0226743817329407,0,0.00509847154205621,0,0,0,0.00556053285238663,0,0,5.62859446911336,-0.00297373751054156,-0.00320695315320441,0,0
15.8000025898218,-0.006134033203125,0.0193154215812683,0,0.00535200852548818,0,0,0,0.00592001911856333,0,0,5.93532924034424,-0.00277601117890686,-0.00340250712096313,0,0
15.9800026193261,-0.00634765625,0.0156046748161316,0,0.00575045402300044,0,0,0,0.0062298789568399,0,0,6.23119898525071,-0.00251644785051327,-0.00360545287120884,0,0
16.1600026488304,-0.0067138671875,0.0118067860603333,0,0.00600264856488724,0,0,0,0.006477113990731,0,0,6.51658418584527,-0.0021848477300338,-0.00380239584400632,0,0
16.3400026783347,-0.006866455078125,0.00775623321533203,0,0.00626274799980905,0,0,0,0.00676337825011847,0,0,6.79185820868455,-0.00179112623417091,-0.00397337396931752,0,0
16.520002707839,-0.00714111328125,0.00357925891876221,0,0.00655597359421547,0,0,0,0.00707468605037686,0,0,7.05738033080336,-0.00133596125151736,-0.00415102456320682,0,0
16.7000027373433,-0.007293701171875,0,0,0.00680935589687532,0,0,0,0.00734273890048818,0,0,7.31349448296761,0,-0.00437181902333883,0,0
16.8800027668476,-0.007537841796875,-0.00539791584014893,0,0.00705271440175018,0,0,0,0.00757300891156047,0,0,7.56053590411443,0,-0.00456609435782074,0,0
17.0600027963519,-0.008026123046875,-0.0100768804550171,0,0.00733466068435967,0,0,0,0.00786895300148463,0,0,7.79882326123003,0,-0.0047198867209306,0,0
17.2400028258562,-0.008087158203125,-0.0150769352912903,0,0.00753151815605597,0,0,0,0.00806069682703158,0,0,8.02866989537664,0.00111016627890879,-0.00490333712426638,0,0
17.4200028553605,-0.008270263671875,-0.0200786590576172,0,0.00771830113322858,0,0,0,0.00830300492749153,0,0,8.25037068388481,0.00187745515480943,-0.00508044182805012,0,0
17.6000028848648,-0.008575439453125,-0.0253143310546875,0,0.00805179889683716,0,0,0,0.00852145833346702,0,0,8.46421902478184,0.00270283684067456,-0.00522873411378999,0,0
17.7800029143691,-0.008636474609375,-0.0306387543678284,0,0.00814564970999582,0,0,0,0.00870630688875053,0,0,8.67048823676532,0.00358626855366195,-0.00539467161322005,0,0
17.9600029438734,-0.008758544921875,-0.0361476540565491,0,0.00839392962463255,0,0,0,0.00896896244085191,0,0,8.86945105925842,0.00451578057354873,-0.0055353656919106,0,0
18.1400029733777,-0.008758544921875,-0.0418119430541992,0,0.00860132263326374,0,0,0,0.00901940534945735,0,0,9.06136302771988,0.00551579484368219,-0.00563939172959183,0,0
18.320003002882,-0.0091552734375,-0.0475274324417114,0,0.00873050258353666,0,0,0,0.00942801268373165,0,0,9.24647865767542,0.00657448282592885,-0.00580502214623513,0,0
18.5000030323863,-0.00921630859375,-0.0533948540687561,0,0.00898797562520205,0,0,0,0.00947951254986071,0,0,9.42503247348594,0.00767504572119952,-0.00592388324143212,0,0
18.6800030618906,-0.00958251953125,-0.0594348311424255,0,0.00911911223698794,0,0,0,0.00982495284141136,0,0,9.5972595174758,0.0088245587746674,-0.00613117151182951,0,0
18.8600030913949,-0.00970458984375,-0.0655584335327148,0,0.00936036477602229,0,0,0,0.00985169214881097,0,0,9.7633871829986,0.0100233834696086,-0.00626207886123265,0,0
19.0400031208992,-0.009796142578125,-0.0717946887016296,-0.001129150390625,0.00944397090059121,0,0,0,0.010020141309025,0,0,9.92362897088358,0.0111565297073243,-0.00635817571565322,0,0
19.2200031504035,-0.010040283203125,-0.0780907869338989,0,0.00964715515733037,0,0,0,0.0102597668051214,0,0,10.0781900172188,0.0125794567346088,-0.00650512490306232,0,0
19.4000031799078,-0.009857177734375,-0.0845234394073486,0,0.00978941031921186,0,0,0,0.0102469420917717,0,0,10.2272763326358,0.01390405535824,-0.0065808545305126,0,0
19.5800032094121,-0.010162353515625,-0.0910756587982178,-0.001129150390625,0.00987191459990472,0,0,0,0.0105885552170513,0,0,10.3710820518565,0.0151652493960326,-0.00673443451660383,0,0
19.7600032389164,-0.01031494140625,-0.0976824760437012,-0.001373291015625,0.0101052063453153,0,0,0,0.010613601929631,0,0,10.5097902383661,0.0165802731745752,-0.0068361321003918,0,0
19.9400032684207,-0.010345458984375,-0.104384899139404,-0.001556396484375,0.0101812243678175,0,0,0,0.0107895317831709,0,0,10.6435845956166,0.0180392836188101,-0.00692843137264632,0,0
20.120003297925,-0.010711669921875,-0.111225664615631,-0.001861572265625,0.0103087404225962,0,0,0,0.0109596640570966,0,0,10.7726364980455,0.0195376575164867,-0.00708596115885163,0,0
20.3000033274293,-0.010498046875,-0.118068099021912,-0.001312255859375,0.0104927838519569,0,0,0,0.0109885823463266,0,0,10.8971193376534,0.0210889726506188,-0.00708361345383279,0,0
20.4800033569336,-0.010589599609375,-0.125096678733826,-0.001373291015625,0.0105675238730639,0,0,0,0.011203706311858,0,0,11.0171887674412,0.0226566312210629,-0.00723781883798935,0,0
20.6600033864379,-0.010894775390625,-0.132138967514038,-0.001495361328125,0.0107059396757323,0,0,0,0.011348411680247,0,0,11.1330074154388,0.0242859997594812,-0.00737331159682242,0,0
20.8400034159422,-0.010986328125,-0.139338314533234,-0.00189208984375,0.0108858095601171,0,0,0,0.0113922554935884,0,0,11.2447183285762,0.0259409552174297,-0.00744124576739846,0,0
21.0200034454465,-0.010955810546875,-0.146547794342041,-0.002166748046875,0.0108674177211861,0,0,0,0.0115467678828813,0,0,11.3524707056106,0.0276203035190198,-0.00757281686943623,0,0
21.2000034749508,-0.010986328125,-0.153796672821045,-0.002349853515625,0.0110478252685043,0,0,0,0.0116033837998438,0,0,11.4564082130547,0.0293059002852769,-0.00762686123544798,0,0
21.3800035044551,-0.01123046875,-0.161176979541779,-0.002349853515625,0.0111377205327726,0,0,0,0.0117641312339788,0,0,11.5566612390021,0.0310633579771589,-0.00771374703781946,0,0
21.5600035339594,-0.0111083984375,-0.168570965528488,-0.00177001953125,0.0112498254079381,0,0,0,0.0117816569518805,0,0,11.6533610062522,0.0328421252236486,-0.00774446081531677,0,0
21.7400035634637,-0.011383056640625,-0.176169812679291,-0.001953125,0.0112784896743803,0,0,0,0.0119778547746895,0,0,11.746636976748,0.0346414446056085,-0.0078925877986662,0,0
21.920003592968,-0.01141357421875,-0.183654248714447,-0.002227783203125,0.0114942764029238,0,0,0,0.0120403528775891,0,0,11.8366071193087,0.0364685282413281,-0.00793299098608014,0,0
22.1000036224723,-0.011627197265625,-0.191249698400497,-0.002593994140625,0.0114670724493216,0,0,0,0.0122009613872359,0,0,11.923386343466,0.0383260424805848,-0.00804792718915515,0,0
22.2800036519766,-0.01129150390625,-0.198978334665298,-0.002960205078125,0.0116456346113781,0,0,0,0.0121510771503999,0,0,12.0070888231672,0.0402104752456309,-0.00809268598904289,0,0
22.4600036814809,-0.011688232421875,-0.206660807132721,-0.002960205078125,0.0116288165546078,0,0,0,0.0123515606294944,0,0,12.0878309401775,0.0421106640496745,-0.00817189271915097,0,0
22.6400037109852,-0.011749267578125,-0.214457720518112,-0.002838134765625,0.011798885159907,0,0,0,0.0124088247496959,0,0,12.1657077921525,0.0440302467006244,-0.00823081825103955,0,0
22.8200037404895,-0.011688232421875,-0.222266584634781,-0.002777099609375,0.0118365411690401,0,0,0,0.01244881657682,0,0,12.2408250119965,0.0459959292862506,-0.00831987602852102,0,0
23.0000037699938,-0.011749267578125,-0.230242758989334,-0.00262451171875,0.0119017898616536,0,0,0,0.0124983506690441,0,0,12.3132844557181,0.0479625132829135,-0.00839390659577965,0,0
23.1800037994981,-0.011871337890625,-0.238055020570755,-0.002838134765625,0.0119751466287449,0,0,0,0.0126889483247054,0,0,12.3831736091427,0.0499313208809666,-0.00844823111470028,0,0
23.3600038290024,-0.011932373046875,-0.246048241853714,-0.0030517578125,0.0120824352198886,0,0,0,0.0126295632102216,0,0,12.4505824104775,0.0519420157174569,-0.00847024355754566,0,0
23.5400038585067,-0.0118408203125,-0.254135400056839,-0.00360107421875,0.0120541795371421,0,0,0,0.0127261361332435,0,0,12.5156056224968,0.0539894918501667,-0.0085618441867279,0,0
23.720003888011,-0.01202392578125,-0.262166231870651,-0.0035400390625,0.0121943889650178,0,0,0,0.0128358456001852,0,0,12.5783247679426,0.0560110897196393,-0.00862369054064072,0,0
23.9000039175153,-0.012176513671875,-0.270256757736206,-0.004058837890625,0.0122938697867073,0,0,0,0.012896964732735,0,0,12.6388198823636,0.0580828930962021,-0.00867280009621574,0,0
24.0800039470196,-0.011871337890625,-0.278415620326996,-0.00372314453125,0.0122820096134833,0,0,0,0.0128543473689284,0,0,12.6971704815912,0.0601372163580707,-0.00870753908269961,0,0
24.2600039765239,-0.011871337890625,-0.286634236574173,-0.004058837890625,0.0123403070026564,0,0,0,0.0129789248021189,0,0,12.7534531953918,0.0622567939943227,-0.00873378378299083,0,0
24.4400040060282,-0.0120849609375,-0.294767439365387,-0.0037841796875,0.0124531911106,0,0,0,0.0130026097860884,0,0,12.8077404537191,0.0643483043918816,-0.00877788285864156,0,0
24.6200040355325,-0.01239013671875,-0.303112417459488,-0.003753662109375,0.0124750946969003,0,0,0,0.0131937533071813,0,0,12.860105092242,0.0664675634604144,-0.00885153967649543,0,0
24.8000040650368,-0.011993408203125,-0.311351478099823,-0.004364013671875,0.012517063569487,0,0,0,0.0130331357183774,0,0,12.9106163977693,0.0685824443365243,-0.00894258028916006,0,0
24.9800040945411,-0.012115478515625,-0.319653749465942,-0.00390625,0.012571371571752,0,0,0,0.0131969772334561,0,0,12.9593330741739,0.0707137516008513,-0.00894792711833503,0,0
25.1600041240454,-0.01239013671875,-0.328015714883804,-0.004669189453125,0.0125940249481831,0,0,0,0.0133213572198139,0,0,13.0063239996587,0.0728783949093339,-0.00905218627350202,0,0
25.3400041535497,-0.01220703125,-0.336451172828674,-0.004638671875,0.0126783766759699,0,0,0,0.0133151118181425,0,0,13.2788568885843,0.0764024221550455,-0.00916731554875483,0,0
25.520004183054,-0.01251220703125,-0.34441015124321,-0.005157470703125,0.0130293136298667,0,0,0,0.0143908985256776,0,0,13.8206711867621,0.0815758153183524,-0.00965724908513987,0,0
25.7000042125583,-0.013397216796875,-0.352140367031097,-0.005584716796875,0.0138493788907199,0,0,0,0.0148938434614847,0,0,14.3432878131724,0.0867193823703312,-0.010253676488305,0,0
25.8800042420626,-0.013824462890625,-0.359585374593735,-0.005279541015625,0.0142767999410593,0,0,0,0.0153845065508571,0,0,14.8473865261233,0.0917692701144777,-0.0107291688386519,0,0
26.0600042715669,-0.014129638671875,-0.366716206073761,-0.005340576171875,0.0148102370102533,0,0,0,0.0158524195633963,0,0,15.3336260202811,0.0967755226541025,-0.0111828030517112,0,0
26.2400043010712,-0.014434814453125,-0.373486697673798,-0.0052490234375,0.01529959587961,0,0,0,0.0163138419038996,0,0,15.8026397831696,0.101691747339467,-0.0116106038873847,0,0
26.4200043305755,-0.014984130859375,-0.380007892847061,-0.00531005859375,0.0156749260833116,0,0,0,0.0168629195546373,0,0,16.2550330021671,0.106541726173073,-0.0121188508013628,0,0
26.6000043600798,-0.015380859375,-0.386211514472961,-0.006256103515625,0.0162067581075823,0,0,0,0.017299715455052,0,0,16.6913970551556,0.111292217466378,-0.0125527063343167,0,0
26.7800043895841,-0.015777587890625,-0.392304092645645,-0.0059814453125,0.0166024463205873,0,0,0,0.0177264293237478,0,0,17.112298213076,0.115980471353041,-0.0130279864574829,0,0
26.9600044190884,-0.01611328125,-0.398058593273163,-0.00653076171875,0.0170168433262294,0,0,0,0.0180936297392958,0,0,17.5182893246243,0.120526587380759,-0.0133996141838439,0,0
27.1400044485927,-0.016357421875,-0.403596222400665,-0.006927490234375,0.0173563504870733,0,0,0,0.0186311747434138,0,0,17.9098932029943,0.125017879300082,-0.0138754499227742,0,0
27.320004478097,-0.016876220703125,-0.408855527639389,-0.006439208984375,0.0179053214473518,0,0,0,0.0189739535398872,0,0,18.2876213510862,0.129412035043394,-0.0142782913287887,0,0
27.5000045076013,-0.0172119140625,-0.413901388645172,-0.005828857421875,0.0181552234524098,0,0,0,0.0193059850688415,0,0,18.6519679405585,0.133680533256088,-0.0146857049026732,0,0
27.6800045371056,-0.01763916015625,-0.418738916516304,-0.006378173828125,0.018556866746779,0,0,0,0.0197917982739995,0,0,19.0034104256049,0.13783914191648,-0.0150837096373699,0,0
27.8600045666099,-0.01763916015625,-0.423395425081253,-0.00665283203125,0.0188894699443101,0,0,0,0.0199396727964832,0,0,19.3423955843145,0.141926032711424,-0.0155051902467074,0,0
28.0400045961142,-0.018157958984375,-0.427843645215034,-0.006072998046875,0.0192302601568437,0,0,0,0.0204437973221485,0,0,19.6693720719364,0.145872272864007,-0.0158528323877176,0,0
28.2200046256185,-0.018463134765625,-0.432117655873299,-0.006072998046875,0.0195340264255722,0,0,0,0.0206446298702786,0,0,19.984760190871,0.149741166128808,-0.0161326780225002,0,0
28.4000046551228,-0.018798828125,-0.436169698834419,-0.00677490234375,0.019789214791901,0,0,0,0.0211112441736647,0,0,20.2889736219747,0.153495111240251,-0.0166346245106173,0,0
28.5800046846271,-0.018829345703125,-0.440086826682091,-0.006988525390625,0.0202248175895512,0,0,0,0.0212552466091251,0,0,20.5824130650299,0.15717192558657,-0.0168956920484078,0,0
28.7600047141314,-0.019256591796875,-0.44378200173378,-0.006866455078125,0.0204067640806579,0,0,0,0.0217225541737898,0,0,20.865452921927,0.160704018029208,-0.0172767199328865,0,0
28.9400047436357,-0.019500732421875,-0.447357639670372,-0.006805419921875,0.0207575039973451,0,0,0,0.021881864546444,0,0,21.1384629284861,0.16416806024699,-0.0176109520420731,0,0
29.12000477314,-0.01971435546875,-0.450735196471214,-0.007110595703125,0.020964789193604,0,0,0,0.0222321694301202,0,0,21.4018021191144,0.167504607110909,-0.0178584556367047,0,0
29.3000048026443,-0.02008056640625,-0.454044431447983,-0.007537841796875,0.0212480678601865,0,0,0,0.0225104053258453,0,0,21.6558175481536,0.170742017209087,-0.018230791727583,0,0
29.4800048321486,-0.0201416015625,-0.457092434167862,-0.007476806640625,0.0215069133636085,0,0,0,0.0227065972941931,0,0,21.9008229116612,0.173892988507767,-0.0185197929555612,0,0
29.6600048616529,-0.020355224609375,-0.46011309325695,-0.007354736328125,0.0217657516490457,0,0,0,0.0229697424559351,0,0,22.1371517690015,0.176943006387438,-0.0187628735389458,0,0
29.8400048911572,-0.02069091796875,-0.462969854474068,-0.006988525390625,0.0219635258618088,0,0,0,0.0232514447023379,0,0,22.3651108988882,0.179903983733329,-0.0191071979281814,0,0
30.0200049206614,-0.02093505859375,-0.465604603290558,-0.007080078125,0.0222341089282032,0,0,0,0.0234337047657447,0,0,22.5849879696319,0.182754259634016,-0.0193036783715881,0,0
30.2000049501657,-0.0211181640625,-0.468189850449562,-0.008087158203125,0.0223943662915244,0,0,0,0.0236732061214499,0,0,22.7970731744185,0.185514960861447,-0.019579780161366,0,0
30.38000497967,-0.021026611328125,-0.470597505569458,-0.00823974609375,0.0226343158289445,0,0,0,0.0238053905539988,0,0,23.0016557046789,0.188163483103299,-0.0197511673360173,0,0
30.5600050091743,-0.021392822265625,-0.472941979765892,-0.00775146484375,0.0227963478937916,0,0,0,0.0241686599714463,0,0,23.1989797324848,0.190731775645345,-0.0200523642208834,0,0
30.7400050386786,-0.021575927734375,-0.475158393383026,-0.007537841796875,0.0230814482356013,0,0,0,0.0242762760295314,0,-0.00115460686348003,23.3876328417173,0.193204964657577,-0.0202017413763658,0,0
30.9200050681829,-0.021942138671875,-0.477222830057144,-0.007904052734375,0.0231606476578354,0,0,0,0.0245839785137434,0,0,23.5729092747321,0.195650828490379,-0.0205794911759138,0,0
31.1000050976872,-0.021636962890625,-0.479282140731812,-0.00799560546875,0.0234505419117798,0,0,0,0.0246164118730469,0,0,23.749994378583,0.197905301519215,-0.0207164678224343,0,0
31.2800051271915,-0.021759033203125,-0.481100678443909,-0.00775146484375,0.0235380078937685,0,0,0,0.0248177005589355,0,0,23.9208064643191,0.200174872745761,-0.0209355714235961,0,0
31.4600051566958,-0.02215576171875,-0.482929468154907,-0.00750732421875,0.023773031329754,0,0,0,0.0251012933151473,0,0,24.0855756416402,0.202312456046986,-0.02119275100923,0,0
31.6400051862001,-0.022491455078125,-0.484608009457588,-0.00732421875,0.0239264358926661,0,0,0,0.0251793993186388,0,0,24.2444919566291,0.204399089594211,-0.0214262563389713,0,0
31.8200052157044,-0.022308349609375,-0.48624213039875,-0.007781982421875,0.0240355245615319,0,0,0,0.0253286062745544,0,0,24.397784586957,0.206380874116617,-0.0216341347560185,0,0
32.0000052452087,-0.0225830078125,-0.487720876932144,-0.007781982421875,0.0242119851006109,0,0,0,0.0255103887097411,0,0,24.5456487985769,0.208298475827691,-0.021810200035441,0,0
32.180005274713,-0.022705078125,-0.489162042737007,-0.007781982421875,0.0243816132857894,0,0,0,0.0256550596661848,0,0,24.6882705327349,0.210107598818338,-0.0219288875717414,0,0
32.3600053042173,-0.022796630859375,-0.490582749247551,-0.00787353515625,0.0244879856651671,0,0,0,0.0257984200381304,0,0,24.8258392093499,0.211926837482718,-0.0221064929048076,0,0
32.5400053337216,-0.023101806640625,-0.491793394088745,-0.008087158203125,0.02461150283243,0,0,0,0.0260007101873971,0,0,24.9585397859407,0.21360325356451,-0.02238746239885,0,0
32.7200053632259,-0.0228271484375,-0.4930689483881,-0.008026123046875,0.024791189544422,0,0,0,0.0259837998097815,0,0,25.0865317708457,0.215212579521333,-0.0223988379914104,0,0
32.9000053927302,-0.023284912109375,-0.494168609380722,-0.008392333984375,0.0248465465530225,0,0,0,0.0262920621825399,0,0,25.2099935115086,0.216816614416716,-0.0227811135649354,0,0
33.0800054222345,-0.02337646484375,-0.49529729783535,-0.008270263671875,0.0251029278808004,0,0,0,0.0263089119230791,0,0,25.3193956854665,0.218241907365994,-0.0229300269387736,0,0
33.2600054517388,-0.023529052734375,-0.49619035422802,-0.007843017578125,0.0250780932708062,0,0,0,0.0260182704508074,0,0,25.0863327861465,0.216660840839142,-0.0226387456238459,0,0
33.4400054812431,-0.023040771484375,-0.497085109353065,-0.0078125,0.0246060644010312,0,0,0,0.0256024131650555,0,0,24.8330579987162,0.214857159786743,-0.0222563896211376,0,0
33.6200055107474,-0.02276611328125,-0.49784155189991,-0.008209228515625,0.0244308642755247,0,0,0,0.0254786986759468,0,0,24.5953016731657,0.213115911800424,-0.0219397219282449,0,0
33.8000055402517,-0.022613525390625,-0.498519450426102,-0.008056640625,0.0241945300871668,0,0,0,0.0251519658587598,0,0,24.3721125849864,0.211455577776196,-0.0216904125596376,0,0
33.980005569756,-0.02239990234375,-0.49909320473671,-0.008148193359375,0.023952051231396,0,0,0,0.0249259320629576,0,0,24.1625950514629,0.209879576141627,-0.021428707735776,0,0
34.1600055992603,-0.022064208984375,-0.499586686491966,-0.008148193359375,0.0237289581645441,0,0,0,0.024691925331185,0,0,23.9659115675182,0.208432464201234,-0.0210576392430157,0,0
34.3400056287646,-0.022216796875,-0.500025525689125,-0.00860595703125,0.0235710489801517,0,0,0,0.0246893116531403,0,0,23.7812764176943,0.206976750611778,-0.0210424461174892,0,0
34.5200056582689,-0.021697998046875,-0.500341415405273,-0.008514404296875,0.0234515726282196,0,0,0,0.024223318715616,0,0,23.6079598576827,0.205617820970618,-0.020564317517672,0,0
34.7000056877732,-0.021575927734375,-0.500653892755508,-0.008270263671875,0.0231112220919721,0,0,0,0.0242796053754516,0,0,23.4452561410476,0.204307052673471,-0.0204431391329791,0,0
34.8800057172775,-0.021636962890625,-0.500898078083992,-0.0081787109375,0.0231404746391184,0,0,0,0.0241172946621171,0,0,23.2925220603544,0.203078982648749,-0.0203282868901633,0,0
35.0600057467818,-0.021392822265625,-0.500993698835373,-0.00762939453125,0.0229089958851027,0,0,0,0.0238883538968052,0,0,23.1491468880658,0.201890376418888,-0.0201053107055955,0,0
35.2400057762861,-0.021209716796875,-0.50108590722084,-0.008209228515625,0.0227686735237333,0,0,0,0.0237714565347311,0,0,23.0145518496008,0.200751735553839,-0.0200043720760785,0,0
35.4200058057904,-0.021331787109375,-0.501102983951569,-0.00848388671875,0.0226672036074854,0,0,0,0.0236220115516724,0,0,22.8882136644292,0.199675708652538,-0.0198013753515465,0,0
35.6000058352947,-0.02130126953125,-0.501065418124199,-0.00860595703125,0.022499096840934,0,0,0,0.023563529474167,0,0,22.7696046774218,0.198624203617067,-0.0197209658505884,0,0
35.780005864799,-0.02099609375,-0.500976622104645,-0.00823974609375,0.0224202192824551,0,0,0,0.0233991170491377,0,0,22.6582633929131,0.197610885807517,-0.0194880544902603,0,0
35.9600058943033,-0.021240234375,-0.500848561525345,-0.008697509765625,0.0223083741242081,0,0,0,0.0233985107211972,0,0,22.5537458297336,0.196637490839599,-0.019468557196852,0,0
36.1400059238076,-0.020721435546875,-0.500693172216415,-0.008544921875,0.0221896375762667,0,0,0,0.0230540434248674,0,0,22.4556317268878,0.195748597328587,-0.0192777050166608,0,0
36.3200059533119,-0.0206298828125,-0.500561684370041,-0.008056640625,0.022062466028134,0,0,0,0.0231204505366889,0,0,22.3635250080364,0.19490510419749,-0.0190926601223005,0,0
36.5000059828162,-0.020660400390625,-0.500288486480713,-0.008087158203125,0.0220150427896604,0,0,0,0.0230489581489328,0,0,22.2770623567712,0.194013986477027,-0.0190400005870517,0,0
36.6800060123205,-0.020660400390625,-0.500066503882408,-0.007904052734375,0.0219331046765722,0,0,0,0.0228910156665946,0,0,22.195902304711,0.193233546671495,-0.0189323286837348,0,0
36.8600060418248,-0.02056884765625,-0.499754011631012,-0.00830078125,0.021835287964517,0,0,0,0.0228817636856315,0,0,22.1197074440671,0.192466541238326,-0.0188371025107079,0,0
37.0400060713291,-0.0206298828125,-0.499448373913765,-0.008544921875,0.0218078057278856,0,0,0,0.0228090970457931,0,0,22.0481836538672,0.191697008617825,-0.0188069255109156,0,0
37.2200061008334,-0.02001953125,-0.49906587600708,-0.0086669921875,0.0216852886555342,0,0,0,0.0226145660587811,0,0,21.981043882211,0.190983322214123,-0.0186272534185861,0,0
37.4000061303377,-0.020355224609375,-0.498695343732834,-0.007843017578125,0.021668668214924,0,0,0,0.0227668518191268,0,0,21.9180143014374,0.190302211238093,-0.0186213627217873,0,0
37.580006159842,-0.020355224609375,-0.498213797807693,-0.007476806640625,0.0216130213990545,0,0,0,0.0225365526465312,0,0,21.8588426719432,0.189639705123332,-0.0184999288492547,0,0
37.7600061893463,-0.020111083984375,-0.497829601168633,-0.007781982421875,0.0214727343349025,0,0,0,0.0225736330599452,0,0,21.8033033618666,0.188972482677429,-0.0184429783679052,0,0
37.9400062188506,-0.020294189453125,-0.497390761971474,-0.00823974609375,0.0215299466758754,0,0,0,0.0225029561354987,0,0,21.7511638326561,0.188354923016209,-0.0183721424339929,0,0
38.1200062483549,-0.02001953125,-0.496844351291656,-0.0074462890625,0.0214208252203547,0,0,0,0.0224291557426613,0,0,21.7022172200522,0.187728757392548,-0.0182717014649514,0,0
38.3000062778592,-0.02001953125,-0.496321842074394,-0.007354736328125,0.0213406891474812,0,0,0,0.0224161769481625,0,0,21.6562738192174,0.187188194030056,-0.0183008299578349,0,0
38.4800063073635,-0.01995849609375,-0.495865926146507,-0.007293701171875,0.0214090840336467,0,0,0,0.0223404764136958,0,0,21.6131401414024,0.186593668479908,-0.0181871109621783,0,0
38.6600063368678,-0.01995849609375,-0.495357051491737,-0.007843017578125,0.0212717608043977,0,0,0,0.022274579357371,0,0,21.5726512214213,0.186049126779874,-0.0181929067958189,0,0
38.8400063663721,-0.019927978515625,-0.494802102446556,-0.008026123046875,0.0212664673168013,0,0,0,0.0223166910188763,0,0,21.5346440083843,0.185515650299788,-0.0180860490877439,0,0
39.0200063958764,-0.020050048828125,-0.494247153401375,-0.008148193359375,0.0212638709328394,0,0,0,0.0222701287151172,0,0,21.4989626046923,0.185007485309891,-0.0181284997322173,0,0
39.2000064253807,-0.020050048828125,-0.493642687797546,-0.00848388671875,0.0211598513360595,0,0,0,0.022141587101866,0,0,21.4654677739873,0.184483668980942,-0.0180812626805755,0,0
39.380006454885,-0.019989013671875,-0.493045032024384,-0.008209228515625,0.0211296389904422,0,0,0,0.022220117171306,0,0,21.4340291964828,0.18402312271325,-0.0180165233032028,0,0
39.5600064843893,-0.019744873046875,-0.492464452981949,-0.007415771484375,0.0211109661843539,0,0,0,0.0221212267654664,0,0,21.4045109641154,0.183515847690152,-0.0179998821355944,0,0
39.7400065138936,-0.019622802734375,-0.491810470819473,-0.007537841796875,0.0210835440279059,0,0,0,0.0220550335049652,0,0,21.3768011598803,0.183058983151835,-0.0179783440861092,0,0
39.9200065433979,-0.01953125,-0.491182088851929,-0.008453369140625,0.0211138852216563,0,0,0,0.0220155729745198,0,0,21.3507942005089,0.182613679599258,-0.0178408363838072,0,0
40.1000065729022,-0.020050048828125,-0.490584447979927,-0.0086669921875,0.0209871244846876,0,0,0,0.0221271124507061,0,0,21.3263764463893,0.182158920581711,-0.017903144720262,0,0
40.2800066024065,-0.019866943359375,-0.489870697259903,-0.00830078125,0.021031122746484,0,0,0,0.0220749836425903,0,0,21.303457363857,0.18171878501756,-0.017969053914757,0,0
40.4600066319108,-0.01959228515625,-0.489240601658821,-0.00811767578125,0.0210050829085723,0,0,0,0.0219080102512559,0,0,21.2819441260052,0.181259892471806,-0.0178811035635755,0,0
40.6400066614151,-0.01971435546875,-0.488550752401352,-0.008148193359375,0.0209548453046689,0,0,0,0.0220005788041183,0,0,21.261743268416,0.180867329924499,-0.0177718673255161,0,0
40.8200066909194,-0.01953125,-0.487893342971802,-0.008270263671875,0.0209403825486082,0,0,0,0.0219266468524823,0,0,21.2427839381035,0.180458113273724,-0.0177607626619709,0,0
41.0000067204237,-0.019683837890625,-0.487179592251778,-0.008148193359375,0.0209041610159242,0,0,0,0.0219621458532506,0,0,21.2249846601827,0.180025121206384,-0.0178157837011996,0,0
41.180006749928,-0.019744873046875,-0.486409470438957,-0.0076904296875,0.0209372717945876,0,0,0,0.0218982414555187,0,0,21.2082774366048,0.179624869133915,-0.0178314630867948,0,0
41.3600067794323,-0.019500732421875,-0.485716208815575,-0.007568359375,0.0208908106658356,0,0,0,0.0218463277449845,0,0,21.1925927243417,0.179247634082333,-0.0176800450469647,0,0
41.5400068089366,-0.019805908203125,-0.485069051384926,-0.00830078125,0.020858705687915,0,0,0,0.0219891831515349,0,0,21.1778684467418,0.178841004112985,-0.0177635250799888,0,0
41.7200068384409,-0.019683837890625,-0.484292104840279,-0.00830078125,0.0209249457487487,0,0,0,0.0218759939226442,0,0,21.164045875393,0.178472669696327,-0.0177583174601024,0,0
41.9000068679452,-0.019622802734375,-0.48366542160511,-0.00787353515625,0.020825195099867,0,0,0,0.0218164076341077,0,0,21.1510710885963,0.178102390952055,-0.017692197251316,0,0
42.0800068974495,-0.01922607421875,-0.482857763767242,-0.008209228515625,0.0208121757032103,0,0,0,0.021742460633582,0,0,21.1388935606774,0.177733709931919,-0.0175676572012344,0,0
42.2600069269538,-0.019287109375,-0.482157662510872,-0.008087158203125,0.0208249751803477,0,0,0,0.0218749049824762,0,0,21.127458132584,0.177393111548139,-0.0175534154910979,0,0
42.4400069564581,-0.019683837890625,-0.4814473092556,-0.007965087890625,0.0208501984213258,0,0,0,0.0218665068650284,0,0,21.1167266093241,0.177013590210307,-0.0176282907320635,0,0
42.6200069859624,-0.019561767578125,-0.480690866708755,-0.008056640625,0.0207702372439601,0,0,0,0.021805452495902,0,0,21.1066522347185,0.176658849758663,-0.0175745819474162,0,0
42.8000070154667,-0.01959228515625,-0.479987353086472,-0.0089111328125,0.0207806349036709,0,0,0,0.0218556859736147,0,0,21.097195575889,0.176310400578602,-0.0177338646710474,0,0
42.980007044971,-0.019439697265625,-0.479198470711708,-0.008941650390625,0.0208376071886045,0,0,0,0.0216508087986685,0,0,21.088316322807,0.175956267920443,-0.01766199541105,0,0
43.1600070744753,-0.019287109375,-0.478440299630165,-0.008575439453125,0.020735427658628,0,0,0,0.0217408289435258,0,0,21.0799828840439,0.175603204784213,-0.0175708581355201,0,0
43.3400071039796,-0.019500732421875,-0.477699235081673,-0.008148193359375,0.0207778282407549,0,0,0,0.0217785978993198,0,0,21.0721577472013,0.175292268607284,-0.0176394695523374,0,0
43.5200071334839,-0.01953125,-0.476951330900192,-0.00787353515625,0.0208010660261191,0,0,0,0.0217328057651531,0,0,21.0648136516377,0.174928559449904,-0.0175804114612124,0,0
43.7000071629882,-0.019622802734375,-0.476191461086273,-0.007965087890625,0.0207144676806596,0,0,0,0.0217940577905532,0,0,21.0579177262942,0.174597396336449,-0.0176562749118609,0,0
43.8800071924925,-0.019287109375,-0.475402563810349,-0.008087158203125,0.0207563165625719,0,0,0,0.0216420122750895,0,0,21.0979409217133,0.174648165763978,-0.0175962600923469,0,0
44.0600072219968,-0.019744873046875,-0.474721252918243,-0.007904052734375,0.0208614099963741,0,0,0,0.0224432740018887,0,0,21.6344544783873,0.178817510864879,-0.0181928197474619,0,0
44.2400072515011,-0.020172119140625,-0.473968207836151,-0.007659912109375,0.021733433106062,0,0,0,0.0237244290005836,0,0,22.7593265607327,0.187824113978248,-0.0192747224457079,0,0
44.4200072810054,-0.0213623046875,-0.473192989826202,-0.00799560546875,0.0231269473868161,0,0,0,0.0258570327001386,0,0,24.4516970112329,0.201450489546088,-0.0212911418910533,0,0
44.6000073105097,-0.023162841796875,-0.472257256507874,-0.008270263671875,0.0252752171513572,0,0,0,0.0283824907527405,0,0,26.691478953288,0.219520878516027,-0.0242301851490261,0,0
44.780007340014,-0.025634765625,-0.471478596329689,-0.008575439453125,0.0278517909503343,0,0,0,0.0315189504729623,0,0,29.4592688131457,0.241967081633434,-0.0280053709162136,0,0
44.9600073695183,-0.027923583984375,-0.470722153782845,-0.007904052734375,0.0309373236320508,0,0,0,0.0350071812191585,0,0,32.7363637996303,0.268389687641964,-0.0326488142301216,0,0
45.1400073990226,-0.03131103515625,-0.469791546463966,-0.007598876953125,0.0345579079244956,0,0,0,0.0392770613652283,0,0,36.5047137290682,0.298806685755937,-0.0385755224785758,0,0
45.3200074285269,-0.03485107421875,-0.468965068459511,-0.007293701171875,0.0386682285891182,0,0,0,0.0438365691540548,0,0,40.7469322861331,0.333001570946009,-0.045554066226849,0,0
45.5000074580312,-0.03863525390625,-0.468068614602089,-0.00762939453125,0.0431647771120172,0,0,0,0.048997568464319,0,0,45.4462219571609,0.370810128959961,-0.054023091409686,0,0
45.6800074875355,-0.043182373046875,-0.46709018945694,-0.00848388671875,0.0482628539353991,0,0,0,0.0546399974718321,0,0,50.5105204108744,0.411341697290294,-0.0639473150377725,0,0
45.8600075170398,-0.048248291015625,-0.466133952140808,-0.0089111328125,0.0535543545260514,0,0,0,0.0600210763532144,0,0,55.4694848326072,0.450962639910613,-0.0751219727314023,0,0
46.0400075465441,-0.052825927734375,-0.465150400996208,-0.00848388671875,0.0585030687185904,0,0,0,0.064976593514375,0,0,60.2527736400816,0.488952618286009,-0.0865244724791587,0,0
46.2200075760484,-0.056732177734375,-0.464163422584534,-0.008087158203125,0.0634681669421922,0,0,0,0.070892956128223,0,-0.00116419963257537,64.6144490435281,0.523412553325211,-0.0973036502681914,0,0
46.4000076055527,-0.06103515625,-0.463126942515373,-0.00787353515625,0.0693256754217536,0,0,0,0.0772622024734603,0,-0.00113221630800042,69.0737690396693,0.558464379151594,-0.109230230456223,0,0
46.580007635057,-0.064544677734375,-0.46211776137352,-0.007476806640625,0.0754409821693268,0,0,0,0.0848700837021894,0,-0.00126936735261405,73.375136852879,0.592205512790961,-0.120186657566375,0,0
46.7600076645613,-0.06732177734375,-0.461216181516647,-0.007354736328125,0.0840082235631642,0,0,0,0.0974192699141677,0,-0.00116745471584438,77.5241821449149,0.624375995500161,-0.131006874565504,0,0
46.9400076940656,-0.068450927734375,-0.460271894931793,-0.007965087890625,0.0984943417550339,0,0,0,0.121528561305768,0,-0.00203332608433325,81.5263901653869,0.655216975277651,-0.138835747963519,0,0
47.1200077235699,-0.068511962890625,-0.459269568324089,-0.008544921875,0.126111654132974,0,0,0,0.16327305594927,0,-0.0024624409038986,85.3871217966096,0.684794310487084,-0.145101397983336,0,0
47.3000077530742,-0.068572998046875,-0.458431154489517,-0.007781982421875,0.170720258143607,0,0,0,0.223048015384361,0.00177901780973103,-0.00327129355873192,89.1114926606391,0.713318270272582,-0.15182879216702,0,0
47.4800077825785,-0.068878173828125,-0.457404911518097,-0.007354736328125,0.232406894946765,0,0,0,0.30035351755549,0.00217149380653573,-0.00506134242952332,92.704384375346,0.740343648825828,-0.158364335087914,0,0
47.6600078120828,-0.068756103515625,-0.4564298838377,-0.0074462890625,0.31066136752907,0,0,0,0.394614625545476,0.0027444820145782,-0.00591948090242483,96.1704398998494,0.766469257452857,-0.164106465493688,0,0
47.8400078415871,-0.06890869140625,-0.455480486154556,-0.008026123046875,0.404911344392573,0,0,0.00119376000570662,0.505207102062189,0.0035433273782168,-0.00763988667795856,99.5141925266317,0.79136110942263,-0.169847841422182,0,0.00126428551501315
48.0200078710914,-0.06903076171875,-0.454459384083748,-0.007781982421875,0.51459421301684,0,0,0.00229374750925642,0.631556968401019,0.00472930796100775,-0.0100457752709225,102.739917934319,0.815283990045953,-0.175716401264523,0,0.00159821487042765
48.2000079005957,-0.069061279296875,-0.453508257865906,-0.0076904296875,0.639166159777554,0,0,0.003269631858411,0.77312875081079,0.00572668801043775,-0.0120790710032611,105.851802612718,0.838345948943093,-0.180978473216655,0,0.00197577879746405
48.3800079301,-0.069183349609375,-0.452552035450935,-0.0079345703125,0.778102076514374,0,0,0.00447834109617821,0.929368555699776,0.00673126057335338,-0.0147435454668013,108.853847476361,0.860200087739319,-0.186255534896937,0,0.00239543852156516
48.5600079596043,-0.069244384765625,-0.451524078845978,-0.008087158203125,0.930895279366354,0,0,0.00464517665579081,1.09976928945368,0.00794976944791803,-0.0172514493848288,111.749877250796,0.881030981689757,-0.191281974107049,0,0.00285570832873288
48.7400079891086,-0.0687255859375,-0.450622498989105,-0.007904052734375,1.0970568341285,0,0,0.00684034386463926,1.28382036820257,0.00949520942578532,-0.0202607479986692,114.543623865525,0.901175426351138,-0.195612157049169,0,0.00335515607195877
48.9200080186129,-0.069427490234375,-0.449606493115425,-0.0078125,1.27611545702931,0,0,0.00907338317512604,1.48105157651786,0.0110616754174752,-0.0231462261738634,117.238612850846,0.920213932959157,-0.20048238873882,0.00103003083490254,0.00389239897215639
49.1000080481172,-0.067718505859375,-0.448696359992027,-0.0076904296875,1.4676154500233,0,0,0.0118851153806961,1.71291855304742,0.0127294579325597,-0.0268469765980697,119.838414389226,0.936911106282916,-0.185745043148522,0.00136054678825759,0.00447449715511965
49.2800080776215,-0.007476806640625,-0.448359966278076,-0.007476806640625,1.75591834982156,-0.00124252433679812,0,0.0201381542875696,2.197791261557,0.0166458238030758,-0.0391731997508665,122.347885317847,0.953133927277368,-0.0679832299364804,0.00199123764615925,0.00547376238418473
49.4600081071258,-0.007598876953125,-0.447555705904961,-0.007781982421875,2.24567341032923,-0.00203352111282689,0.00151018884639866,0.0299875786088659,2.76649161030357,0.0211759714373517,-0.0415526286864776,124.769511216945,0.970280600406317,-0.0775072107696104,0.00325486315501876,0.0069871512212815
49.6400081366301,-0.006317138671875,-0.446809500455856,-0.006500244140625,2.79392740600393,-0.00291361457153332,0.00179213184964812,0.0450870459005311,3.35506005117936,0.0259967571242295,-0.0529044113973178,127.103679753559,0.986672275867915,-0.0752895865645087,0.00499618425969274,0.00862110017490287
49.8200081661344,-0.006317138671875,-0.446114525198936,-0.0067138671875,3.3585814287029,-0.00410067658836624,0.00210585023450899,0.0634789306152934,3.95554573633827,0.0303163581788579,-0.0618272306667145,129.352622567971,1.00243359111649,-0.076469973114861,0.00717249232912157,0.01029679798657
50.0000081956387,-0.00640869140625,-0.445305153727531,-0.0068359375,3.93412475916042,-0.00558346023242914,0.002757880541797,0.0843830978280598,4.56649151158832,0.0348807461934746,-0.0717216996352139,131.519094758245,1.01756022924703,-0.0778945441728283,0.00979345558124422,0.012003571760594
50.180008225143,-0.006622314453125,-0.444125220179558,-0.007415771484375,4.51952562146405,-0.00741685686471472,0.00312065398478234,0.110025991096324,5.18738992883226,0.0411740861050106,-0.08155626741897,133.605630176723,1.0266642432951,-0.0795851738113029,0.0128766735143965,0.0137390915829792
50.3600082546473,-0.00665283203125,-0.440865501761436,-0.001861572265625,5.11433325840566,-0.00958488294314737,0.0045016318755868,0.139298486517405,5.81790130658902,0.0449693584628835,-0.0914975256353969,135.6146804656,1.03985833234087,-0.0812610026439842,0.0164404941000709,0.015502125643391
50.5400082841516,-0.006622314453125,-0.441403359174728,-0.00390625,5.71820867861816,-0.011934540702935,0.00540456065166955,0.174804382619885,6.45764528314348,0.0484520204172495,-0.101400306380211,137.54873410886,1.05429502152239,-0.0817343209816528,0.0205030165250941,0.017291689768846
50.7200083136559,-0.0069580078125,-0.440182462334633,-0.007537841796875,6.33080741281934,-0.0146878286800307,0.00528758501010335,0.212607998044691,7.10625730687742,0.053260263660432,-0.111789298874859,139.410208198897,1.0663795009778,-0.0840011876710705,0.0250815598678428,0.0191067547564279
50.9000083431602,-0.007080078125,-0.439907535910606,-0.00909423828125,6.95180329195958,-0.0177644460814171,0.00524682392423154,0.254545258034011,7.76340468752319,0.0589925272910888,-0.122151151564187,141.201305882508,1.07899724868271,-0.0856349429975296,0.030192859253444,0.020946360881964
51.0800083726645,-0.00701904296875,-0.439320147037506,-0.00732421875,7.58087743310383,-0.0211710048336685,0.00533876260398805,0.300609127135777,8.42877449605103,0.0645975645018941,-0.132369337701097,142.92431369176,1.09071367916262,-0.0861858610735311,0.0358530086960898,0.0228095781091995
51.2600084021688,-0.007171630859375,-0.438729330897331,-0.006500244140625,8.21772839309186,-0.0248927271914605,0.00567594532259827,0.352118938809831,9.1020468109659,0.0692003359919901,-0.143140584564983,144.581356550261,1.10205355644796,-0.0870770508028116,0.0420774714998899,0.0246954983508924
51.4400084316731,-0.00732421875,-0.438283666968346,-0.00689697265625,8.8620564789906,-0.0289619702507523,0.00522594327844508,0.411909775007679,9.78292628945789,0.0740142452673839,-0.153490083581337,146.17455011919,1.11286763781828,-0.0885218806577441,0.0488810844150846,0.0266032471029997
51.6200084611773,-0.007598876953125,-0.437580153346062,-0.007537841796875,9.51357884001462,-0.033449879017778,0.00569875196218225,0.473026224451186,10.4710887838333,0.0792744638604455,-0.16463297985075,147.70589669777,1.1226539247126,-0.0901418611200242,0.0562780749189536,0.0285319807336066
51.8000084906816,-0.007415771484375,-0.436982482671738,-0.007293701171875,10.1720145891079,-0.0383184585313947,0.0060680640059563,0.537982818144645,11.1662695395889,0.0846551033601601,-0.175560506254011,149.177402661463,1.13237783266523,-0.0907618004661046,0.0642820231532214,0.0304808743630803
51.9800085201859,-0.007843017578125,-0.436342149972916,-0.0072021484375,10.8370986838789,-0.0435211269643802,0.00665069888110545,0.60920867213757,11.8681919648268,0.0897048949490535,-0.186598876437392,150.591051703033,1.14155836661718,-0.0926268767522984,0.0729059447117234,0.0324491384141038
52.1600085496902,-0.007843017578125,-0.435710355639458,-0.007080078125,11.5085709916811,-0.0491137155398735,0.00715306038282387,0.684256591837628,12.576577486176,0.0950457345418396,-0.197749539464531,151.948613288588,1.15002858293852,-0.0935093013535564,0.0821622368206014,0.0344360015393492
52.3400085791945,-0.00799560546875,-0.434680715203285,-0.006439208984375,12.186179259272,-0.0554307286133383,0.0102137928862638,0.752876497969555,13.291175785677,0.10034946566152,-0.208476070278561,153.251981049923,1.15737108277379,-0.0946995758878444,0.0920626999224422,0.0364407142175584
52.5200086086988,-0.007843017578125,-0.434284567832947,-0.006317138671875,12.8696786924626,-0.0618668011126888,0.010375421294942,0.837684604636415,14.0117184722594,0.105422928936383,-0.220232458480327,154.502908567029,1.16537495496428,-0.0951330612094239,0.102618563272655,0.0384625519133069
52.7000086382031,-0.00799560546875,-0.433608338236809,-0.00689697265625,13.5588381196541,-0.0686694766832545,0.0106816392471862,0.928997792220555,14.7379800050829,0.110818431400466,-0.231623686443005,155.703167404255,1.17295907760109,-0.0959897204901523,0.113840578897382,0.0405008382095409
52.8800086677074,-0.0081787109375,-0.43304143846035,-0.006927490234375,14.2534287572342,-0.0759130692081378,0.0107304725252724,1.02432798311483,15.4697194373343,0.116360505717486,-0.242986291777319,156.854439486852,1.17981253209389,-0.0971420354012054,0.125738806546471,0.0425548743665676
53.0600086972117,-0.00823974609375,-0.432341352105141,-0.006439208984375,14.9532308268559,-0.0835220971190664,0.0112110787375483,1.12632336209064,16.2067047481108,0.121798090301472,-0.254502173659123,157.958291739934,1.18639567698608,-0.0985519372984101,0.138322910257826,0.0446240213814719
53.240008726716,-0.008392333984375,-0.431883722543716,-0.0067138671875,15.6580337401759,-0.0915942303875231,0.0084192847250269,1.2338530518293,16.9487160676727,0.12688443375529,-0.266524467694306,159.01645128719,1.19286753973317,-0.0987754202788196,0.151601953002457,0.0467076437564932
53.4200087562203,-0.00848388671875,-0.431417569518089,-0.007537841796875,16.3676278778144,-0.100020679150953,0.00870397112322596,1.34640591057323,17.6955518305217,0.132480499836359,-0.277779727196533,160.030384402121,1.19917026641041,-0.100173465494748,0.165584494164411,0.0488051256822043
53.6000087857246,-0.008636474609375,-0.430674776434898,-0.007476806640625,17.0818230525895,-0.10886811138485,0.00957430817195781,1.46490933745961,18.4469806965226,0.138091806263771,-0.290117281975324,161.00165953921,1.20419714351479,-0.101152466594129,0.180278655018757,0.050915887190561
53.7800088152289,-0.008575439453125,-0.430152237415314,-0.006561279296875,17.8004201075136,-0.118176418984734,0.0104640717586492,1.58962965311964,19.202831976958,0.143714757883525,-0.301867560025961,161.931790751204,1.20956544839881,-0.102103816160195,0.195692043902822,0.0530393564490551
53.9600088447332,-0.008941650390625,-0.429455563426018,-0.0062255859375,18.5232436968084,-0.127917643363527,0.010939252980757,1.7195035467191,19.9629062459186,0.148974466272994,-0.31366049752967,162.822191878942,1.21493642702469,-0.103413423781205,0.211831776690637,0.055174978833298
54.1400088742375,-0.00933837890625,-0.428849384188652,-0.006103515625,19.2501056762268,-0.138388312327754,0.0115281806774013,1.84723734835734,20.7270075559667,0.154510029848494,-0.325713959555328,163.6743299129,1.21921197025861,-0.103772039845168,0.228704613871356,0.0573222230074982
54.3200089037418,-0.009124755859375,-0.428191974759102,-0.006378173828125,19.9808393071922,-0.149146892080128,0.0124606545391889,1.98500902847862,21.4949598780774,0.160032028509383,-0.337966199229347,164.489544738603,1.22337025009835,-0.104135527936648,0.246316805888736,0.0594805783527946
54.5000089332461,-0.009307861328125,-0.42766946554184,-0.0064697265625,20.7152821868136,-0.160264467081706,0.012796145204198,2.13121419217619,22.2666023305146,0.165487911936281,-0.349854671557075,165.269243855768,1.22795896398783,-0.105158745637617,0.264674131512112,0.06164954019488
54.6800089627504,-0.009521484375,-0.427035942673683,-0.006622314453125,21.4532688690458,-0.171768386524098,0.0131442327821931,2.28412327108565,23.0417611887239,0.171050489951884,-0.361802329518335,166.014711318678,1.23143799204853,-0.106557566117132,0.283782213652578,0.0638286512387731
54.8600089922547,-0.009490966796875,-0.426453664898872,-0.0064697265625,22.1946488426008,-0.1836486841747,0.0135141809360284,2.44450765133844,23.820268754451,0.176563430076002,-0.374452704094251,166.727248415908,1.23464847122411,-0.107086094711832,0.303646123722597,0.066017444004791
55.040009021759,-0.009552001953125,-0.426189005374908,-0.006683349609375,22.9392770768942,-0.19608498059501,0.00596234180045271,2.61132681532311,24.601994180538,0.182115573734602,-0.386198983319329,167.408065898475,1.23916034909544,-0.108010067371481,0.324270581150866,0.0682154696512915
55.2200090512633,-0.009918212890625,-0.425453051924706,-0.006927490234375,23.6870129506559,-0.208899438302334,0.00782771527539688,2.78213356722913,25.3867631006803,0.187842938126733,-0.398511843241344,168.058504395813,1.24185772837438,-0.108979157747321,0.34565992042346,0.0704223154370416
55.4000090807676,-0.010040283203125,-0.425038114190102,-0.006500244140625,24.4377150018165,-0.222083943434276,0.00852879471320017,2.96084191288562,26.1744394412441,0.193471609118617,-0.411364578969806,168.679735791728,1.24496073721091,-0.10898429727181,0.367818259367692,0.0726375640945292
55.5800091102719,-0.010040283203125,-0.424308955669403,-0.00640869140625,25.191255688976,-0.235729409853129,0.00973942494880911,3.14459852349473,26.9649002724829,0.198930008793057,-0.42370281802353,169.272876302324,1.24752084703105,-0.110253861576894,0.390749303133086,0.0748608201378734
55.7600091397762,-0.010101318359375,-0.423875242471695,-0.006683349609375,25.9475068626492,-0.249488647472987,0.00992116335852397,3.34543282451736,27.7580014609042,0.204456690954977,-0.43625341401839,169.839156278048,1.24997899410121,-0.110088553356128,0.414456558279967,0.0770917144587384
55.9400091692805,-0.010345458984375,-0.423195645213127,-0.0064697265625,26.7063517057808,-0.263969820700714,0.0100880032111767,3.54314661301163,28.5536217283801,0.210261844047623,-0.448893184696706,170.379596767514,1.25233409527369,-0.112001167376661,0.438943126960539,0.0793298741014288
56.1200091987848,-0.01031494140625,-0.408553302288055,0.00830078125,27.4676187107737,-0.283299360712389,0.190628147174693,3.74608106872901,29.3514374916371,0.220525825877356,-0.461111871996517,170.895757197186,1.20789584754851,-0.112341087442658,0.464209638977911,0.0815747065324245
56.3000092282891,-0.0106201171875,-0.411638855934143,0.031097412109375,28.2311958529017,-0.295575502576445,0.105924680746615,3.954992676486,30.1518224571736,0.213919410789666,-0.473846544710192,171.387826110217,1.22746952502923,-0.112561449177335,0.490260007969284,0.0838261508824208
56.4800092577934,-0.010894775390625,-0.409690529108047,0,28.9971428064105,-0.310422524627116,0.0638415771208061,4.17041506827132,30.9543352084739,0.214104153402597,-0.486546705928419,171.857574438172,1.21713799579352,-0.113695966191827,0.517100970292922,0.0860840923418445
56.6600092872977,-0.010894775390625,-0.384886413812637,0.017730712890625,29.7650916493191,-0.335653131621211,0.314217048975431,4.38965436652943,31.7584568290899,0.226933324232683,-0.498942251854594,172.30617398687,1.15063985970146,-0.114614569290453,0.544724318177857,0.088347325802823
56.840009316802,-0.011077880859375,-0.390709221363068,0.037109375,30.5350704681537,-0.351832320925189,0.325429125816264,4.61592243473553,32.5647271605767,0.228361937657015,-0.511782035028935,172.73392430281,1.13103106708628,-0.115016447558652,0.573139701094553,0.0906164252929598
57.0200093463063,-0.011474609375,-0.352842152118683,0.081634521484375,31.3001360444917,-0.382298556162816,0.532769157570257,4.84658446935703,33.3612680153431,0.217940395933286,-0.524434567432525,173.143729556477,1.06218778582085,-0.114867992181196,0.602039709239438,0.0928638485087564
57.2000093758106,-0.012176513671875,-0.33295401930809,0.096221923828125,32.0659578907467,-0.457248055134693,0.872760684934637,5.09317463794679,34.1591265284336,0.209692715944482,-0.536808802723408,173.534826354176,0.989474422516834,-0.116440362100754,0.63171925669733,0.0951196534155884
57.3800094053149,-0.011688232421875,-0.333143562078476,0.07025146484375,32.8335800045645,-0.407995791251651,0.459976539931487,5.3604547939133,34.9711637520497,0.185128427366351,-0.549332123585076,173.907435258347,1.00809625612309,-0.11717942641004,0.662228098902555,0.0973874396471981
57.5600094348192,-0.011566162109375,-0.33101424574852,-0.0211181640625,33.6111565404911,-0.415706643082305,0.240206878633807,5.61606299190483,35.7846084925432,0.190630818437092,-0.562436693743626,174.262541841249,0.996965484236458,-0.117172024144267,0.693811590572993,0.0996771472304374
57.7400094643235,-0.012115478515625,-0.312601417303085,-0.0306396484375,34.3902867718986,-0.483361823547684,0.790844239861581,5.86490366118902,36.5871078897478,0.227373262471616,-0.574790644348795,174.602523038608,0.903779244779113,-0.120896387751223,0.726140501947964,0.101964049538303
57.9200094938278,-0.011871337890625,-0.297692537307739,0.090972900390625,35.1605127223601,-0.466078514820644,0.495078532641486,6.12558216125407,37.4036758048867,0.208731130722483,-0.58783622704826,174.928081551089,0.912981486460294,-0.118449737885065,0.75886886036332,0.104234772026987
58.1000095233321,-0.012176513671875,-0.302161276340485,0.05584716796875,35.9416849210464,-0.474185019628696,0.277872676986815,6.39697086450807,38.2216476049653,0.185963878186831,-0.600495311141932,175.238155910511,0.913730359064353,-0.120084349122436,0.792841250227897,0.106537072072406
58.2800095528364,-0.01324462890625,-0.297824025154114,-0.014739990234375,36.7254451964792,-0.490727521250967,0.146396997527611,6.67809481702006,39.0407783524708,0.188984067116459,-0.613989649630534,175.534967716841,0.905956623854353,-0.122808318456606,0.827615633619099,0.108843132682202
58.4600095823407,-0.01361083984375,-0.280447661876678,-0.02490234375,37.5105071241835,-0.559980691323046,0.874854678804095,6.9677661781559,39.8251282000386,0.223875046433951,-0.626760636975529,175.82020735173,0.802288588673884,-0.126138638126697,0.863134698998103,0.11113897746797
58.640009611845,-0.012420654296875,-0.261657357215881,0.104827880859375,38.2684505772113,-0.554416484938312,0.684421038869381,7.25143723644879,40.647162044911,0.203821492940495,-0.638667835833441,176.096716891301,0.806422442954743,-0.120937610351994,0.898079400544751,0.113365318525634
58.8200096413493,-0.01324462890625,-0.266751080751419,0.070892333984375,39.050774324153,-0.557209038916681,0.378307757859327,7.55050885242357,41.4700979206606,0.175092509101763,-0.651945256107663,176.358495554938,0.81143890443373,-0.123173747233494,0.93513654086966,0.115682240457112
59.0000096708536,-0.013580322265625,-0.261447310447693,-0.01409912109375,39.8398214326229,-0.573702097153294,0.197109459939853,7.85673147018301,42.2939364206825,0.176618628838154,-0.664462115661607,176.610073990239,0.799339404373237,-0.123750240904144,0.973096530612503,0.118001864371382
59.1800097003579,-0.013641357421875,-0.262502610683441,-0.042938232421875,40.6300087922347,-0.594033056109023,0.0907568976870832,8.18667324134042,43.1187145952658,0.196112908699538,-0.677439361839134,176.852234163869,0.802931892836678,-0.125160811115393,1.01186086897849,0.120324388482521
59.3600097298622,-0.013885498046875,-0.262188404798508,-0.01690673828125,41.4213475589694,-0.616039826289841,0.0398089426040664,8.51049645931313,43.9445076234816,0.207828028454225,-0.690384403561325,177.085788959273,0.803619726350882,-0.125617055702541,1.05143164526366,0.122649763981574
59.5400097593665,-0.01416015625,-0.261781990528107,0.0101318359375,42.213782839109,-0.638785537494755,0.0279009508854173,8.83785208021432,44.7713017964255,0.207683149947932,-0.703550321967869,177.31138923902,0.803667239722477,-0.126543735208493,1.09180888722256,0.124977852686914
59.7200097888708,-0.014373779296875,-0.2610904276371,0.01043701171875,43.007285305747,-0.662015876417355,0.0157722191626809,9.16558143134361,45.5990088029809,0.205007810182832,-0.716837137844658,177.529819479054,0.802895229600349,-0.126811985773891,1.13299371195312,0.127308536169914
59.9000098183751,-0.014495849609375,-0.260494470596313,-0.003387451171875,43.8018303891126,-0.68577460805072,0.0143709657784696,9.50289933339103,46.427577054767,0.207308779258886,-0.729349774285204,177.741717636235,0.801950157314945,-0.127981394706723,1.17498700996066,0.129641726775841
60.0800098478794,-0.0147705078125,-0.26060888171196,-0.010284423828125,44.5973826222509,-0.709861922938996,0.00909709171208309,9.84673075244596,47.256957288047,0.213188067422637,-0.742544231095241,177.947773999024,0.801952981677284,-0.129064982473345,1.21778903704189,0.131977322694781
60.2600098773837,-0.014801025390625,-0.259891718626022,-0.0069580078125,45.3939151176387,-0.734860033250196,0.00934911102762724,10.1727653870303,48.0871563001868,0.218636683260276,-0.755357189783135,178.148652472419,0.80359886728972,-0.129242899318129,1.26140091246844,0.134315239683336
60.440009906888,-0.015045166015625,-0.259835332632065,-0.002288818359375,46.1914094419118,-0.759918940124624,0.0104737682950058,10.5294498973311,48.9181414734475,0.221828526646713,-0.768811866756,178.344986291428,0.802998934560804,-0.129251680095095,1.30582330574065,0.136655412523088
60.6200099363923,-0.015228271484375,-0.259324789047241,-0.00115966796875,46.9898383168986,-0.785500325933731,0.0119030222201067,10.8912486661865,49.7498923544689,0.224142836282808,-0.781798118274612,178.537486913078,0.801104547018057,-0.130791757977711,1.35105678008796,0.138997750365394
60.8000099658966,-0.015472412109375,-0.259002059698105,-0.00311279296875,47.7891902807074,-0.811166899956361,0.0118955185235284,11.2599955841686,50.5823836780471,0.227279566318983,-0.794953715937083,178.726665569718,0.801750931964394,-0.130975578651082,1.3971024090702,0.141342197380065
60.9800099954009,-0.015533447265625,-0.29081267118454,-0.0465087890625,48.5892492651757,-0.870714817155285,-1.11686431046883,11.6355188651236,51.4149568028562,0.224034427860014,-0.807718144929801,178.912681643307,0.915558244668686,-0.132413339785941,1.44394641042092,0.143687760972938
61.1600100249052,-0.015594482421875,-0.286398589611053,-0.11859130859375,49.3899188980478,-0.87018440478956,-0.567493084127531,12.0295377622776,52.2486224649256,0.264927363516523,-0.82097109581904,179.097368424777,0.883215614958731,-0.133304718487338,1.49159391935603,0.146035193726415
61.3400100544095,-0.01568603515625,-0.289637863636017,-0.02911376953125,50.1919035050416,-0.892068858169597,-0.296074343193103,12.4163402140093,53.0831509742466,0.285838521110109,-0.833785611313484,179.280320590292,0.90339175637996,-0.132970154120592,1.54007996937401,0.148385612360749
61.5200100839138,-0.016448974609375,-0.316274404525757,-0.001556396484375,50.9946619765011,-0.979330123683472,-1.4822513691993,12.8162695738837,53.917851385188,0.268713995197323,-0.847245222356939,179.46191829782,1.01020947304836,-0.135227697997514,1.58937203219761,0.15073724444772
61.7000101134181,-0.016387939453125,-0.319366842508316,-0.099365234375,51.7978796239211,-0.956642099479891,-0.726511862500185,13.2172489307315,54.7535924846746,0.298441363159429,-0.860631387823243,179.643907778804,0.987400972925205,-0.136437834443107,1.63946273347458,0.153090261090484
61.8800101429224,-0.017059326171875,-0.319568365812302,-0.0447998046875,52.6024623339769,-0.976421545050941,-0.366579134538956,13.6269545938608,55.5901435626358,0.322500634167795,-0.873468652801748,179.825968522683,0.999355292110905,-0.13745987433844,1.69040221762453,0.155446424655851
62.0600101724267,-0.016937255859375,-0.321378380060196,0.00726318359375,53.4079944576776,-1.00386827804133,-0.163372428356648,14.0412719811687,56.4275124798286,0.324738059262037,-0.88676275303855,180.008822859611,1.00500373735405,-0.13775761477487,1.74216754328222,0.157804662890161
62.240010201931,-0.017303466796875,-0.320510923862457,0.020660400390625,54.2144132889541,-1.03308199233542,-0.0559786557749407,14.4637340140659,57.265610821638,0.318041645313894,-0.900045687009179,180.193157018668,1.00184361487528,-0.13816235428633,1.7947567100443,0.160164811624034
62.4200102314353,-0.017181396484375,-0.312189877033234,0.003692626953125,55.0217129001951,-1.05603984284147,-0.0132595032134738,14.7963346093371,58.1038153595093,0.333257727275791,-0.913002861191817,180.379792939061,0.912855729907838,-0.138908423520782,1.84816989257455,0.162526671258249
62.6000102609396,-0.01776123046875,-0.274325966835022,0.12603759765625,55.8211965746055,-1.13477081495302,1.2965889116597,15.3274490560997,58.9309743851137,0.307998803052468,-0.926516371006713,180.568342343869,0.866653911370228,-0.139385578553259,1.90174299778042,0.164858260296392
62.7800102904439,-0.018096923828125,-0.283910632133484,0.09228515625,56.6266219541753,-1.13444521243173,0.718483385645179,15.767342894242,59.7712865518611,0.274209513415538,-0.939095221929794,180.759594999536,0.883931468577259,-0.140452612151719,1.95663970294014,0.167220651828474
62.9600103199482,-0.018890380859375,-0.276412606239319,-0.009429931640625,57.436648703512,-1.15627714867918,0.368379018897492,16.2214463061226,60.6121514135279,0.273320054925218,-0.952689081233586,180.954575746205,0.864803189809106,-0.14276049793785,2.01253575201658,0.169588652111996
63.1400103494525,-0.018646240234375,-0.277908474206924,-0.046356201171875,58.2476118207325,-1.18660277325199,0.168971449162637,16.6432484967109,61.4536446683811,0.294555670294255,-0.965687236993801,181.153379998083,0.870477167608451,-0.143084091861425,2.06926779275413,0.171958702647162
63.3200103789568,-0.019073486328125,-0.278314858675003,-0.022308349609375,59.0595373713544,-1.21762609524288,0.0788026130836723,17.1059992314518,62.2959178972843,0.309003630885253,-0.979078818255207,181.356687378613,0.871757324543323,-0.144617957107478,2.12683969664651,0.1743308184975
63.5000104084611,-0.019683837890625,-0.27782991528511,0.008453369140625,59.8724421011864,-1.24982522649607,0.0524313446421707,17.5728907442381,63.139026745094,0.310049734222052,-0.992193841379326,181.564934162651,0.874099135402983,-0.145491639074756,2.18525436590163,0.176705079064994
63.6800104379654,-0.055084228515625,-0.277360320091248,0.010589599609375,60.6869484515578,-1.22956593951954,0.0502371531030652,19.2590001494552,63.9814303476071,0.307083173252065,-1.12385029786627,181.779582282048,0.871199777612181,-0.229031356037922,2.24456497039183,0.179083196595634
63.8600104674697,-0.005828857421875,-0.276301622390747,0,61.5014993410899,-1.33526891549136,0.0441612370745565,18.0548508694822,64.8291043234925,0.308394690397508,-0.929154358117227,181.999083624558,0.871269021583162,-0.132232864691098,2.30464032323033,0.181460360269672
64.040010496974,-0.05731201171875,-0.276409178972244,-0.00994873046875,62.3175273703251,-1.34074949900379,0.0362053207915064,19.0151069474464,65.6726523595095,0.314055917923243,-1.08294525918131,182.22507392811,0.872468023926568,-0.290426171791268,2.36561193086515,0.183841773581824
64.2200105264783,-0.02911376953125,-0.276248693466187,-0.009368896484375,63.1346861341167,-1.37394607446929,0.0294844567395108,19.3689938299509,66.5198953185983,0.320161844835063,-1.02200615281158,182.458385771424,0.872883083862489,-0.14321454262101,2.42744078816077,0.186225175655551
64.4000105559826,-0.063446044921875,-0.276057451963425,-0.004058837890625,63.9526911628684,-1.41637894362622,0.0312941032110698,19.892962106778,67.3670318046485,0.324501337762207,-1.07179671676281,182.698598283707,0.873917763537577,-0.326415273862906,2.49011569649515,0.188610843253017
64.5800105854869,-0.041656494140625,-0.27586105465889,-0.001434326171875,64.7722981548538,-1.43907228364935,0.0338369726987924,20.314929041573,68.2153208652682,0.327295609060256,-1.05910690398715,182.94721230714,0.874298075660356,-0.167620170659156,2.55369030724616,0.190999882000763
64.7600106149912,-0.067291259765625,-0.275441020727158,-0.002777099609375,65.5926041550306,-1.48462624634394,0.0346387100944021,20.9058283127715,69.0645690215379,0.330419132458159,-1.09505650566763,183.203736639248,0.874740868630536,-0.335305165459097,2.61810247253894,0.19339064055085
64.9400106444955,-0.05242919921875,-0.275321453809738,-0.004669189453125,66.4146439726831,-1.5097224163017,0.0346608769186127,21.2578176271306,69.9148420453337,0.334318052420971,-1.08504044804696,183.469540648272,0.874936897575438,-0.198571162784233,2.68343069990193,0.195785202409384
65.1200106739998,-0.065948486328125,-0.275072157382965,-0.005401611328125,67.2374430390527,-1.5566530313248,0.034295081060607,21.9385692675141,70.766039035825,0.338533470264533,-1.12180518353629,183.744175606486,0.875576233177358,-0.331570427448519,2.74960525793707,0.198181567381739
65.3000107035041,-0.053192138671875,-0.274937272071838,-0.004669189453125,68.0620369473008,-1.58095098746097,0.0363743296066196,22.3361691644766,71.6184715031656,0.342605208405779,-1.11161262510513,184.028949421786,0.877080870173574,-0.206113213048788,2.81670767682492,0.200581971133472
65.4800107330084,-0.07196044921875,-0.27478015422821,-0.0040283203125,68.8875553459181,-1.62673432730311,0.0373153984507714,22.9853898417845,72.4718966704488,0.346447759399721,-1.14696712272115,184.319767343928,0.87786093484239,-0.342811005218785,2.88467195774868,0.202984523574508
65.6600107625127,-0.052764892578125,-0.274520605802536,-0.003570556640625,69.7148443778376,-1.65520308223508,0.0381308635649429,23.425355336534,73.3265707729691,0.350091031223828,-1.13853433469207,184.615874238838,0.87875274233512,-0.206988446349726,2.95357057603757,0.20539114852777
65.840010792017,-0.07293701171875,-0.274462550878525,-0.004241943359375,70.5431917298007,-1.7031706275665,0.0282567123878356,24.0320175704593,74.1823054875311,0.353870554884985,-1.17369425376853,184.916373255716,0.879480844935772,-0.346167176924787,3.02334542002286,0.207800210784133
66.0200108215213,-0.053375244140625,-0.274136394262314,-0.004669189453125,71.3733413482119,-1.73243759982054,0.0333536409119486,24.4822099396027,75.0393127654151,0.357925770825308,-1.16546502204161,185.222421436763,0.880573680781903,-0.209884084581859,3.09406355699913,0.210213334666001
66.2000108510256,-0.073455810546875,-0.27413809299469,-0.004486083984375,72.2045676961587,-1.78018126668889,0.0331937149746333,25.1598185855937,75.8974381679219,0.361939122569011,-1.20068089936275,185.533158379024,0.881552113804103,-0.348847160104562,3.16566795983067,0.212629056510972
66.3800108805299,-0.053924560546875,-0.274226903915405,-0.00421142578125,73.037682635558,-1.81059004193017,0.0331702186865885,25.5930291548264,76.7568727869753,0.365915979376609,-1.19262278528053,185.849632144827,0.883026841323695,-0.212208879973183,3.23822668267977,0.215048970384906
66.5600109100342,-0.025726318359375,-0.273584842681885,-0.004302978515625,73.8718343259776,-1.85906493876548,0.033691333981679,26.3825058070024,77.6172122607455,0.369764867835024,-1.19719640571196,186.1712155559,0.884130366354714,-0.0665875647045553,3.31167080996971,0.217471105565823
66.7400109395385,0.0433349609375,-0.274648696184158,-0.00372314453125,74.7062509431876,-1.97014030016779,0.0332969751839556,27.1111615449359,78.479951889526,0.373867241708544,-1.00817885184329,186.49719668247,0.880408487101669,-0.161776218170282,3.38591823165136,0.219892446243684
66.9200109690428,-0.126190185546875,-0.273759037256241,-0.004364013671875,75.54291221935,-1.91120048375028,0.0336711249612223,27.0521119457185,79.3383491044974,0.377662177091027,-1.33406355864217,186.829028608934,0.888022024079084,-0.430561297762914,3.46119429563881,0.222321394461061
67.1000109985471,-0.062652587890625,-0.273656576871872,-0.004547119140625,76.3816478618531,-1.97129538208042,0.0334047351558019,28.2202940840344,80.2041936687335,0.381585027090892,-1.24156862151213,187.167568707997,0.886699660588558,-0.308844714656587,3.5374370237748,0.224753542635681
67.2800110280514,-0.08697509765625,-0.273709505796433,-0.0045166015625,77.2223160941626,-2.01566839363352,0.0345576963499903,28.3944451231265,81.0699423790475,0.38552778427587,-1.27165857556967,187.51145029991,0.888714286205089,-0.366424303328841,3.6146693711373,0.227191342965224
67.4600110575557,-0.07958984375,-0.273798286914825,-0.0048828125,78.064797337778,-2.05085598239284,0.0339894760182364,29.2760739703434,81.9370059292856,0.389584605729025,-1.29233627124727,187.861418610502,0.890704993156024,-0.346518928052632,3.69286250508173,0.229632731920928
67.64001108706,-0.081634521484375,-0.273279190063477,-0.004730224609375,78.9088795143199,-2.09589253889569,0.0346421385702029,29.8250526855278,82.8057675743187,0.393640073316908,-1.29845742815676,188.217226526517,0.891578836579556,-0.354169992436546,3.77201549347616,0.232077998178326
67.8200111165643,-0.083038330078125,-0.273357748985291,-0.004486083984375,79.7547241604497,-2.13754058519619,0.0345154905722618,30.4740677749389,83.6757243215597,0.397604653817086,-1.31764170474992,188.579087375174,0.891671732086555,-0.360012034625569,3.85214002377029,0.234527293866223
68.0000111460686,-0.084686279296875,-0.273282617330551,-0.00433349609375,80.6023024902724,-2.1783017440421,0.0413668025008781,31.1467965277157,84.5472687909825,0.401609509083424,-1.32799412703259,188.947050997809,0.894587818068264,-0.364778196272098,3.93324036369528,0.2369805870256
68.1800111755729,-0.084930419921875,-0.273248463869095,-0.004180908203125,81.4516554031502,-2.22200898563661,0.0419922764186234,31.7914684360436,85.4202068882136,0.405437280054452,-1.34233479812336,189.321239029626,0.896948098844996,-0.366220112908366,4.01532178025899,0.239437960092073
68.3600112050772,-0.085174560546875,-0.272789120674133,-0.00433349609375,82.3028025275379,-2.26850048560475,0.0499168049895096,32.3889281102258,86.2946332898158,0.409252663537762,-1.35629803157905,189.701691957204,0.897949149555887,-0.367817617304773,4.09839096046209,0.241899493579893
68.5400112345815,-0.08551025390625,-0.272729337215424,-0.003875732421875,83.1557823131779,-2.31312946580346,0.0529491517635057,33.0500350110785,87.1705877036313,0.413052560699,-1.36972018603892,190.088488554999,0.899021725273662,-0.369817565913472,4.1824554954801,0.244365248388594
68.7200112640858,-0.08563232421875,-0.272430539131165,-0.003753662109375,84.0106301616581,-2.35823541429194,0.0531750488525797,33.7213989734027,88.0480719771347,0.41676784279244,-1.38358637685877,190.481688760139,0.899793166804364,-0.37123589743441,4.26752236884711,0.246835279615484
68.9000112935901,-0.08599853515625,-0.271948963403702,-0.003692626953125,84.8673646127416,-2.40438875425812,0.0489629184020041,34.4087988753624,88.9271267458767,0.420407905193596,-1.39731886994826,190.881426541441,0.899743435123165,-0.374365570607836,4.3535978935722,0.249309749318339
69.0800113230944,-0.08642578125,-0.271697968244553,-0.0042724609375,85.7260205364325,-2.45022439015567,0.0494445729172929,35.0988664224689,89.8077749649833,0.424083852107996,-1.41116715447694,191.287716747416,0.900980981234666,-0.376539891087496,4.44068939909875,0.251788612117006
69.2600113525987,-0.08721923828125,-0.271752595901489,-0.004364013671875,86.5866453007985,-2.49757072490949,0.0508992866743803,35.7683129046336,90.6900492526345,0.428262762862204,-1.42501205529321,191.700681135044,0.902112665465601,-0.378600620238473,4.52880482273538,0.254272029047914
69.440011382103,-0.087127685546875,-0.271382063627243,-0.004058837890625,87.4492553666571,-2.54486770343119,0.0592225710697618,36.4583290188991,91.5739684617855,0.432188992333858,-1.43922532641066,192.120330190227,0.903114787909389,-0.378976093128614,4.61795251700913,0.256760066937668
69.6200114116073,-0.08740234375,-0.271189123392105,-0.00408935546875,88.3139018581018,-2.59242026876827,0.0600568405407858,37.1779608547417,92.4595797231095,0.436058220739666,-1.45289074402056,192.546782511492,0.904379842911372,-0.381215254592178,4.70813869321431,0.259252801678095
69.8000114411116,-0.088104248046875,-0.271026909351349,-0.0042724609375,89.18060678802,-2.64009520980793,0.0582614490123413,37.9237771260723,93.3468933868503,0.440135956535684,-1.46663427137973,192.980091396293,0.906398896086237,-0.383289546251966,4.79937203494903,0.26175030612506
69.9800114706159,-0.049163818359375,-0.272809594869614,-0.0052490234375,90.0492705070307,-2.68850189025251,0.0577049775495192,38.658936673667,94.2434767385275,0.444750486423026,-0.980353982927895,193.41999896825,0.905470174899462,-0.205747560498438,4.89165325863927,0.264252996452871
70.1600115001202,-0.131195068359375,-0.270851016044617,-0.0042724609375,90.9203651229775,-2.72803565203539,0.0570678459385284,39.0131971208689,95.1243929321827,0.448681141226371,-1.64957424909395,193.866116395209,0.912504988476643,-0.489481852675439,4.98499352836974,0.266760173311692
70.3400115296245,-0.067138671875,-0.271255701780319,-0.00396728515625,91.7932134496534,-2.77762550422379,0.0595516468264425,40.7643547917503,96.019442855345,0.452614389244177,-1.48853584777328,194.32100116251,0.911722013049006,-0.332070063673186,5.07940579784874,0.269272067844749
70.5200115591288,-0.097564697265625,-0.271148145198822,-0.004364013671875,92.6683467124434,-2.84713479036732,0.0607342744656176,40.5418380851268,96.9139369723828,0.45675228887287,-1.51096895429627,194.782001737898,0.915629688426365,-0.417478750446946,5.17489602471087,0.271789499752638
70.7000115886331,-0.088653564453125,-0.271298408508301,-0.0052490234375,93.5459518468632,-2.88362787084266,0.0603617636593471,41.7682510932184,97.8097651913954,0.461284210380824,-1.54811838122491,195.250608671103,0.917625457817403,-0.387360580688764,5.27149085584055,0.274312092707148
70.8800116181374,-0.089935302734375,-0.271353036165237,-0.0052490234375,94.4256958617716,-2.94258528702896,0.0494370323443277,42.3889159954883,98.70822005908,0.465729823071248,-1.54571770130343,195.726331966982,0.920791453481747,-0.397742068185764,5.36917269067038,0.276839889003596
71.0600116476417,-0.09149169921875,-0.271609157323837,-0.005706787109375,95.3078221169692,-2.99231102430377,0.0196787397333537,43.1917253976821,99.6081857563478,0.470227427515674,-1.56696989941857,196.209309487164,0.923251397068371,-0.400141110452367,5.46796607208008,0.2793730903372
71.240011677146,-0.09100341796875,-0.271643310785294,-0.005523681640625,96.1922606378301,-3.04504754756965,0.039129822956205,44.0041482073128,100.510238595407,0.474860586114624,-1.57914677109129,196.699711208502,0.925796504320221,-0.401069640529812,5.5678735539484,0.281911741034517
71.4200117066503,-0.091888427734375,-0.271785050630569,-0.005126953125,97.0790952267925,-3.09612713231567,0.0336664430854469,44.8321562498165,101.414242768098,0.479316223016127,-1.59346055198789,197.197462413487,0.928658478525955,-0.404547212262187,5.66890456351295,0.284455879562914
71.6000117361546,-0.092071533203125,-0.27194556593895,-0.005279541015625,97.968339602039,-3.14933519998797,0.0338515156724607,45.6467434835518,102.320256916073,0.483746490049315,-1.60803995642326,197.702716112787,0.931310395961051,-0.406592426518912,5.77106991516221,0.287005682733947
71.7800117656589,-0.092620849609375,-0.272008776664734,-0.005584716796875,98.8600587581895,-3.2015728802899,0.0371929057515156,46.4970697786654,103.228325927961,0.488373136655627,-1.62202370757542,198.215449151114,0.934201396004334,-0.409428792163439,5.87437949882109,0.289561181832041
71.9600117951632,-0.093109130859375,-0.272182941436768,-0.005615234375,99.7542817896115,-3.25605233737792,0.0378652838450175,47.3245769755931,104.138464034846,0.493056646956481,-1.63644559118778,198.735792429225,0.937437039719027,-0.411479486728922,5.97884205325404,0.292122526870984
72.1400118246675,-0.08135986328125,-0.273875147104263,0.053253173828125,100.65106475996,-3.30870137118946,0.031463995754522,48.3779880092048,105.050283671221,0.509622011574278,-1.68202334077601,199.263915031656,0.94729526243768,-0.346335137731728,6.08447361106584,0.294689867148565
72.3200118541718,-0.147735595703125,-0.282356709241867,0.26202392578125,101.550764117691,-3.37274985038766,0.0969225141349894,49.236312638989,105.965704241261,0.554945530618569,-1.69711168581026,199.799678862461,0.975994958511902,-0.455286387781754,6.19131781326945,0.297264226510004
72.5000118836761,-0.073272705078125,-0.271262526512146,0.178741455078125,102.453257475457,-3.48777637825547,0.187186253630795,49.2997530567032,106.884939431027,0.461706275484002,-1.56216532291067,200.343331995367,0.950500750224264,-0.435618147369155,6.2993713228808,0.299845100101487
72.6800119131804,-0.107757568359375,-0.278284132480621,-0.0374755859375,103.358240627167,-3.46118813648296,0.171138309273706,50.5776097604651,107.800894997752,0.473879356354477,-1.74579643640021,200.894635631714,0.9666672752627,-0.436312010373243,6.40858433502942,0.302431287801044
72.8600119426847,-0.08770751953125,-0.279404312372208,-0.115325927734375,104.265331659451,-3.54343890959104,-0.0272351543682565,51.664889220276,108.722663030799,0.522937039596749,-1.69400729942609,201.453640855229,0.973650170284154,-0.410763178378573,6.51893994313125,0.305022246156593
73.040011972189,-0.098968505859375,-0.28376379609108,-0.059417724609375,105.175381359243,-3.59781169174022,-0.0656882700427879,52.321663105174,109.645556505113,0.557164160633353,-1.72387724441003,202.020450218097,0.993066923079838,-0.435305396151279,6.63054049401178,0.30762041437573
73.2200120016932,-0.095367431640625,-0.284214586019516,0.009429931640625,106.088192108669,-3.6547154706427,-0.00531112976651116,53.3831949843632,110.571081542635,0.559997772760844,-1.73917994413484,202.595367090133,0.998848667580685,-0.426916882057583,6.74336271100056,0.310224775380757
73.4000120311975,-0.096710205078125,-0.282872408628464,0.030517578125,107.00381594426,-3.71844641705363,0.0737389643770081,54.1793453053045,111.499083457996,0.549776884533008,-1.75095767656929,203.178322631793,0.996042649509834,-0.433959205937413,6.85742272338617,0.312835735586111
73.5800120607018,-0.097625732421875,-0.281339019536972,0.011871337890625,107.922311684661,-3.77712009803131,0.0780435817989804,55.1040015180772,112.42934139219,0.545470321200963,-1.7673171470696,203.769320915212,0.993290338156463,-0.436373853460537,6.97273041270441,0.315453308904045
73.7600120902061,-0.09771728515625,-0.281579792499542,-0.01153564453125,108.843681101413,-3.83677244312682,0.0317389621718524,56.0604435581639,113.361995901336,0.551387663173925,-1.78104936795045,204.368426204024,0.999217541928839,-0.438967016962039,7.08929809174851,0.318077588317817
73.9400121197104,-0.098419189453125,-0.282647013664246,-0.01849365234375,109.768023105597,-3.89733307693691,0,57.0066637915515,114.297048154048,0.561794970820301,-1.79604928529496,204.975682268119,1.00332824768274,-0.442652506027741,7.20713773758805,0.320708701679265
74.1200121492147,-0.098724365234375,-0.283943086862564,-0.01177978515625,110.695350103806,-3.9588431451147,0.0466058599354472,57.9151226447543,115.234584475222,0.57033972517463,-1.81073089202324,205.591128841871,1.01249640060491,-0.445525332053279,7.32626233091831,0.3233467355743
74.300012178719,-0.099395751953125,-0.28343591094017,-0.003173828125,111.625698290345,-4.02115732007502,0.0415448803352754,58.8716424192789,116.174646803096,0.574925328483917,-1.82543347853978,206.214929024368,1.01388493500526,-0.448490127145917,7.44668141759174,0.325991755145354
74.4800122082233,-0.099578857421875,-0.283234417438507,0,112.559138283703,-4.08310178605409,0.0545397288487522,59.8335060884115,117.117265501757,0.577738619702439,-1.84031791739236,206.847040247745,1.01634585623451,-0.451728357467331,7.56840881738326,0.328643948000638
74.6600122377276,-0.100128173828125,-0.28405237197876,-0.003631591796875,113.495698231061,-4.14677188943996,0.0471758788512083,60.8053378977888,118.062451666816,0.581736568851588,-1.85527384199789,207.487565949543,1.01305565424147,-0.428636591003553,7.69145827666299,0.331303323794667
74.8400122672319,-0.092803955078125,-0.284438252449036,-0.007354736328125,114.435743633015,-4.18452477591162,0.0351614054459909,62.4816830081781,119.010388588094,0.587512524311491,-1.86528438362802,208.137042719251,1.02486539749209,-0.426728792840876,7.81588666996761,0.333970602354312
75.0200122967362,-0.10540771484375,-0.284479260444641,-0.008270263671875,115.37849887527,-4.29115631699207,0.0274127351358285,62.4021969222128,119.961067898242,0.593639134575972,-1.86612970836794,208.79402346407,1.03041143217444,-0.47962069256927,7.94158724284307,0.336644255851405
75.2000123262405,-0.1019287109375,-0.285003483295441,-0.007232666015625,116.324696877133,-4.3353094640721,0.0278600537764105,63.9105386794829,120.913626634147,0.599611311129557,-1.91293097171933,209.460050154781,1.03479552047415,-0.460355025533815,8.06867525539081,0.339325893575643
75.3800123557448,-0.101409912109375,-0.285283535718918,-0.006072998046875,117.274144886816,-4.40980697061019,0.0315070042128263,64.8145132241097,121.869769593962,0.604791930566341,-1.9095250462225,210.13450931274,1.03928035471672,-0.467508572399154,8.19713131467983,0.342014989175076
75.5600123852491,-0.103607177734375,-0.285503804683685,-0.00567626953125,118.226996075025,-4.47180719058948,0.022742216162304,65.843566310299,122.828259182786,0.609899406301681,-1.93159168832021,210.817610472196,1.04416043498118,-0.473038320066848,8.32697755133092,0.344711989238445
75.7400124147534,-0.103363037109375,-0.285761654376984,-0.00628662109375,119.183215394283,-4.5395099242808,0.0225951299922376,66.9201836241182,123.789674306992,0.615253650091257,-1.94514890968563,211.509471060647,1.04812336434635,-0.474380625913881,8.45822190559372,0.347416748852523
75.9200124442577,-0.104278564453125,-0.285973370075226,-0.006561279296875,120.14288586106,-4.6075510464816,0.0305741139641996,67.9631376992346,124.753895958587,0.620760315970078,-1.96019154067189,212.209986690538,1.0524622768543,-0.479281929677171,8.59087996997822,0.350129478015055
76.100012473762,-0.104644775390625,-0.286518126726151,-0.006683349609375,121.106038196731,-4.67597924238521,0.0310523427333876,69.0330960539719,125.720968236663,0.626345356535278,-1.97571010441764,212.919387058099,1.05777859101244,-0.481600785637696,8.72496690177369,0.352850165545804
76.2800125032663,-0.105316162109375,-0.286883533000946,-0.0069580078125,122.072725417169,-4.74910611781853,0.0229327514129207,70.0274276338539,126.690942037071,0.631977559034736,-1.99073772041073,213.637565565744,1.06323602941002,-0.486156180225194,8.86049373660001,0.355579014043501
76.4600125327706,-0.13909912109375,-0.287098675966263,-0.006622314453125,123.043048503224,-4.81830660603426,0.00955833832749042,70.7957361522884,127.663943758748,0.637740167677599,-2.01538495263587,214.364396622706,1.06349352927837,-0.610830131761617,8.9974800006008,0.358316183390478
76.6400125622749,-0.093292236328125,-0.287663906812668,-0.0064697265625,124.017055780075,-4.88111524152213,0.0104751316613134,72.659293280826,128.639773553612,0.643344087364493,-2.01694659340255,215.101029126007,1.0725409047036,-0.44958028031094,9.1359494014842,0.36106158637093
76.8200125917792,-0.1104736328125,-0.255299985408783,0.03741455078125,124.994391557097,-5.18225633863538,6.27249274619632,73.1815050322941,129.617957335656,0.662417038053539,-2.03024648913053,215.846454794231,0.887579961817001,-0.510773756168106,9.27584685347445,0.363814592989901
77.0000126212835,-0.107421875,-0.212785989046097,0.34747314453125,125.974957742211,-5.07909778313695,3.2365607508343,74.5809080173232,130.599892887409,0.540028214137871,-2.05751694063307,216.600361122831,0.800684312830255,-0.497091875880685,9.41717569635836,0.366574864158718
77.1800126507878,-0.108489990234375,-0.198804140090942,0.261566162109375,126.959729521236,-5.11814664539205,1.99990188782527,75.6535855153888,131.585459533985,0.426258037987057,-2.06507403120015,217.363569718449,0.736977359576247,-0.506533946149844,9.5600948053947,0.369345324219858
77.3600126802921,-0.10980224609375,-0.183958202600479,0.070953369140625,127.948632206309,-5.17802109222835,1.03618657470228,76.7604638504899,132.573760807033,0.383977098868445,-2.08362362080662,218.13604053307,0.69201796200685,-0.510326403073122,9.70458002056659,0.372125131594357
77.5400127097964,-0.109527587890625,-0.173663020133972,-0.048919677734375,128.941432025189,-5.39262087064931,5.50694818583176,77.9988007471158,133.564028943806,0.433827658598464,-2.09894770928312,218.917950692894,0.522246867075466,-0.511797345612834,9.85060674402465,0.374913389688033
77.7200127393007,-0.110382080078125,-0.0886030197143555,0.328094482421875,129.936850249994,-5.45405487179137,5.40272755431155,79.1182662852401,134.557700960019,0.337056282302481,-2.1145897261963,219.707911491728,0.330949105767372,-0.516189094910871,9.99798836240131,0.377706800011809
77.900012768805,-0.11151123046875,-0.0750853419303894,0.42706298828125,130.936682745651,-5.42803001877989,3.35571085594295,80.3226900148638,135.55559577233,0.170549364551707,-2.12979955344022,220.507569576005,0.268338020721004,-0.522140773500553,10.1470559368756,0.380511888190451
78.0800127983093,-0.11175537109375,-0.0447627305984497,0.207305908203125,131.941298607828,-5.47581298295569,1.86363572145501,81.5311950168455,136.556792793284,0.0615298123609965,-2.14558759883433,221.3169851599,0.162922562200223,-0.525538508446118,10.2978103631964,0.383327655827072
78.2600128278136,-0.11273193359375,-0.0420202612876892,-0.002197265625,132.950188779953,-5.54745975306754,0.96665790784008,82.6508382698923,137.561255149225,0.0534974231112395,-2.16202985051721,222.135835149621,0.153277557914747,-0.531669805860275,10.4502051803889,0.386153053806824
78.4400128573179,-0.113311767578125,-0.0458163619041443,-0.097198486328125,133.963213131036,-5.62505519371294,0.354903113658825,83.8855332725391,138.569009948561,0.0912805273967202,-2.17707462955374,222.964112044709,0.215065973841306,-0.535751171398445,10.6042254572917,0.388987866140178
78.6200128868222,-0.134857177734375,-0.123605966567993,-0.272186279296875,134.980039991816,-5.79325754161813,-5.01353333432237,85.1519170701307,139.575160758012,0.168633986951613,-2.47553401806825,223.800970529148,0.512702469883874,-0.662590791639445,10.7598240231139,0.391830427539005
78.8000129163265,-0.095916748046875,-0.155743360519409,-0.497222900390625,136.001270243363,-5.77928261354145,-3.13019132364023,86.8456324769994,140.594498101888,0.370314771334549,-2.12113051781309,224.648630410741,0.601216074698438,-0.492920910491179,10.9171273194565,0.394683213829263
78.9800129458308,-0.126678466796875,-0.177798867225647,-0.230072021484375,137.026514529028,-5.87659914020499,-1.77078607843615,87.053344378627,141.610782951581,0.491225987874093,-2.2360366553796,225.504550653922,0.70412382767749,-0.584786114216328,11.0760661158562,0.397546219847785
79.1600129753351,-0.111785888671875,-0.187928408384323,-0.00799560546875,138.056644035418,-5.94444192351305,-0.757316396179725,89.1950459241299,142.632323535936,0.509837070039974,-2.24789489324778,226.371303311748,0.736237671128981,-0.538430940105684,11.2367825998775,0.400419702797497
79.3400130048394,-0.1175537109375,-0.188124775886536,0.089752197265625,139.091105385621,-6.07129477568197,-3.2583131722072,90.0930658176405,143.657599490092,0.455297959831169,-2.25111247190249,227.247145567274,0.822103450899757,-0.563150384912106,11.3992010266098,0.403302963723062
79.5200130343437,-0.117462158203125,-0.236793100833893,-0.164215087890625,140.129664048116,-6.13430515963779,-2.91625598055123,91.5467662936958,144.685768094961,0.502726722052754,-2.2766470001893,228.132428594025,0.938837255165722,-0.563873581446572,11.5632980939162,0.406195316559601
79.700013063848,-0.11767578125,-0.24868306517601,-0.28369140625,141.172899829738,-6.19970162800948,-1.87180077369288,92.8568075317351,145.717747579691,0.616628607034058,-2.28866415413383,229.027883995107,0.995921415459792,-0.570945553123849,11.7291842658024,0.409098612364804
79.8800130933523,-0.11871337890625,-0.271682590246201,-0.181793212890625,142.220943708206,-6.2815326083804,-1.09011359574439,94.1763782227377,146.753418063225,0.711659100067719,-2.30557145489261,229.933227719224,1.08677440015772,-0.574337309923834,11.8968757498213,0.412012697868917
80.0600131228566,-0.119476318359375,-0.239586740732193,0.004791259765625,143.27350535463,-6.62825653001651,7.65452785908602,95.4634501215936,147.79207796208,0.759586130405859,-2.32250203395299,230.849553703194,0.869440910492296,-0.577623784064059,12.0663265394598,0.414936349468136
80.2400131523609,-0.1202392578125,-0.176075905561447,0.51019287109375,144.329939854865,-6.51691618452637,4.11716943518132,96.8315768863988,148.835978699997,0.570573960783046,-2.3392628478468,231.774847539217,0.706767807755776,-0.582324143656024,12.2374694428999,0.417868882262718
80.4200131818652,-0.121429443359375,-0.1423299908638,0.471038818359375,145.391664304783,-6.55743371327367,2.87888277935213,98.2847309824538,149.88395021447,0.359390143346682,-2.35450451531757,232.710608613818,0.555499186707451,-0.589058649279394,12.4105413644358,0.420813816805795
80.6000132113695,-0.122222900390625,-0.111896753311157,0.2208251953125,146.458616773397,-6.62507427500962,1.66702102706793,99.7404510229545,150.935461319056,0.235353329588245,-2.37138492466377,233.656417582492,0.500741959910369,-0.596912197727264,12.5855294993069,0.423770427144155
80.7800132408738,-0.122344970703125,-0.168697327375412,-0.200469970703125,147.530252293525,-6.73693158520162,-3.11496186521984,101.111532126912,151.990042066192,0.281550738391819,-2.38832525491446,234.611492696132,0.69838177779511,-0.601690822855815,12.7623460348492,0.426737096164131
80.9600132703781,-0.123626708984375,-0.197822272777557,-0.48388671875,148.606719097731,-6.80445846718137,-2.27273461038958,102.468742716115,153.04847819949,0.481776493219008,-2.40544685821526,235.576816695072,0.813726024840719,-0.610832983682684,12.9410513153368,0.429714966701851
81.1400132998824,-0.124114990234375,-0.234663724899292,-0.33355712890625,149.688402768478,-6.89395638705573,-1.53019678316484,103.951074710313,154.110913239761,0.654028215775695,-2.42104582031615,236.552376039199,0.968576822512158,-0.614632513683645,13.1217099484644,0.432704510364349
81.3200133293867,-0.124725341796875,-0.249376356601715,-0.11083984375,150.775282702562,-6.98784238320833,-0.804725787734384,105.405176131025,155.177708474049,0.723326877406107,-2.43822882981037,237.538603149195,1.0265529248219,-0.617385604360692,13.3043170148427,0.435705599920622
81.500013358891,-0.125946044921875,-0.247165024280548,0.059539794921875,151.867275653925,-7.08148962848811,-0.196702198293657,106.877776673475,156.248942225967,0.707108641511692,-2.45524736958541,238.535449180592,1.02312463816283,-0.623030326908591,13.488887818403,0.438718040866699
81.6800133883953,-0.1263427734375,-0.239634543657303,0.09979248046875,152.964415540324,-7.17975695712075,0.112651022413806,108.350639941846,157.324390505627,0.662869514004746,-2.47222708313392,239.542715785481,0.994992363600798,-0.628222139971271,13.6754279005149,0.441742004779114
81.8600134178996,-0.427215576171875,-0.237033873796463,0.058197021484375,154.067638933772,-7.16118535255528,0.192904456341426,104.816042335861,158.399256681827,0.638895521925055,-3.05115480071482,240.550776364815,0.997308678510145,-2.34374718778469,13.8640592961824,0.444779533168406
82.0400134474039,-1.14944458007813,-0.236478894948959,0.063201904296875,155.194358670595,-8.00701557210465,-1.99333290622656,51.2607278304558,159.48881920337,0.646579886855413,-4.52541626165151,241.561017437188,0.981629733670567,-5.20177781074682,14.0584558612877,0.447891698791691
82.2200134769082,-1.37741088867188,-0.236434489488602,0.05877685546875,156.353388734801,-14.9974163945289,1.62308925619471,5.9312730563999,160.552810584464,0.646391349686266,-6.3036444254669,242.64393527095,0.993582607639929,-5.56412660419822,14.2590232510116,0.451058005490377
82.4000135064125,-0.736297607421875,-0.236951917409897,0.061920166015625,157.517258369706,-13.4127186579769,-1.98880196802919,49.9873851438993,161.620354124101,0.654421581616449,-7.94375919361622,243.806291507661,0.980604709073601,-2.35018451116488,14.4620894890844,0.454234735073563
82.5800135359168,0.3177490234375,-0.234914749860764,0.062774658203125,158.701605910016,-7.97043487603518,1.52559752989097,193.293388625951,162.715372389779,0.657040585326483,-8.93432353320006,244.951579360237,1.01804381259626,1.70373216081732,14.6701182468971,0.45745569885739
82.7600135654211,0.538116455078125,-0.234723478555679,0.058502197265625,159.884369714066,-9.69108903723888,4.1147283076422,203.854658973357,163.813116193527,0.658158777647239,-9.61505996561532,246.088729757351,1.03103426451554,2.26951097181885,14.878405376598,0.46064681655506
82.9400135949254,0.522796630859375,-0.235386043787003,0.05841064453125,161.074271639797,-11.5354291321855,0.303785513208203,184.505007257015,164.911147545769,0.66274459024534,-10.5323191794138,247.25085566132,1.01419646503847,2.27746393762541,15.0898466339432,0.463867773518053
83.1200136244297,0.73358154296875,-0.236583054065704,0.059295654296875,162.27692420114,-18.1647371820603,-3.82079627036566,152.001665544919,165.996644182946,0.672109960129685,-11.5230511036086,248.418773520448,0.996903278604274,3.37386488757467,15.3045040646062,0.467102094864184
83.300013653934,0.87628173828125,-0.235080391168594,0.055145263671875,163.478025761512,-12.0684839641842,-0.631957764820498,237.658304594593,167.103925709468,0.676494111660881,-12.1217975183718,249.599748296689,1.00175111837045,3.78781723882179,15.5201322603873,0.470322701259823
83.4800136834383,0.934783935546875,-0.234778136014938,0.059173583984375,164.68379347429,-17.3007064642506,1.59745542886644,196.176327077374,168.197714052372,0.67900252071679,-12.9298432905385,250.792350094599,1.03963171192003,4.27678270481846,15.7380343952339,0.473551867553938
83.6600137129426,1.32785034179688,-0.233265221118927,0.059051513671875,165.890252783194,-14.9839872910974,3.31690518156908,263.249292110278,169.288173049067,0.678276175899334,-13.5774076732743,251.966737577006,1.05244502443845,5.90956370544087,15.9571399832315,0.4767654760321
83.8400137424469,1.415283203125,-0.233705759048462,0.05645751953125,167.088560473934,-17.3928179572558,-0.592855738250385,258.230559859876,170.392857151105,0.683041102253429,-14.0342321175076,253.165340342256,1.03594460801624,6.27803173144302,16.1760840934913,0.479953682970834
84.0200137719512,1.49252319335938,-0.235594362020493,0.05877685546875,168.290575841853,-16.8872492001338,-4.08599045309026,284.476576634274,171.494418132111,0.692497606531485,-14.5021123152132,254.376771592376,1.03122726350106,6.57380595367582,16.3971008755289,0.483147076981807
84.2000138014555,1.55697631835938,-0.234566390514374,0.058563232421875,169.494163729083,-22.817041225125,1.80873788351617,243.145311117874,172.586345071481,0.69634969160571,-15.0758386192363,255.588783613717,1.06228559784473,7.13601233426817,16.6196649041207,0.486337224629739
84.3800138309598,1.8182373046875,-0.233893603086472,0.057586669921875,170.695642809004,-18.4124277692466,3.8284539985585,320.103772517984,173.687766956208,0.695333890700194,-15.3944949789478,256.789215423421,1.07719749979762,8.13804683023746,16.8429110407927,0.48950783075787
84.5600138604641,1.89501953125,-0.235148698091507,0.058807373046875,171.891989201741,-23.4454262514822,2.16042601898446,280.939581452861,174.78472688803,0.701351791672385,-15.7843101413895,258.005100286558,1.0558966740116,8.67162723683994,17.0666700708534,0.492665569819546
84.7400138899684,2.30252075195313,-0.23846310377121,0.067230224609375,173.08750369387,-30.7504667976461,0.744737083901438,271.214928499942,175.855339838577,0.704075057282661,-16.260992021355,259.156872719704,1.09794998215409,10.9105120226624,17.2912948414072,0.495805176827376
84.9200139194727,3.2269287109375,-0.239711374044418,0.073944091796875,174.260235030561,-38.6407415676448,-3.12101081891738,296.078284186237,176.897012932789,0.713821871503578,-16.6339114343855,260.136983897526,1.0874277280224,15.577165216159,17.5125703453635,0.498866055945417
85.100013948977,4.57913208007813,-0.237776666879654,0.0855712890625,175.387273414468,-38.8358599166544,-0.460943896335849,429.897323982859,177.919273987265,0.714679985277786,-16.4879563953295,260.889662522642,1.10107032052312,21.50637872149,17.7258942443826,0.501783104335077
85.2800139784813,5.24411010742188,-0.238017439842224,0.089263916015625,176.439484306137,-46.6230880198237,-0.24230891920714,460.472551114338,178.928751669976,0.721423434271392,-15.8662862146041,261.762724049587,1.12122249138849,24.1171535826434,17.9256193188032,0.504495298050797
85.4600140079856,5.29067993164063,-0.237631529569626,0.090087890625,177.456461629118,-49.369552743429,4.45346623555898,453.430202605055,179.927633751909,0.72096627806346,-15.3009677149901,262.837655226397,1.14751393011571,24.1283749587549,18.1206226489191,0.507146436979808
85.6400140374899,5.11483764648438,-0.238430678844452,0.084930419921875,178.479152385793,-51.7488140786423,-0.330034731040639,410.220622653156,180.920839415043,0.725875539178619,-14.9848885171136,263.98539443421,1.12338370039278,23.456350018124,18.3180141485605,0.50982481153838
85.8200140669942,5.0572509765625,-0.239433020353317,0.0802001953125,179.515887142731,-50.4660077716048,-2.7746242049877,418.087073086205,181.914836621205,0.735356715418914,-14.7350070518637,265.095873574361,1.11669374184645,23.361427583082,18.518863737114,0.512534493610264
86.0000140964985,5.11538696289063,-0.238802939653397,0.0809326171875,180.559890758466,-54.242741154632,-3.76377667682652,390.623679774327,182.906624221995,0.737952220416648,-14.544828586489,266.155382441888,1.14618696024851,23.9437030765526,18.7219902161125,0.515260084629061
86.1800141260028,5.21963500976563,-0.240664213895798,0.08258056640625,181.602888612893,-50.8785331247313,1.69443178471492,445.310510397405,183.912215793207,0.742098424686672,-14.094219108054,267.237357245186,1.16349422599681,24.2612034845222,18.9255826835409,0.517975355086025
86.3600141555071,5.16204833984375,-0.239588439464569,0.081268310546875,182.647566061514,-54.356504184415,5.03682158156337,402.987857491966,184.915048229138,0.742660398168001,-13.8134756327966,268.359134538358,1.17195944326122,24.2081237824673,19.1307316831306,0.520704407275944
86.5400141850114,5.35894775390625,-0.240295380353928,0.084442138671875,183.699897929884,-58.8794435473336,-1.55827244620707,386.62938714137,185.903226973524,0.747892253536484,-13.6491620471766,269.360410196285,1.13896568939834,25.5505812671182,19.3380820150526,0.523444186877062
86.7200142145157,5.97869873046875,-0.240315854549408,0.083892822265625,184.739991489778,-64.8992373965002,-5.5168478921513,408.075968579355,186.868105589226,0.755271450863346,-13.4142835736849,270.13647423736,1.14005886252951,28.8854248583306,19.5435559529897,0.526137645227871
86.90001424402,6.96755981445313,-0.239873588085175,0.093841552734375,185.743134509123,-76.0961356782126,0.948309900108413,442.81785894561,187.790796784076,0.757490306911531,-12.9997726041312,270.629143781872,1.17644070097678,33.888052832916,19.7421114833049,0.528717536329163
87.0800142735243,7.74725341796875,-0.23954576253891,0.10357666015625,186.679347033261,-79.7809052182758,1.70885504732215,585.247708519445,188.685001021131,0.756390385015875,-11.8627757737341,271.235088227251,1.19361017968134,36.906352486841,19.9274089029588,0.53110564134266
87.2600143030286,7.73507690429688,-0.240418314933777,0.10614013671875,187.562782680881,-81.0534133557831,-1.47468246112983,529.821046588943,189.578305186465,0.761529101330045,-10.8947003116244,272.218198899523,1.164207771471,36.7131561106817,20.1043383674018,0.533405195003628
87.4400143325329,7.52481079101563,-0.23976942896843,0.100799560546875,188.468193294672,-81.1110363738824,-4.4674564348793,480.682916186102,190.475436021603,0.769647853155433,-10.1742042433815,273.313511503953,1.15624075336762,35.8608676865659,20.2867383181381,0.535776392429357
87.6200143620372,7.43252563476563,-0.238620221614838,0.09661865234375,189.395090280601,-81.291963450355,0.834471516145747,453.556835846201,191.37929562464,0.769994213788293,-9.58622432559253,274.34300328341,1.19134677341759,35.6552757520358,20.4739879290809,0.538202668726688
87.8000143915415,7.424072265625,-0.239436447620392,0.101776123046875,190.337834660335,-78.3821667025678,-0.259929762341427,473.086182828503,192.297150153482,0.773083836526625,-8.95571595487937,275.346216556178,1.18007815233324,35.7769157516805,20.6650732609268,0.540671402520722
87.9800144210458,7.423095703125,-0.238560438156128,0.09747314453125,191.294015765684,-77.959766351092,-2.9606647251631,471.949942719069,193.223193228729,0.778809906166078,-8.3205121287244,276.362057372534,1.16811502511086,35.9045543457593,20.8595094617512,0.543175341034417
88.1600144505501,7.42086791992188,-0.237143158912659,0.097412109375,192.260390219748,-77.7520965576828,3.45296223239241,468.629268517219,194.155291120364,0.778225312018563,-7.6992431927261,277.388632723862,1.21243374997055,36.0262105400774,21.056670777872,0.545706946721112
88.3400144800544,7.41778564453125,-0.237836450338364,0.095306396484375,193.235819549653,-77.480541758132,0.356265576283842,465.516946880159,195.09322167199,0.782456628642178,-7.09193661430839,278.425213653405,1.1864879373475,36.145858822061,21.2563926423622,0.548263785872756
88.5200145095587,7.41253662109375,-0.238568991422653,0.095428466796875,194.220318876512,-77.0144423129743,-2.16047163083936,458.476273063213,196.038005372373,0.789806504285534,-6.51204628173394,279.472116834562,1.19523631130644,36.2591397448016,21.458725124418,0.550846816641174
88.700014539063,7.40838623046875,-0.237401008605957,0.096038818359375,195.215206734315,-76.8450895109667,2.96206815924113,454.75603891079,196.989107431574,0.788023207542185,-5.95551191186772,280.529440681451,1.21020017098438,36.3758005854854,21.6639251454231,0.553458186394422
88.8800145685673,7.40533447265625,-0.238364070653915,0.096099853515625,196.218952450789,-76.6338413208957,-4.48337606536325,452.394852167736,197.946046455371,0.797915638118676,-5.40927206061617,281.595043994657,1.18013376646879,36.5020343306024,21.8716797623547,0.556093347787715
89.0600145980716,7.402099609375,-0.237271219491959,0.09698486328125,197.23091484812,-76.4609669075201,2.41822087068799,450.254154669787,198.908841285869,0.798136365783416,-4.87282267564647,282.669537378767,1.22149104699161,36.6243947702113,22.0818931969979,0.558751155527597
89.2400146275759,7.39871215820313,-0.236869961023331,0.097076416015625,198.250938917687,-76.3210135788776,-4.0514615581034,447.77713608904,199.877388499093,0.804086464880001,-4.34631617977318,283.752562776582,1.18513850883913,36.7491951974051,22.2945480505096,0.561431179708072
89.4200146570802,7.39556884765625,-0.235956370830536,0.097503662109375,199.27894621293,-76.1798882483778,2.84521030275106,445.584815625352,200.851753547572,0.803388932431019,-3.82933009517208,284.843962412542,1.22279990047816,36.873670670417,22.5096443130974,0.564133050279462
89.6000146865845,7.391845703125,-0.237069725990295,0.099151611328125,200.314828009057,-76.0661963471455,-3.5258292472321,443.350421289867,201.83172002518,0.809872809412711,-3.32164273985357,285.943806919919,1.20865123387949,36.9992014021925,22.7271713178219,0.566856358296493
89.7800147160888,7.38858032226563,-0.23645156621933,0.098480224609375,201.358338819799,-75.9964833429703,3.82565976324912,441.521249749055,202.817375251738,0.808867405734933,-2.82219114335889,287.051727287404,1.23713081114304,37.1236088693896,22.9470953412229,0.569600510815181
89.9600147455931,7.38494873046875,-0.236214220523834,0.09814453125,202.409460869032,-75.860145635208,-2.13954251556535,439.230735260655,203.808613381632,0.81385843977613,-2.33160219001471,288.16754301585,1.21165744797788,37.2512525549546,23.1694160221811,0.572365243043027
90.1400147750974,7.3812255859375,-0.237312197685242,0.09820556640625,203.46808728778,-75.7267559511422,0.140422048716342,437.26561388519,204.805721516937,0.820106922432047,-1.84938526528012,289.305595679795,1.2341391091092,37.3812949171311,23.3941395162298,0.575150493337707
90.3200148046017,7.37796020507813,-0.236369609832764,0.098785400390625,204.534593764909,-75.6787680140269,0.407496476159501,435.707393668031,205.808729976506,0.823628767193554,-1.37461216205932,290.451091201951,1.25312637500727,37.5115794995305,23.6213512122614,0.577957022960102
90.500014834106,7.37338256835938,-0.2353655397892,0.055999755859375,205.608571598009,-75.5898365458839,-0.0596508956214983,435.264425507665,206.816794397018,0.826200747089596,-0.908769066476594,291.590217786555,1.21575234284544,37.6408554020275,23.8509637396102,0.580783190949399
90.6800148636103,7.36663818359375,-0.232367008924484,-0.0025634765625,206.688826055107,-75.658297795623,-7.0713643547852,430.047373057547,207.829514865229,0.832228343209682,-0.455418421431091,292.738265986162,1.19160121272218,37.7509494416338,24.0827252269908,0.58362577372966
90.8600148931146,7.21112060546875,-0.234306842088699,0.036102294921875,207.775933087855,-74.129025018935,2.09103208467648,491.628080679509,208.849227473645,0.831314075252204,0.204526550142006,294.047863576877,1.25629546603648,36.6377405568227,24.3167447256953,0.586487347031479
91.0400149226189,6.67611694335938,-0.236193716526031,0.056121826171875,208.881861573766,-68.279496136064,2.22462334434981,376.949338876165,209.906448837956,0.831237285191713,0.491479910552741,295.528927025559,1.27209495754859,34.2381337249355,24.5562546072408,0.589415296228936
91.2200149521232,6.53857421875,-0.238931000232697,0.071868896484375,210.023212065309,-65.9147205227137,-0.10477893523346,369.09031352028,210.980919890448,0.837376476460593,0.584384906139078,296.794285179008,1.26343255087213,33.9235218083636,24.8041107238244,0.592424699902779
91.4000149816275,6.5364990234375,-0.240546405315399,0.078033447265625,211.183504462382,-65.1857250365351,-4.20001038817699,393.802911680124,212.068168492041,0.844237410611381,0.846837872424516,298.028150604199,1.26293095198074,34.0615761060065,25.0569453721834,0.595479150050185
91.5800150111318,6.53338623046875,-0.239074438810349,0.082244873046875,212.355841975588,-65.3760539211958,3.51698511196975,395.861370342395,213.161083834256,0.843414432079561,1.11981628128282,299.275177803156,1.31141235594542,34.1860974405976,25.3131404199769,0.598558724847894
91.7600150406361,6.50363159179688,-0.23942619562149,0.083404541015625,213.535122104795,-65.2036995735294,-2.63353064029002,430.602784662883,214.256282500533,0.848593923625401,1.51413289027978,300.59220461292,1.27642750837041,33.7601131475684,25.5717583900891,0.601653663717523
91.9400150701404,5.83493041992188,-0.240560054779053,0.0855712890625,214.722051737813,-58.415071707857,-4.08193721452457,386.110606013828,215.379197454723,0.858766232299636,1.92057220447546,302.2507919941,1.26987340275435,30.1643625772136,25.8331146441839,0.60477707608445
92.1200150996447,5.3216552734375,-0.239999949932098,0.084747314453125,215.951048221519,-56.1016671929677,1.39989927906217,270.718712476966,216.539886497484,0.860275460162128,1.6550021414413,303.769935554611,1.30557691591823,28.162112025995,26.1053350002746,0.608015568547591
92.300015129149,5.29061889648438,-0.240023881196976,0.084869384765625,217.208647246563,-51.9558107699178,-1.97897202571239,341.469359453102,217.720077493358,0.867742871598052,1.66981423973174,305.149960132949,1.30020477077514,27.9113363024916,26.3847303457828,0.611315536672984
92.4800151586533,4.70968627929688,-0.238454580307007,0.08135986328125,218.48856548648,-46.9212494385382,4.55064446656948,347.394652797734,218.920034833903,0.867238516685962,1.87472608585037,306.814060480441,1.33217502630055,24.5883235221554,26.6698919596436,0.614667368949825
92.6600151881576,4.09515380859375,-0.237889379262924,0.071533203125,219.803665599961,-41.0887195989606,-1.24728718227991,346.023878362081,220.158987547459,0.875444220849164,1.70215793504038,308.483432602528,1.2888075259557,21.2594037762462,26.9645264403227,0.618115126730996
92.8400152176619,3.32821655273438,-0.238364070653915,0.068572998046875,221.160887379007,-36.3684989835815,-2.6037380446671,218.277691175741,221.435996082027,0.884733036101133,1.21000619127537,310.176044433188,1.30033941232932,17.6820432188552,27.2697518378478,0.621664089054956
93.0200152471662,3.18832397460938,-0.23864072561264,0.063934326171875,222.549281048249,-33.6284498283219,4.41056410599674,250.776859682851,222.727962165783,0.885777509906285,0.583564934672538,311.69871087891,1.33967890858885,17.3036324889392,27.5830605810205,0.625274385599852
93.2000152766705,3.18624877929688,-0.239877015352249,0.0667724609375,223.962720253571,-33.9223091232203,-1.97677945354756,275.490522160058,224.034626489741,0.891709624398257,0.206808222298108,313.226794770005,1.3215688381955,17.3796612500657,27.9035455693793,0.628942868150559
93.3800153061748,3.12423706054688,-0.240776926279068,0.0657958984375,225.391401309615,-34.282369321393,-1.74678278552979,341.169450022401,225.342973916739,0.900975578346395,0.0568981149469607,314.819570298843,1.33017182457603,16.5362548061367,28.2284142085854,0.632633075529158
93.5600153356791,2.44482421875,-0.24017071723938,0.06365966796875,226.831033401118,-30.490502001724,3.31508462572963,234.564778531023,226.675549695205,0.90198555202723,-0.339020739516812,316.542833357704,1.3528343109413,13.0783006026848,28.5571882351613,0.636351353514246
93.7400153651834,2.26348876953125,-0.242122501134872,0.06512451171875,228.296387344847,-29.0150147986772,-1.59546277247173,232.960078662161,228.01889691939,0.91222045969062,-1.07601028930722,318.158222745284,1.33663747614719,12.5152121990613,28.8935255447849,0.640125679842182
93.9200153946877,2.14431762695313,-0.241302847862244,0.06158447265625,229.784830019626,-28.5450967513528,0.58329009461845,341.493677595569,229.379236448058,0.918044201050262,-1.31183328334505,319.824161483472,1.3697453492937,11.2766631978043,29.2367018968933,0.643950163352205
94.100015424192,1.48049926757813,-0.241921007633209,0.0567626953125,231.294627885,-26.4133105681963,-0.345374005874316,188.976319921215,230.759254466383,0.922381285486331,-1.967403889618,321.565390092538,1.34708975612041,8.03384934060524,29.5860606792472,0.647819884721311
94.2800154536963,1.38302612304688,-0.241622179746628,0.05621337890625,232.827820727484,-24.1638736548339,0.0618779056020475,226.268032685554,232.150309161413,0.930173229155402,-2.75037626229702,323.244297694457,1.37793563054629,7.75775418209425,29.9425688304901,0.65173620002841
94.4600154832006,1.37918090820313,-0.24256306886673,0.053955078125,234.385731414831,-24.5783848162333,5.04790274744096,246.479841849075,233.556855440298,0.931757176530563,-3.31041519596494,324.945802197577,1.40876885766256,7.77586211920107,30.3065531558325,0.655705715992753
94.6400155127048,1.37478637695313,-0.242945551872253,0.053802490234375,235.959093995255,-25.1821391791531,-3.32410106262307,257.607489253081,234.968606361905,0.943351802216333,-3.8165137032377,326.663737232976,1.37095978948827,7.79043317015905,30.675401294924,0.659696641781329
94.8200155422091,1.3702392578125,-0.243056535720825,0.053680419921875,237.542462702896,-25.8678582203591,3.02446294311906,267.069843518769,236.385537711117,0.94596381519142,-4.27788103029191,328.393517799225,1.41899104614979,7.80210251342979,31.048216535421,0.663702255164952
95.0000155717134,1.3656005859375,-0.244806826114655,0.056732177734375,239.135535330551,-26.4951906426828,-2.71275884093278,275.857269325132,237.807637822778,0.95506075482351,-4.6965904185336,330.135093681459,1.39197538716163,7.81473668070736,31.4249292589673,0.667721993330094
95.1800156012177,1.36102294921875,-0.243828386068344,0.056182861328125,240.738170405447,-27.1196458761924,0.0268585262087262,283.812131928831,239.235203187169,0.959088795910179,-5.07587275144307,331.887429933014,1.41229202368575,7.82685182538719,31.8055339394268,0.671755721312798
95.360015630722,1.35647583007813,-0.243063390254974,0.053009033203125,242.35045768391,-27.7098653233185,2.1169767929897,291.891811099456,240.668377545162,0.963884916811725,-5.41701060560783,333.6505004766,1.43392213616124,7.83899929017663,32.1900664939876,0.675803855846964
95.5400156602263,1.35226440429688,-0.243519335985184,0.051788330078125,243.972313263747,-28.2768888219707,-0.444779333614843,299.027210919591,242.107230640609,0.971602802381052,-5.72361257532563,335.42404682372,1.42000040913511,7.85550937235176,32.578525798313,0.679866341353306
95.7200156897306,1.3482666015625,-0.24352103471756,0.053131103515625,245.60375287674,-28.8329725962731,0.676162417333583,306.49563936472,243.552706467566,0.97821777614087,-5.96912626747601,337.209920989711,1.44795678484012,7.76118500299627,32.9709248685225,0.683943327519624
95.9000157192349,1.3115234375,-0.243698626756668,0.052825927734375,247.245183057902,-29.1745734549034,0.602435894613562,309.466756580018,245.003238992798,0.984061852958013,-6.24392249484147,339.005287413699,1.44542710652273,7.69595517522771,33.3673651491996,0.688036028988861
96.0800157487392,1.09378051757813,-0.244950264692307,0.054473876953125,248.89716496949,-27.7258279002485,-1.2392573147436,434.324844976189,246.46882812913,0.993028880181202,-6.16806939408558,340.849345470088,1.44233511912404,5.60609503662836,33.7678608679193,0.69214503275589
96.2600157782435,0.34979248046875,-0.244470447301865,0.049713134765625,250.569610529973,-28.4619331378772,1.5348032601163,198.425012057914,247.945187276337,0.995945738476402,-6.79114710896629,342.717187461585,1.47472256621272,1.87201701179788,34.1753748922375,0.696307350419502
96.4400158077478,0.286346435546875,-0.245744317770004,0.046630859375,252.27221685972,-22.9045029627393,-1.30432804409613,262.450091115827,249.442462366233,1.00485562999764,-7.41302173517616,344.57861004693,1.46357766504588,1.66625909089326,34.5920980414902,0.700529153776717
96.6200158372521,0.282318115234375,-0.246058493852615,0.046722412109375,254.006256323179,-23.0369075570782,-0.338318104926937,279.354492826439,250.958489762506,1.01101608124624,-7.84312263963896,346.477008481726,1.47813483633969,1.64994931372669,35.0183714964056,0.704816139232658
96.8000158667564,0.27740478515625,-0.245882630348206,0.0467529296875,255.756765328272,-23.5092703103891,0.86347207629511,288.548247096918,252.481571402394,1.01761196122768,-8.2274659050216,348.398174132385,1.49143553480044,1.62544691434938,35.4500894525479,0.709124416150389
96.9800158962607,0.2720947265625,-0.245971411466599,0.046051025390625,257.518770658816,-23.990907841269,0.845343934179326,296.792230013094,254.011551336862,1.02299758594912,-8.57325690206824,350.33899622286,1.49944669254816,1.59967212085529,35.8864409587597,0.713449339426507
97.160015925765,0.267181396484375,-0.246531516313553,0.047210693359375,259.292125238572,-24.4761546188238,-0.688265889935543,303.79350138409,255.548551266405,1.03113430026046,-8.88478352069539,352.299409554723,1.50309308756605,1.57930524156474,36.3274433990196,0.717790899432497
97.3400159552693,0.263275146484375,-0.246476888656616,0.0472412109375,261.077031542092,-24.9388337917368,1.29951476564112,311.411821366281,257.092799439512,1.03651503220887,-9.16000525128878,354.279284829242,1.5246245523263,1.55946126129071,36.7731324275793,0.722149453552292
97.5200159847736,0.258087158203125,-0.246560543775558,0.04742431640625,262.87351223803,-25.3983181380668,-0.122794582769084,317.687180062685,258.644366181091,1.04424487488796,-9.40406071183527,356.27873766706,1.53107478745903,1.53617627513484,37.2235585349404,0.726525167814414
97.7000160142779,0.2542724609375,-0.24722820520401,0.047454833984375,264.68175651577,-25.8379466502061,-0.383162390508623,323.936894774944,260.20340997367,1.05064220184467,-9.6186159129699,358.297870743336,1.53324359974226,1.51955477776606,37.678755198319,0.730918692551175
97.8800160437822,0.249786376953125,-0.247936844825745,0.048004150390625,266.501939522297,-26.2542279888404,-0.737772276854251,330.489996043553,261.770139607781,1.05847453107877,-9.80203101172253,360.336731044492,1.55074165621066,1.49549237221038,38.1388025776928,0.735330449820912
98.0600160732865,0.24468994140625,-0.24775242805481,0.047576904296875,268.334162301323,-26.7226054541073,-1.43503549326728,335.435371337402,263.344525420444,1.06575254425801,-9.96033767979141,362.395388337019,1.55130984172042,1.47135542297242,38.6037310728181,0.739760738151327
98.2400161027908,0.240875244140625,-0.247877091169357,0.047821044921875,270.178540244741,-27.1743046035094,0.625258709711925,341.386894551615,264.926670774839,1.07102830387634,-10.091660101137,364.473806583632,1.57765493784251,1.45391021677754,39.0735984694617,0.744209829632209
98.4200161322951,0.2353515625,-0.247564613819122,0.047210693359375,272.035072987205,-27.6732845008172,0.259193732622271,346.07386212485,266.516514494096,1.0773787839552,-10.1981157681665,366.572041216294,1.58546698773259,1.4232553275265,39.5484054475148,0.748677756720087
98.6000161617994,0.2313232421875,-0.248433738946915,0.047149658203125,273.903847889682,-28.198712193876,-0.546288273286482,350.617819243543,268.11390823799,1.08520164141588,-10.2838231159727,368.689988667879,1.58581459825077,1.40614969836092,40.0281849163463,0.753164561758155
98.7800161913037,0.226898193359375,-0.248462796211243,0.046630859375,275.784825307375,-28.7211619247229,0.872340802571561,355.740056749265,269.718996397911,1.09181033655739,-10.346066171909,370.827602880508,1.61329033273137,1.38381623024448,40.5129614829048,0.757670316993716
98.960016220808,0.221160888671875,-0.248768448829651,0.046356201171875,277.678049094913,-29.328418933766,0.324549023208352,359.159883781691,271.331533935721,1.09827224588786,-10.3897779578711,372.984934335246,1.60936218452097,1.35448139412074,41.00272994321,0.762195104674216
99.1400162503123,0.217315673828125,-0.249019473791122,0.046295166015625,279.58349726018,-29.8739307817412,-0.72458779201407,362.523782495187,272.951521796503,1.1064820392285,-10.4150917279314,375.161645076095,1.62281408065561,1.33744409539636,41.4975186245792,0.76673882739446
99.3200162798166,0.212005615234375,-0.248713821172714,0.046173095703125,281.501251708587,-30.5694265183154,0.961360066862603,366.738682812972,274.579043639071,1.11210318899027,-10.4217438025309,377.358035947182,1.64171682396074,1.30637034336027,41.99735748198,0.77130153139806
99.5000163093209,0.206878662109375,-0.249255120754242,0.046112060546875,283.431362273886,-31.2665671506377,0.126838527151805,369.809888877893,276.213788447435,1.11984163467126,-10.4143426878525,379.573999746894,1.63716229978383,1.28010838165707,42.5022632986654,0.775883509945392
99.6800163388252,0.20257568359375,-0.24929267168045,0.046051025390625,285.373672454252,-31.9703446329739,-0.41332275091629,373.161937115385,277.85585806529,1.12759617751074,-10.3903795189913,381.809407895423,1.65349652244988,1.25971141136394,43.0122557600326,0.780484290584603
99.8600163683295,0.197479248046875,-0.249798148870468,0.045928955078125,287.328416828089,-32.7190203076012,-0.414566645756786,376.001982572706,279.505149522774,1.13531245572961,-10.3517085723009,384.064153638335,1.65786944676161,1.23006965264074,43.5273161261603,0.785104126521515
100.040016397834,0.192108154296875,-0.24921241402626,0.045318603515625,289.295410275695,-33.5331407660344,0.502885256351608,378.747528123855,281.161459725961,1.14120149003626,-10.3000585864287,386.338367660008,1.67894244935703,1.20401406600053,44.0474803737186,0.789742763096506
100.220016427338,0.187713623046875,-0.249248266220093,0.045501708984375,291.274660442737,-34.3391156952187,1.67578383310976,381.711431005015,282.824854349444,1.14772164400659,-10.2348548481261,388.631626473747,1.69173998518485,1.17868947790907,44.572736545312,0.794400072285197
100.400016456842,0.182373046875,-0.249528348445892,0.0457763671875,293.266246134275,-35.1835294775034,-0.530161663307695,383.315552687987,284.495248059314,1.15589139437169,-10.1599849492322,390.944439767681,1.69090995110671,1.1480836143362,45.1031362013421,0.799076257582064
100.580016486347,0.177642822265625,-0.249511271715164,0.045623779296875,295.270317572782,-36.0626702873851,-0.481977704628218,385.663606445276,286.172569882469,1.1636703876128,-10.0746733966217,393.276610893877,1.7032608467945,1.12378334920319,45.6387071543878,0.803771593563525
100.760016515851,0.172454833984375,-0.249388307332993,0.045074462890625,297.286792051708,-37.0004260437088,0.517926124032801,387.65803048049,287.856722615458,1.17018720700379,-9.97938358536302,395.627914763971,1.71531244249061,1.0935041121613,46.1794252910343,0.808485607188444
100.940016545355,0.1671142578125,-0.24949249625206,0.04510498046875,299.315629597522,-37.9580526706285,-0.0805980460487126,389.29704946835,289.547581548254,1.17799857305435,-9.87554248458093,397.998520842568,1.72268895034069,1.06347585436913,46.7253112044773,0.8132182944755
101.12001657486,0.16217041015625,-0.249366104602814,0.044769287109375,301.356891282744,-38.9415089713484,0.489719606531269,390.417576420687,291.245126340492,1.18475113594846,-9.76516967616496,400.388174322694,1.74219919527929,1.03651656174361,47.2763793462418,0.817969412960986
101.300016604364,0.157012939453125,-0.249726414680481,0.0445556640625,303.410623567836,-39.9603364809034,-0.109950774860906,391.80089040911,292.949324883787,1.1929159570245,-9.64850313719555,402.797309823204,1.74163815187834,1.00408509753385,47.8326837051167,0.822739515356057
101.480016633868,0.151580810546875,-0.249760568141937,0.04461669921875,305.476935662631,-40.9124166594805,-0.249673273229957,392.595130674672,294.660000083985,1.19970754307036,-9.52747010380085,405.225434605932,1.75905994008406,0.973276232687397,48.39418776405,0.8275280079451
101.660016663373,0.146240234375,-0.250023543834686,0.044891357421875,307.555689474071,-42.12620539039,-0.297098010935652,393.806184585553,296.377132697235,1.20774394601652,-9.40077667074836,407.672765918376,1.76601111697769,0.940458608113715,48.9609363916671,0.832334898408336
101.840016692877,0.140655517578125,-0.249734967947006,0.044281005859375,309.646906481632,-43.2676748980448,-0.0939599365235129,394.298523803481,298.100570068345,1.21501369823092,-9.27108936732029,410.139245632722,1.77993258678465,0.908003431111609,49.532901873546,0.837159977797358
102.020016722381,0.135986328125,-0.249396830797195,0.0458984375,311.750570008891,-44.4600279047581,1.78470934888366,395.549338985563,299.830226798566,1.22073011756981,-9.13653070515286,412.624672669325,1.80668602771908,0.875663658462969,50.1100975729352,0.842003202754838
102.200016751885,0.129913330078125,-0.250033766031265,0.04632568359375,313.866621986957,-45.6727521566033,-0.460463668750023,395.876861341086,301.566003634025,1.22921010859694,-8.99879160650414,415.129130015965,1.79074963790459,0.839927509198844,50.6925070413912,0.846863984972523
102.38001678139,0.125213623046875,-0.250035494565964,0.046112060546875,315.99505552227,-46.9156898109003,0.0571272219730603,396.325933903607,303.307891304889,1.23764376368148,-8.85905745144845,417.652240948406,1.81291477702887,0.813987556156803,51.2801402951067,0.851742329986155
102.560016810894,0.12066650390625,-0.249782770872116,0.04583740234375,318.136075180567,-48.1537435023075,0.628397450286432,397.085555459395,305.056009084689,1.24457746992771,-8.71598971490316,420.194508780601,1.82639370030805,0.785012670596814,51.873062414067,0.856638757173166
102.740016840398,0.115753173828125,-0.25000986456871,0.044647216796875,320.289706066488,-49.4234750740426,-0.16189346932125,397.765154836199,306.810261012584,1.25267349284676,-8.56890088432414,422.755923720294,1.82963001024033,0.754553894639855,52.4712731672031,0.86155306063173
102.920016869903,0.111114501953125,-0.249840825796127,0.04547119140625,322.455996093754,-50.7187897626869,0.746329037546122,398.415481727473,308.57064159827,1.25929751001141,-8.41851371572061,425.336219553951,1.85047833153318,0.725019839987908,53.0747913530977,0.866484944711063
103.100016899407,0.106048583984375,-0.250143051147461,0.04608154296875,324.634990790157,-52.0389000787395,-0.10392695565673,398.686424151359,310.337113674416,1.26742003081286,-8.26567360508707,427.935614077049,1.85487900612402,0.691189420749083,53.6836529294816,0.871434635331611
103.280016928911,0.101104736328125,-0.25037869811058,0.045135498046875,326.826799475803,-53.3676024600703,-0.764700989693669,399.014307321681,312.10968473278,1.276126661865,-8.11149097270521,430.554205704475,1.84848089930441,0.660164553630125,54.297847467859,0.876402226729086
103.460016958416,0.096221923828125,-0.250194281339645,0.04400634765625,329.031433743551,-54.7444420179369,1.02447780580646,399.417344761729,313.888299276863,1.2830060253653,-7.95522582439189,433.191761994716,1.89333071431158,0.626197947064583,54.9174479943034,0.881387638406362
103.64001698792,0.09063720703125,-0.250272840261459,0.044525146484375,331.249083426663,-56.1156307426916,-1.33710983558952,399.147128822693,315.673006922814,1.29074332078441,-7.79967829738713,435.848695806017,1.88555666945945,0.591516104153612,55.5424333891949,0.88639079136728
103.820017017424,0.086181640625,-0.250650227069855,0.045257568359375,333.479852212593,-57.5082158833276,0.4436909292954,399.102109231471,317.46386140005,1.29928683771993,-7.64406286213615,438.52491004686,1.91003808280576,0.560208638006088,56.1729063085615,0.89141212467447
104.000017046928,0.080169677734375,-0.250059396028519,0.04541015625,335.723895276957,-58.9249974768351,1.74208930917779,398.660021720183,319.260856329877,1.30504682499497,-7.48957073179993,441.22065252041,1.92542252426068,0.517450182464444,56.8088621557269,0.896451602163366
104.180017076433,0.0753173828125,-0.250556319952011,0.044891357421875,337.981307597725,-60.3414168973029,-0.725312499129242,398.464624750261,321.063942272236,1.31432598993975,-7.33650646974905,443.936055389756,1.92281736935939,0.484249582287816,57.450365533561,0.901509318976926
104.360017105937,-0.027618408203125,-0.250744134187698,0.044158935546875,340.25253845717,-58.0369839464909,0.363550294007259,512.053860199676,322.881458689564,1.32173312483681,-6.95573377017236,446.669966076558,1.93274969439093,-1.09595881036145,58.0974563343165,0.906586929657159
104.540017135441,-0.3826904296875,-0.251222252845764,0.04339599609375,342.546808095902,-61.00142335824,-1.73866430532823,304.992974251989,324.703616666809,1.3307089373135,-7.20684833773541,449.428582139955,1.93568888759324,-3.10892328176359,58.7530171487017,0.911708295360672
104.720017164946,-0.392425537109375,-0.251024186611176,0.041717529296875,344.871315919291,-59.6772394332543,0.765100315560804,351.689982242827,326.549253379038,1.33712360214329,-7.30122191418808,452.239658911973,1.97096489506433,-3.17379902829117,59.4195657244796,0.916885227713791
104.90001719445,-0.39727783203125,-0.251483500003815,0.041015625,347.222555462959,-61.2280224856803,0.062480074825416,355.99137549122,328.401345372319,1.34502609912493,-7.36982730471634,455.083514143616,1.9772382486329,-3.23167559419272,60.0949338720613,0.922096733503092
105.080017223954,-0.4019775390625,-0.251049786806107,0.0408935546875,349.588041764433,-62.6388144554285,-0.550413388263776,359.013647346065,330.259465886546,1.35309806581908,-7.42243887373014,457.948728887748,1.99110938762368,-3.29053139959095,60.7762125059278,0.927324339827247
105.260017253459,-0.40618896484375,-0.251061737537384,0.03973388671875,351.967754451752,-64.38876041896,0.500146902849124,363.047069709643,332.123859355456,1.36158351296869,-7.457801321594,460.835244372545,2.00510568217315,-3.34715848905785,61.4633913972502,0.932568434320576
105.440017282963,-0.410125732421875,-0.251533061265945,0.040802001953125,354.361941631404,-65.9271173034263,-0.891921067384224,365.900817472202,333.994750046685,1.3704030855175,-7.47841751559362,463.743485170469,2.00697023711362,-3.39965538213661,62.1565696362039,0.937829626138926
105.620017312467,-0.4141845703125,-0.251661121845245,0.040283203125,356.771192522919,-67.4240818373112,0.0383699207791492,368.615417290356,335.872430916189,1.37833224148818,-7.48574698067377,466.673612339336,2.02807332250654,-3.45612037413773,62.8558756418088,0.943108726943996
105.800017341971,-0.910003662109375,-0.252274125814438,0.036895751953125,359.197864901261,-63.3198790295011,1.12839481371915,451.558524069143,337.773484902399,1.38632723653057,-7.14857699117199,469.552401306661,2.04549969576663,-9.07782983079119,63.5616976842578,0.948413342597936
105.980017371476,-1.51080322265625,-0.252805203199387,0.033935546875,361.654323561286,-68.5674985436633,-0.701588013346297,193.164124647463,339.659982110046,1.39469011048661,-8.06020684180361,472.469836625813,2.04020245082925,-12.5362892608118,64.2780399040125,0.953764817635821
106.16001740098,-1.51937866210938,-0.253010123968124,0.032440185546875,364.148082275199,-65.3242916464398,-0.0986517099547317,266.528299801517,341.589232842505,1.40360090122946,-8.60780317265619,475.523648131865,2.05945044165135,-12.6473623227962,65.0087561234875,0.959190484066816
106.340017430484,-1.52618408203125,-0.253218442201614,0.033935546875,366.684736087912,-66.4994593734158,0.566845356984395,278.287996416331,343.527954971499,1.41184856381181,-9.09316198798889,478.627940330762,2.08035456815157,-12.7926051148271,65.7528882330451,0.964670956469755
106.520017459989,-1.01303100585938,-0.252381712198257,0.03961181640625,369.230784800274,-82.9967806491548,0.0333832006839749,205.210252651367,345.434265568545,1.41864887495387,-9.78949097561153,481.863489266965,2.10829161518421,-7.22846267007182,66.5010934811848,0.970133579049322
106.700017489493,-0.631591796875,-0.252752274274826,0.04107666015625,371.757235255318,-74.6152324213823,-0.326523003041113,410.927772503765,347.375804685092,1.42868505095129,-9.3218494218418,484.991336474919,2.11282650740446,-5.42523844462494,67.2461839696803,0.975551171849818
106.880017518997,-0.63494873046875,-0.252849608659744,0.04034423828125,374.298210000625,-76.4967758563696,0.848520213358718,396.21505095296,349.312219439754,1.43540545078556,-9.19929509078708,488.111159547525,2.13815391852629,-5.61591148322938,67.9967650449975,0.980982972962267
107.060017548501,-1.4228515625,-0.253489941358566,0.030670166015625,376.860577800222,-72.9198080440078,-0.531256979785809,321.50661362738,351.276198779119,1.44438684350869,-8.9953040731742,491.115089706033,2.12751249783273,-13.3030456880532,68.7553454601122,0.986454443660142
107.240017578006,-1.68984985351563,-0.254120051860809,0.03204345703125,379.460757997013,-72.3658203675542,0.195517621038722,269.849662108482,353.235702103096,1.45273495044921,-9.75060504736889,494.284598694924,2.15034350345457,-14.625063490035,69.5275124652045,0.991986898140716
107.42001760751,-1.69497680664063,-0.254089295864105,0.02935791015625,382.113606680245,-72.7942472998446,0.435627554657021,288.816745285691,355.234488646747,1.46148695497169,-10.1927573692422,497.562485016568,2.16191689048175,-14.7635065138627,70.3182006563268,0.997617783797195
107.600017637014,-1.69964599609375,-0.254475206136703,0.032318115234375,384.803932357375,-75.3157361149785,0.0821480822460945,298.069016193514,357.241602063739,1.47089073440813,-10.5919943178499,500.884424853176,2.18125210595435,-14.9082960897703,71.120892338678,1.00328955364844
107.780017666519,-1.7083740234375,-0.254569113254547,0.03204345703125,387.512154286413,-76.1370463102605,0.15156541331957,303.92000276832,359.256225204909,1.48034435528569,-10.9602493901242,504.231576982269,2.19941290429028,-15.0862080088239,71.9307878428757,1.00897562350894
107.960017696023,-1.71694946289063,-0.254464954137802,0.031036376953125,390.242008510665,-76.9601700190473,1.30375860676184,309.116284712793,361.283049257154,1.48856544842837,-11.3047462874252,507.612354042886,2.22135513181571,-15.2670965855965,72.7496006060345,1.01468989726531
108.140017725527,-1.72576904296875,-0.254644274711609,0.030792236328125,392.996859645756,-77.8278391006125,-0.256267080079791,313.216080589301,363.32220708872,1.49868546491456,-11.6270460140047,511.029861172448,2.2248485186404,-15.4468108098927,73.5782195085147,1.02043667347004
108.320017755032,-1.73428344726563,-0.255025058984756,0.032440185546875,395.776391737134,-78.6730492810956,0.126078551094249,317.9442960862,365.373805040644,1.50844704033881,-11.9299391945565,514.484394001171,2.23485116374189,-15.6269573774007,74.4167730325132,1.02621637274313
108.500017784536,-1.743408203125,-0.255033612251282,0.031768798828125,398.580448823916,-79.2599828298178,0.635610528080171,320.856734771383,367.437888507464,1.51734867484977,-12.2143471115457,517.975844743551,2.2611527754865,-15.8160306397099,75.2653641585023,1.03202947545608
108.68001781404,-1.75140380859375,-0.255276083946228,0.03387451171875,401.40873302144,-80.4692257850634,0.652082107551593,326.057429167835,369.514493982442,1.5267325764481,-12.4820637323269,521.504712722229,2.28115411521674,-15.9971239266534,76.1240624798961,1.03787593315701
108.860017843544,-1.75994873046875,-0.255375117063522,0.032012939453125,404.260943395679,-81.4458933191905,-0.150723813496457,328.925832049143,371.60359256153,1.5365038553379,-12.7346637692571,525.07112042857,2.29951153652207,-16.1814054583209,76.9929407322434,1.0437560428975
109.040017873049,-1.76779174804688,-0.255631238222122,0.031524658203125,407.136686541307,-82.3933827280066,0.264903954704923,332.845182786388,373.705358295865,1.5459980375406,-12.9723877555603,528.675062024986,2.31295205395089,-16.3679279868718,77.8721077960131,1.04966989646233
109.220017902553,-1.77621459960938,-0.25560051202774,0.032684326171875,410.035967677883,-83.4207002656489,-0.917886084098374,334.764662758865,375.819598652419,1.55645850038259,-13.2008063319687,532.316967352416,2.3275293888782,-16.5547953757173,78.7616644388117,1.0556178313887
109.400017932057,-1.78463745117188,-0.255696177482605,0.030914306640625,412.958504432443,-84.4340192779737,-0.505465282679645,337.705801126212,377.94661667646,1.56505979603175,-13.4180067578345,535.996735951745,2.34801340054364,-16.7519889172025,79.6617409244197,1.06159996490737
109.580017961562,-1.79342651367188,-0.255971074104309,0.031341552734375,415.904127969432,-85.4925543055872,0.625843792215356,340.084277314399,380.086444840748,1.57428557308693,-13.6242219896585,539.715040858008,2.3624953278309,-16.948862930266,80.5724466815517,1.06761704658128
109.760017991066,-1.80233764648438,-0.256382584571838,0.030426025390625,418.872796843081,-86.2650026119317,-0.849621260945145,341.641757954685,382.239936750372,1.58568337015427,-13.8231482073908,543.472393102597,2.37287717025103,-17.1466819572819,81.4939369343712,1.07366936716924
109.94001802057,-1.81146240234375,-0.255959123373032,0.030548095703125,421.867472250285,-85.9671139261066,0.671154146627771,344.123767948817,384.412313183751,1.59400656946933,-14.0128015376764,547.273925909127,2.40077880923248,-17.3568186944802,82.4275313061802,1.07976655654963
110.120018050075,-1.82080078125,-0.25629723072052,0.031463623046875,424.893611660668,-85.632734562502,0.155776762768767,345.621208769181,386.604683363692,1.60430439153159,-14.1968460308056,551.126487050047,2.41147144494958,-17.5681510013566,83.3749342316433,1.08591795778701
110.300018079579,-1.83114624023438,-0.256676286458969,0.029876708984375,427.952262267403,-85.2847061147857,-1.36781560024892,346.631665795813,388.817525055194,1.6159470132798,-14.37585520829,555.031626551686,2.42228634032416,-17.7853933385681,84.3366699520897,1.09212573337493
110.480018109083,-1.84048461914063,-0.256780475378037,0.029876708984375,431.043847545884,-84.8336121120448,0.345474504298963,348.431179763917,391.051409846328,1.62480844197579,-14.5487952047801,558.990443488598,2.4501498392477,-18.0056102114701,85.3130528555971,1.0983910851925
110.660018138587,-1.85076904296875,-0.256228923797607,0.030242919921875,434.168981320403,-84.34690227792,-1.29899469808705,349.149099267537,393.306774674884,1.63572135505065,-14.7197883718583,563.004306239569,2.45336942269991,-18.2333343706649,86.3044938309641,1.10471563870091
110.840018168092,-1.8612060546875,-0.256456017494202,0.031341552734375,437.328267597825,-83.8533695394603,0.00534817018598588,350.11364507481,395.584096475866,1.64539877348817,-14.888686523344,567.074700006878,2.48771923126893,-18.4657540993776,87.3114106988517,1.11110098970887
111.020018197596,-1.87142944335938,-0.256790727376938,0.03240966796875,440.522160707823,-83.2916271181629,-0.361624268812594,350.135169643967,397.883912043923,1.65497997675886,-15.0562281201145,571.202897262726,2.48700603235533,-18.7004835545266,88.3341371740205,1.11754836642408
111.2000182271,-1.58639526367188,-0.255399018526077,0.03802490234375,443.737361456107,-108.641340016902,-2.39032597046783,263.129782167737,400.161663675749,1.66225266823731,-15.3056257925604,575.464990417748,2.5368909097443,-15.5534824482464,89.3673993574423,1.12401023533619
111.380018256605,-1.46884155273438,-0.25552025437355,0.0341796875,446.942140235917,-87.8286787385104,0.239366145626171,411.827230354297,402.485878792804,1.67139822106744,-15.0859200475892,579.659464988908,2.55644261471125,-14.9068874731811,90.4038086252653,1.1304689770269
111.560018286109,-1.33966064453125,-0.255537331104279,0.03594970703125,450.178173629812,-92.1352234126605,-0.0220298806840304,398.432505302378,404.803894691368,1.68036017906606,-14.9649200964878,583.910699993858,2.53467713380053,-13.7632935495099,91.4539955605977,1.1369704082702
111.740018315613,-1.23104858398438,-0.255685925483704,0.041656494140625,453.415636874711,-88.8568084513242,0.471803856395308,476.771929900922,407.132110825345,1.68781261791572,-14.8064126518865,588.176726638006,2.58343812429168,-12.6400390088195,92.5103120576493,1.14347903850671
111.920018345118,-1.23843383789063,-0.254118323326111,0.037994384765625,456.681721584164,-92.2392220716013,0.62330188294824,418.899238255528,409.492181969069,1.69409769920981,-14.6183723160976,592.467536577385,2.60393370912504,-12.8746276048767,93.5818309964292,1.15005460220726
112.100018374622,-1.24859619140625,-0.254343718290329,0.03448486328125,459.985294428018,-92.233565839599,-0.75552497755012,412.535824611599,411.869529981886,1.70166170991089,-14.4822926166201,596.826249821456,2.60960579905777,-12.7730234183834,94.6706553467364,1.15669949338366
112.280018404126,-0.905609130859375,-0.255156546831131,0.036102294921875,463.285015212125,-92.1257318644821,-0.590067221019357,564.807046891344,414.222156014677,1.71004409456663,-14.2107801603001,601.24038560531,2.61963878646083,-9.49292631414261,95.7617767384468,1.16330858790458
112.46001843363,-0.905120849609375,-0.254169553518295,0.034637451171875,466.588916974065,-99.3451068589333,-0.942002264541427,446.647519364617,416.610480815483,1.71680477670927,-13.8892887362432,605.625393147334,2.65386324948266,-9.62678560500785,96.8621311273486,1.16996205854426
112.640018463135,-0.91314697265625,-0.253956109285355,0.034881591796875,469.926436773724,-100.318138082632,-0.0301072668693685,436.295709270584,419.016792587545,1.72308422627803,-13.6060592236246,610.063941678494,2.67525813013417,-9.78161496247824,97.9784573561424,1.17667587997242
112.820018492639,-0.9207763671875,-0.254079073667526,0.033477783203125,473.290608208247,-101.07819941801,0.524487981490729,429.602445161169,421.441191491617,1.73015396822478,-13.3583755293459,614.553039661201,2.70793893588462,-9.92238978370915,99.1095503852583,1.1834462146216
113.000018522143,-0.928131103515625,-0.254430830478668,0.034881591796875,476.681397745925,-102.099139562961,0.390011092719366,424.053128513021,423.882862645548,1.73726570683279,-13.1404116881356,619.092338770501,2.7181831822067,-10.0673347276934,100.255416806791,1.19027100646535
113.180018551648,-0.934295654296875,-0.25390487909317,0.036865234375,480.09685440683,-103.589934047866,-0.885979299028524,418.237944978595,426.339801016155,1.74543454627283,-12.9518758788698,623.679557585141,2.72229987105591,-10.1951667635568,101.415525862757,1.19714569927481
113.360018581152,-0.939453125,-0.253546267747879,0.037872314453125,483.534255490695,-105.168814958901,0.198296890071934,415.559102274112,428.811625221971,1.75144204307704,-12.7811248315868,628.311978987101,2.75304626481837,-10.3289810848386,102.589232609744,1.20406586032275
113.540018610656,-0.947601318359375,-0.253554850816727,0.036712646484375,486.993172702223,-106.06828091553,-0.748911252814567,422.888512305197,431.298894534918,1.75942771945441,-12.5881514950123,631.444327888326,2.75730265242925,-10.471205039147,103.776565580003,1.21103093777691
113.720018640161,-0.95556640625,-0.253679484128952,0.037506103515625,490.4683235379,-107.384224462659,-0.132953832759426,429.576930614508,433.79259693447,1.76766860358615,-12.3651736366594,633.779648649572,2.76206074009342,-10.5953159082977,104.975403887739,1.21802635678981
113.900018669665,-0.9635009765625,-0.252955466508865,0.03717041015625,493.948870090206,-109.059659399462,0.0323290478390348,436.63059742678,436.290092784961,1.77387170008729,-12.1083900235887,636.108598170891,2.77392200748044,-10.7210071539564,106.182371467422,1.22503428566753
114.080018699169,-0.970916748046875,-0.252924740314484,0.037261962890625,497.431296178322,-111.129826535645,-0.372750962109137,444.341930180029,438.789097153261,1.78199232103859,-11.8167374683872,638.429231818781,2.77877680122628,-10.843103478811,107.396355972264,1.23204907973021
114.260018728673,-0.978363037109375,-0.252952039241791,0.03662109375,500.911512486766,-113.553403226286,-1.54401362310082,451.626554397426,441.28629108563,1.78854600463191,-11.4882709762953,640.738267291512,2.81012666049754,-10.9646862598171,108.615861121258,1.23906312426069
114.440018758178,-0.985321044921875,-0.253635108470917,0.03692626953125,504.384418206183,-117.614354712514,-0.564177479373092,460.710368957917,443.777670351775,1.79723815183327,-11.1221663995068,643.032541524448,2.79972471281779,-11.0845152636596,109.83907794357,1.24606638252616
114.620018787682,-0.991973876953125,-0.253411382436752,0.037078857421875,507.84368175286,-122.319762059585,-1.07465837642171,469.231903654873,446.258352716827,1.80824872400678,-10.716778830105,645.307783108862,2.7908027680924,-11.1939365718752,111.06364922506,1.25304657060001
114.800018817186,-0.9986572265625,-0.252752274274826,0.037445068359375,511.282097532686,-128.053049398935,-0.662989203691803,478.01336401716,448.723375745214,1.81559176130902,-10.2708901083658,647.558826189437,2.80742440631513,-11.3083824948711,112.286944385847,1.25998998961539
114.980018846691,-0.994903564453125,-0.250481188297272,0.07525634765625,514.693180582371,-133.47767335637,-6.44509796130487,456.494839309564,451.173530786655,1.81659250012753,-9.85681659488978,649.785941317559,2.76133159955051,-11.2537543354278,113.506743941502,1.26688800321823
115.160018876195,-0.9688720703125,-0.249711036682129,0.00347900390625,518.094984574044,-132.44085314264,-2.47479981692603,439.413620575565,453.636481087616,1.81546691389714,-9.53182894296873,652.00502668543,2.78324993520117,-11.0244790333169,114.731153591092,1.27379315943469
115.340018905699,-0.95391845703125,-0.249806672334671,0.00830078125,521.511046792033,-132.780260145391,0.296344401222349,447.174577223729,456.101724763152,1.82171981911786,-9.21206813185879,654.221478148777,2.78511298919991,-10.8994370668119,115.966649234547,1.28072890024733
115.520018935204,-0.952667236328125,-0.249866425991058,0.011810302734375,524.923861481465,-136.004179079379,-2.03406324721388,441.414481763922,458.565607542559,1.82939438795537,-8.90431747830036,656.423376155467,2.7894520253252,-10.9239882528562,117.207028786262,1.28766262828184
115.700018964708,-0.956329345703125,-0.25011745095253,0.01824951171875,528.338330612261,-136.405090354438,-0.464302403356141,438.007746339316,461.038369797962,1.83923060779475,-8.60930044155157,658.618045950745,2.81999267226182,-11.0124760902539,118.455048615019,1.29461423904463
115.880018994212,-1.69964599609375,-0.250687807798386,0.037261962890625,531.768292035927,-130.9972830032,0.893846413965846,441.964206907839,463.538086680799,1.84920996507117,-8.11437106447372,660.538820423724,2.82948676756413,-22.0119551806577,119.714385529814,1.30160749803964
116.060019023716,-2.27630615234375,-0.250522166490555,0.047576904296875,535.202838081407,-133.8174672857,-1.74523052241912,177.083577900767,465.98536329722,1.85720210712456,-9.28988737783851,662.573879547724,2.80650497708476,-26.233957177717,120.980472528375,1.30858549647437
116.240019053221,-2.2857666015625,-0.252014577388763,0.014007568359375,538.672682823867,-131.899797823107,-1.40681855917685,243.0862786371,468.511539695569,1.87102118820655,-10.0155994377868,664.786311620681,2.81906504265293,-26.4277869880731,122.27332454222,1.31568634986649
116.420019082725,-2.29083251953125,-0.252463668584824,0.015533447265625,542.202808085443,-133.063163368397,-0.886927181291035,264.842227024481,471.042349691056,1.8829145638484,-10.6465711748837,667.022162951276,2.83630304738691,-26.5731731321883,123.592219948544,1.32286109623341
116.600019112229,-2.29446411132813,-0.252178519964218,0.018157958984375,545.739053707152,-134.332755704525,0.351027929160708,283.179068364151,473.578164095739,1.89446995738427,-11.1814478443203,669.254765448527,2.85201741633237,-26.7145576715541,124.921063233742,1.33004451146709
116.780019141734,-2.29946899414063,-0.252339005470276,0.023101806640625,549.280870730057,-135.538552444394,-0.656513199884889,301.123695439264,476.118820781126,1.9070877636669,-11.6311816034087,671.48267771994,2.84965240917035,-26.8749572852808,126.25957002476,1.33723626955457
116.960019171238,-2.30609130859375,-0.252489268779755,0.025177001953125,552.827534074678,-136.790844043641,0.302276974596509,316.0440406081,478.664298027733,1.91939719711479,-12.0069526640434,673.704664940652,2.88380891171806,-27.0587943071183,127.607536407206,1.3444366089863
117.140019200742,-2.32354736328125,-0.254157602787018,0.028717041015625,556.378706324717,-139.127824924035,0.502833288529196,296.424438164459,481.210308023377,1.93155350990546,-12.4437214495713,675.917692152426,2.90020440468917,-27.337293385401,128.964772886451,1.3516445403013
117.320019230247,-2.3353271484375,-0.254328370094299,0.028106689453125,559.933460670901,-140.841348072486,0.272875099733533,300.188627220576,483.757757611591,1.94508653910166,-12.8957122243421,678.127539584088,2.91966644207077,-27.5549871885066,130.331046427762,1.35885753355428
117.500019259751,-2.34490966796875,-0.254668205976486,0.029022216796875,563.491640204453,-142.526479232259,1.8235528552522,306.322754331798,486.307820382712,1.95797949640769,-13.3181315653203,680.332115602419,2.91849513536786,-27.7629263636213,131.706392035325,1.36607583344468
117.680019289255,-2.35531616210938,-0.255113869905472,0.026275634765625,567.052766048345,-144.26080408316,-0.221598540213666,311.515336796629,488.859988524453,1.97393867664352,-13.7173646084511,682.530326868217,2.93049721833024,-27.9744782406906,133.090624146577,1.37329886077498
117.860019318759,-2.3643798828125,-0.255614161491394,0.026885986328125,570.61500079495,-155.699936992959,2.82638435152953,316.341966407367,491.394778169178,1.98989553015246,-14.0944789538916,684.719394514056,2.96723310992338,-28.1753162248002,134.482313417933,1.38051398097415
118.040019348264,-2.37435913085938,-0.255173623561859,0.026519775390625,574.133643390046,-159.305424010259,1.24750451511218,320.590981371463,493.895689315318,2.00258483040033,-14.4499373887664,686.869376304634,2.97007224513733,-28.3854703716863,135.86269392207,1.38762506806543
118.220019377768,-2.38473510742188,-0.255810558795929,0.027923583984375,577.623126539764,-161.508495401378,0.0346919670230932,325.802698115274,496.396132886417,2.01694177914208,-14.7839284175187,688.998907470383,2.96469059472742,-28.5996990898497,137.241540939138,1.39470083126913
118.400019407272,-2.39523315429688,-0.256141841411591,0.026580810546875,581.11106309387,-163.798736435295,0.175132684657029,328.957770731539,498.895847904984,2.03084491940891,-15.1029432950951,691.119303625525,2.9768287083512,-28.8080482395803,138.627245808684,1.40177343273629
118.580019436777,-2.40121459960938,-0.256836831569672,0.028289794921875,584.594469204275,-167.015166432121,0.360427658836024,334.750847215861,501.389628195017,2.04474133622175,-15.3974823704176,693.221193824725,2.99801925634291,-28.968832121671,140.0183604726,1.40883443471632
118.760019466281,-2.40969848632813,-0.256549924612045,0.028594970703125,588.071779442485,-168.75564505324,0.119122238876436,340.299128855845,503.885127556884,2.05824561976454,-15.6640011234377,695.297534314739,3.01866017435815,-29.1594639283703,141.414772145326,1.41588764343875
118.940019495785,-2.41751098632813,-0.256966590881348,0.026397705078125,591.549239562664,-170.538820778593,0.65808085609558,344.801785757799,506.382008481364,2.07191076601871,-15.9104490939768,697.353453635053,3.03306558628794,-29.3413876207809,142.818807391213,1.4229431554682
119.12001952529,-2.42529296875,-0.257415682077408,0.028350830078125,595.026956589772,-172.311413831528,0.449920859456121,349.09119586632,508.880297254581,2.08645239991897,-16.135129716433,699.388609371279,3.03134297050154,-29.5271249908386,144.230363615555,1.43000077050719
119.300019554794,-2.43389892578125,-0.257533520460129,0.02728271484375,598.504699552582,-174.125593433119,0.139852819867237,352.205769602932,511.37957087567,2.09996670392277,-16.3463339640123,701.403056992489,3.04627889502717,-29.7127913500856,145.649343375874,1.43706029691701
119.480019584298,-2.44168090820313,-0.258529037237167,0.027984619140625,601.982074984503,-175.922476813112,0.121679673278209,355.721994872781,513.879812752333,2.1140414466177,-16.5414608153887,703.397108705806,3.0609052082352,-29.8949751354913,147.075630495086,1.44412131881525
119.660019613802,-2.45126342773438,-0.258199483156204,0.028839111328125,605.458771275539,-177.731679197643,0.894543161693775,358.394343443931,516.381028658758,2.12751501167408,-16.7217703115174,705.369944277625,3.07939988004285,-30.0983622371949,148.509133501976,1.45118362558717
119.840019643307,-2.46078491210938,-0.258530735969543,0.026275634765625,608.934842989695,-179.325591439736,-0.650547392239432,360.754374434167,518.882988192621,2.14221231221339,-16.8912896821497,707.322649213802,3.08392045540433,-30.2992309400406,149.949818125395,1.45824722106795
120.020019672811,-2.47012329101563,-0.258780032396317,0.029571533203125,612.409967536727,-181.356326933658,-0.304705285095196,363.391401901677,521.385502581273,2.15613721674816,-17.0498807902129,709.25537780329,3.08986554764372,-30.4990611651042,151.39750178245,1.46531216362861
120.200019702315,-2.47946166992188,-0.259138643741608,0.02569580078125,615.88378193453,-183.209770235472,0.233564809489252,364.979939115368,523.888438597043,2.17025672322775,-17.2006157315115,711.168179843363,3.10297238669345,-30.695307942652,152.852137142434,1.47237759774684
120.38001973182,-2.48904418945313,-0.259389668703079,0.029754638671875,619.356163370875,-185.048835702217,0.182710933699376,367.173397665546,526.391610141748,2.18428760597491,-17.3429188030089,713.061010662576,3.11377696392629,-30.8946191347519,154.313625584492,1.47944354292552
120.560019761324,-2.49887084960938,-0.259237706661224,0.025482177734375,622.82673603308,-186.932899617247,-0.259332245763424,368.482926156784,528.894890550314,2.19780345998966,-17.4776884265945,714.933802330383,3.13913257248563,-31.0975760274464,155.78178048462,1.48650933939238
120.740019790828,-2.50888061523438,-0.260415941476822,0.025390625,626.295355855185,-188.828606623185,0.338135511882868,369.9035438299,531.398063505094,2.21292539815853,-17.6053274113682,716.78702752536,3.137609101425,-31.3013838294038,157.256550212441,1.49357475427376
120.920019820333,-2.80654907226563,-0.261172413825989,0.025238037109375,629.76432970696,-184.705726164922,-0.0595619468850401,442.907477736313,533.913504776227,2.22715566932092,-17.5858301347768,718.393889690667,3.12096077493429,-36.3335879074598,158.738552680398,1.50064688371767
121.100019849837,-3.03280639648438,-0.26048082113266,0.019439697265625,633.230841657988,-192.31691591702,-0.143721100349246,242.706650716324,536.388006647894,2.2368935790007,-18.5097872569676,720.132597334702,3.15749743933401,-37.9965509813702,160.226397704819,1.50770345238515
121.280019879341,-3.0472412109375,-0.260945290327072,0.023345947265625,636.715586113523,-193.475718644512,-0.27185167071196,270.748602479169,538.893227646967,2.25011854618821,-19.1659965180672,721.941159784185,3.16072011897014,-38.2535178108891,161.732544622496,1.51481150620469
121.460019908845,-3.06002807617188,-0.260716468095779,0.02349853515625,640.214207066859,-195.216239576059,-0.467431813981264,283.555035686474,541.399071784342,2.26314513985582,-19.7542661071062,723.737258941066,3.17228379601973,-38.5136392179456,163.251103177189,1.5219288678897
121.64001993835,-3.07293701171875,-0.261030673980713,0.0220947265625,643.712228476977,-196.971322238296,-0.0294549290176249,294.661599743721,543.905154709705,2.27550090670767,-20.2877217950012,725.51631677661,3.18022411220982,-38.7747108435454,164.777267393986,1.5290412575374
121.820019967854,-3.08425903320313,-0.26145926117897,0.0230712890625,647.209049294132,-198.692049145458,-0.507054241808831,306.205997692173,546.411176285275,2.28924104937841,-20.7708465910658,727.27917309191,3.18586038043347,-39.0193062940926,166.310794665962,1.53614815125265
122.000019997358,-3.0953369140625,-0.261618077754974,0.02642822265625,650.704134301954,-200.531293473418,-0.0251023181383729,315.355735117345,548.916953958839,2.30239665325452,-21.2086704284779,729.024995103008,3.19728200675376,-39.2598358549991,167.851487030983,1.54324944917011
122.180020026863,-3.10592651367188,-0.262111574411392,0.027069091796875,654.197094180606,-202.397937031435,-0.412745552856393,323.40302083045,551.422182161271,2.31563189738401,-21.6058566203766,730.754084765797,3.20628525049345,-39.4869516694126,169.398926028921,1.55034493619118
122.360020056367,-3.1151123046875,-0.261925429105759,0.02252197265625,657.687239644385,-204.247890206858,-0.409997232231518,331.717703630761,553.92672092107,2.32875153764128,-21.9651450335263,732.466615675526,3.21952566876411,-39.6991998545002,170.953009440279,1.55743406955548
122.540020085871,-3.12423706054688,-0.262446254491806,0.020477294921875,661.174308609606,-206.219292574141,0.17106262839701,336.892769090838,556.430248291596,2.34213170414371,-22.2917472584021,734.161232484916,3.2369209976649,-39.9160084434004,172.513446288495,1.56451657318189
122.720020115376,-3.13418579101563,-0.262688726186752,0.026275634765625,664.657887678125,-208.111256164652,-0.0646896971409419,343.69687570509,558.932604329196,2.35618799645189,-22.5910142559701,735.838627787642,3.23932534125376,-40.1351608477924,174.080091919972,1.57159257316135
122.90002014488,-3.14382934570313,-0.262709230184555,0.018707275390625,668.137714536765,-210.082902731789,-0.0842335945336501,348.534660102794,561.43351717793,2.36976837660849,-22.865889387472,737.498495461494,3.24523578339882,-40.349668588642,175.65276653015,1.57866156748026
123.080020174384,-3.15280151367188,-0.26303705573082,0.0179443359375,671.613623050943,-212.064179653479,-0.120926977050566,353.007167209558,563.932819727503,2.38354302461325,-23.1193211096415,739.141562859857,3.25853621443253,-40.5573181472611,177.231319352127,1.5857238575953
123.260020203888,-3.16278076171875,-0.262862890958786,0.028472900390625,675.085122585829,-214.064479866668,-0.137572653284828,357.381986870887,566.430317777585,2.39720622935649,-23.3537793823711,740.766260475232,3.27189238591577,-40.7817599516746,178.815552050831,1.59277884402068
123.440020233393,-3.1739501953125,-0.262924373149872,0.025909423828125,678.55207649055,-216.13693973873,-0.103942168107366,359.653635287356,568.925802822225,2.41088641632143,-23.5731370368629,742.373841458003,3.27689843475182,-41.0070166394383,180.405386633051,1.59982651903215
123.620020262897,-3.18206787109375,-0.263872087001801,0.022552490234375,682.014226195654,-218.185056638221,-0.143060461817456,363.692404354108,571.423862318229,2.42560482548005,-23.7027075460769,743.896169289926,3.29566466058587,-42.4355149623489,182.000590744267,1.60686687817927
123.800020292401,-4.33428955078125,-0.263419598340988,0.008758544921875,685.48641255388,-251.77760662671,-1.54661350736249,-73.8162604018448,573.858446304871,2.43601326208231,-24.7502677617411,744.554470062677,3.26245613265404,-56.449341460589,183.603572526977,1.61390609015916
123.980020321906,-4.40853881835938,-0.264713943004608,0.016510009765625,688.926078214468,-230.936936412427,-0.694964495071169,61.8789307796552,576.294513970886,2.44800961216373,-26.5518363681941,746.073054891399,3.26915826430283,-57.1411193991562,185.204757842842,1.62088595053484
124.16002035141,-4.4228515625,-0.265277445316315,0.01422119140625,692.423678550797,-230.682261400929,-0.579728053335764,112.792346751651,578.743496610452,2.46048250351246,-28.0786354724803,747.635805584469,3.28666951096068,-57.4669398122843,186.843322797813,1.6279615474518
124.340020380914,-4.43618774414063,-0.265485763549805,0.017242431640625,695.935448303806,-231.466996161535,0.00920194330090851,147.035460671203,581.196373228542,2.47251780942381,-29.4361507406672,749.191824690948,3.30145710269481,-57.7853236484003,188.495192443133,1.63503205957795
124.520020410419,-4.44851684570313,-0.265446484088898,0.013458251953125,699.452246875377,-232.240246888878,-0.469801373327918,179.237456329317,583.652725686817,2.48580484671384,-30.6402622693087,750.73977068228,3.30278245785652,-58.0863365715313,190.158029930723,1.64209341292168
124.700020439923,-4.460205078125,-0.265596747398376,0.01312255859375,702.972333546273,-233.353465296971,0.0435224752782801,205.384136862673,586.111642931347,2.49787927925419,-31.7112338699148,752.277899257138,3.31660752262092,-58.3775921645206,191.8308865231,1.64914467623015
124.880020469427,-4.47134399414063,-0.265629202127457,0.015594482421875,706.493737762158,-234.473854267027,-0.9119302005207,229.683292857072,588.572384771202,2.51170961619604,-32.6652199820398,753.805589924317,3.31878123081164,-58.657460316348,193.512890697329,1.65618421917287
125.060020498931,-4.48284912109375,-0.265639454126358,0.012664794921875,710.015386933126,-235.813341496016,-0.0361939242447278,250.164641176507,591.028640078643,2.52395518331081,-33.5626673003241,755.379142864428,3.32275220717458,-58.1864541349917,195.203306997734,1.66321027070289
125.240020528436,-4.265869140625,-0.26474466919899,0.01788330078125,713.518333155053,-234.480038578663,-0.981419658125553,337.03779690704,593.493127070019,2.53248658902805,-34.027301070637,757.039034575844,3.35404676688859,-56.2870952250386,196.892784207246,1.67018366456766
125.42002055794,-4.27352905273438,-0.26666060090065,0.02276611328125,717.022022083837,-236.765433182374,-1.35096301831861,343.984571447759,595.965897875428,2.54911343146269,-34.4069828503758,758.529798096881,3.34089428584675,-56.4771301393438,198.591541943082,1.67716719656938
125.600020587444,-4.28689575195313,-0.266641795635223,0.0177001953125,720.522331165645,-238.886971983005,-0.143975540829175,346.394471144482,598.435195753146,2.56190117969667,-34.7632884009899,759.998123156813,3.35097809064426,-56.7642251500639,200.295937465304,1.6841356037881
125.780020616949,-4.29513549804688,-0.266747683286667,0.014739990234375,724.016439771189,-241.312900144832,-0.669492883966292,352.225133356489,600.900902998532,2.57496038918614,-35.0963720091536,761.457179138079,3.36117781145607,-56.9719100514673,202.00529955481,1.69108981757983
125.960020646453,-4.23907470703125,-0.266013413667679,0.018798828125,727.503394238132,-243.192366133985,-1.08119855967453,357.690008691666,603.322021705068,2.58630559153254,-35.6226243212209,763.130449828048,3.40050300042981,-54.0011337103956,203.718479666974,1.69801687390995
126.140020675957,-3.74917602539063,-0.265284270048141,0.019256591796875,730.930145311291,-241.86758204449,-0.945293682396397,516.455595106486,605.809817919448,2.5977614720909,-34.9544163200259,764.816235394407,3.39006418915811,-50.1068519064677,205.409730180702,1.70482760777698
126.320020705462,-3.75546264648438,-0.266272962093353,0.016571044921875,734.361522795624,-244.560616809022,0.0230956396597151,510.477748854672,608.284335165707,2.61309390712654,-34.4611327727954,766.219889380862,3.39814963588809,-50.1999240563593,207.112461807501,1.71168339573506
126.500020734966,-3.76034545898438,-0.266541063785553,0.019012451171875,737.782087488366,-247.809853263115,0.00129652387015256,495.949802182841,610.74913898362,2.62713142422217,-34.0482767918855,767.600551198604,3.40835036519682,-50.3431965106052,208.815539012061,1.71852089780956
126.68002076447,-3.76669311523438,-0.266879171133041,0.010406494140625,741.191085861905,-251.137888572538,0.448049120706827,480.369672547768,613.206494229947,2.6416725079882,-33.705752733648,768.974359391975,3.4087694724208,-50.317234852098,210.519855593032,1.7253478747493
126.860020793974,-2.52999877929688,-0.265029817819595,0.036407470703125,744.537999107078,-254.389084588074,-2.01117203448273,684.794413959486,615.571232661289,2.64580993505258,-33.1067957012763,771.290564095028,3.42929009530929,-31.8156205052942,212.198273223605,1.73201808582291
127.040020823479,-2.13912963867188,-0.264806151390076,0.030609130859375,747.801319349192,-243.798782137357,-0.870310683037498,938.486936596121,618.115382066243,2.65787994558443,-30.0526797838133,772.688996424488,3.44260866875544,-29.0419218220001,213.84821912752,1.73864608163457
127.220020852983,-2.13916015625,-0.264479994773865,0.022918701171875,751.094019053985,-245.171977812172,-1.29070917451742,854.541292954803,620.623786166446,2.66742281232047,-27.7282134485193,773.963123498546,3.459224839725,-29.1045779678023,215.512675443844,1.7453595535991
127.400020882487,-1.8763427734375,-0.261759787797928,0.027679443359375,754.380552951992,-286.250370115713,-2.03347470701585,643.47649078884,623.054980877048,2.6715979996241,-25.9631405740286,775.403410125223,3.51321957361699,-23.6586293457784,217.178065538123,1.75209017005728
127.580020911992,-1.62081909179688,-0.263585209846497,0.037384033203125,757.5810641517,-259.831068947464,-1.28890241157765,910.223844684861,625.531000392924,2.68522650769093,-23.120725980922,776.654594645519,3.47663854262463,-22.1604572339558,218.806227134428,1.75871889352612
127.760020941496,-1.623291015625,-0.263554483652115,0.025634765625,760.755361036271,-273.679478817138,-0.474254085316204,821.119018608275,627.931668790178,2.69382581409902,-20.9251798119564,777.830472117448,3.47613222793717,-22.202997884933,220.423670747488,1.76532985735648
127.940020971,-2.02423095703125,-0.265168130397797,0.0225830078125,763.866019182492,-268.095691552368,-0.119137834338638,1004.68918320462,630.305754850904,2.70716305904512,-18.8826790283169,778.72274860241,3.44596053608393,-29.5638293932202,222.01213226193,1.77186570430098
128.120021000504,-2.35516357421875,-0.264051377773285,0.01727294921875,766.943946741929,-282.920000700678,0.440417141590089,479.334100544557,632.612782740101,2.71387871144035,-18.6736607659359,779.740713872094,3.49573222874569,-31.9949696397896,223.589939841967,1.77837197044873
128.300021030009,-2.367431640625,-0.265499442815781,0.019195556640625,770.042594138558,-285.139774112137,0.0105917034026248,468.988184172378,634.959958697886,2.73092821924898,-18.2997811395575,780.850658152502,3.4856996863599,-32.1343803023538,225.188923031323,1.78496833809366
128.480021059513,-2.37310791015625,-0.265516519546509,0.023040771484375,773.153441390915,-287.879489576003,-0.222958758224891,455.129096758117,637.29998443371,2.74634141935424,-17.9828891920643,781.952066741256,3.48029386535238,-32.2439677011449,226.796801384533,1.79158010313802
128.660021089017,-2.38284301757813,-0.265743613243103,0.027069091796875,776.25072546246,-290.448153233476,0.122642543405362,444.405693752942,639.632484436381,2.7606004298697,-17.7220850659929,783.035702097043,3.50041186107847,-32.4106886398253,228.403449561812,1.79817901810984
128.840021118522,-2.38967895507813,-0.266197830438614,0.027862548828125,779.334404630277,-292.998431020063,-0.292927626057192,435.688415558425,641.957641329581,2.77529248012465,-17.508728857978,784.105843028156,3.49955228263867,-32.5407803650847,230.008829184498,1.80476338637403
129.020021148026,-2.39968872070313,-0.265854597091675,0.030670166015625,782.404647823276,-295.516853346286,-0.0399482841268934,427.023750939463,644.275483335602,2.78897101631964,-17.3375412944115,785.159306919728,3.5198808803739,-32.714798425628,231.612920517238,1.81133331726273
129.20002117753,-2.4097900390625,-0.266477882862091,0.0294189453125,785.461629021365,-298.031660488491,-0.132905605041458,419.051303580883,646.591137325116,2.80315639874416,-17.1152273658661,786.132433419134,3.5476631665766,-34.4232197034628,233.215812885486,1.81788890556202
129.380021207035,-3.03598022460938,-0.266488134860992,0.01654052734375,788.515709701342,-311.170627350313,-0.0619366931901268,115.573627152864,648.867027675895,2.81309862076236,-17.8315987625132,786.830442692184,3.51469304044955,-41.4175911791904,234.819978168042,1.82443444519998
129.560021236539,-3.05801391601563,-0.267628788948059,0.016632080078125,791.556717979629,-303.156808710533,-0.271144098974517,221.228262264534,651.159771841368,2.82671963795045,-18.7377769536562,787.843047726634,3.52223705464845,-41.7219089877141,236.428875062706,1.83096941924296
129.740021266043,-3.07546997070313,-0.267792731523514,0.01995849609375,794.624764505921,-305.038443501961,-0.140111467814151,242.086569811386,653.448448698369,2.83989357890985,-19.5359366255504,788.855548107836,3.52993426252433,-42.0358963209811,238.056390547764,1.83753397115164
129.920021295547,-3.09384155273438,-0.268202543258667,0.027557373046875,797.687182483668,-307.014962667182,-0.478503817156749,258.838683179212,655.732218613445,2.85556654657604,-20.2525275244518,789.859390144265,3.52868001030494,-42.3507984175952,239.687286271186,1.84407857660176
130.100021325052,-3.11065673828125,-0.268523544073105,0.025421142578125,800.742536213672,-308.822842891518,-0.47482704889444,271.791662270241,658.010979093866,2.86741200957144,-20.8975026300027,790.854709295951,3.53901592327913,-42.6470055401686,241.320831188524,1.85060281086705
130.280021354556,-3.24929809570313,-0.269044369459152,0.0299072265625,803.791323825007,-302.313361852401,-0.623258947178854,431.182122759743,660.30174229007,2.88175902770035,-21.2170082917778,791.617406789895,3.50866372848021,-46.8809961646196,242.956926616973,1.85711182700597
130.46002138406,-3.65618896484375,-0.268906056880951,0.011749267578125,806.8386869265,-317.227022627033,-1.04157583724523,101.498425105155,662.52529251027,2.89296703451823,-22.8522929238351,792.41149061892,3.53868497266395,-50.1518128471369,244.596395265858,1.86359210231993
130.640021413565,-3.67578125,-0.268340855836868,0.013336181640625,809.886079345912,-317.219969952292,-0.0517756073442399,157.015466644349,664.775497746686,2.90472347093044,-24.1233900479906,793.380213461633,3.54551844046613,-50.5409225658588,246.246602604144,1.87007389612234
130.820021443069,-3.6937255859375,-0.268310099840164,0.027435302734375,812.947978872156,-318.905622050072,-1.12601569492212,185.539160436952,667.022320574205,2.91983678479813,-25.2498978628101,794.351863587233,3.54239750381985,-50.8542531532293,247.909953489055,1.87655508008597
131.000021472573,-3.70925903320313,-0.267557084560394,0.02197265625,816.006585121229,-320.420863493379,0.151521224469235,214.377409293454,669.266246561109,2.93103285045618,-26.2380278726585,795.317690142033,3.5492468272422,-51.1578794867372,249.578084415233,1.88301432944735
131.180021502078,-3.724365234375,-0.267138689756393,0.018829345703125,819.060489358222,-322.202223255949,-0.591305433199679,236.228834341141,671.506161861377,2.94373552084685,-27.1167848044994,796.277201356635,3.54459843187114,-51.445486949988,251.250201795601,1.88945078737417
131.360021531582,-3.73907470703125,-0.267377763986588,0.013458251953125,822.108399049827,-324.077670378105,-0.661441640718522,255.206232312677,673.741790092089,2.95685499934263,-27.8972451136777,797.229403559609,3.5369206998871,-51.7260807914847,252.925525313146,1.8958642863311
131.540021561086,-3.86648559570313,-0.266703277826309,0.0126953125,825.15125840145,-328.252096629893,-1.2733705641422,219.31295011376,675.967334515882,2.9659566447096,-28.7119602440767,798.070413514081,3.52563965139433,-53.5653535830805,254.603830810852,1.90225618840215
131.72002159059,-3.8780517578125,-0.267072111368179,0.016387939453125,828.186341542797,-328.585511151096,-1.46071777573822,252.002274694132,678.189026177398,2.97965064120692,-29.5251318904867,799.012131218644,3.52947444985461,-53.7670452110567,256.285201280457,1.9086255913787
131.900021620095,-3.88900756835938,-0.266880869865417,0.013519287109375,831.220193290111,-330.516478722085,-0.727323121856955,269.677271136013,680.406557188495,2.9912493853339,-30.2417171103262,799.945013748589,3.53521835104566,-54.0015602087573,257.971829823979,1.91497967590658
132.080021649599,-4.01083374023438,-0.266312211751938,0.025238037109375,834.248155211105,-338.451451709594,-1.29468317307207,187.838155379274,682.614975129756,3.00210849054464,-30.9505611467692,800.759088978988,3.57135774653181,-55.8442788501064,259.66090482925,1.92131232784651
132.260021679103,-4.02792358398438,-0.266875743865967,0.016204833984375,837.266828244244,-335.180927904325,-0.344502341213925,261.439455709487,684.81712359711,3.01385621595574,-31.7254213577808,801.676835480354,3.54921875890141,-56.0629934138162,261.351667617605,1.92761862317518
132.440021708608,-4.042236328125,-0.267027705907822,0.01361083984375,840.283732051732,-337.113185900402,-1.03711076454388,277.321909457213,687.014842842883,3.02610051335342,-32.415566687209,802.584733650175,3.55655356062308,-56.3349609386209,263.048018856275,1.93391225345149
132.620021738112,-4.052978515625,-0.267032831907272,0.012298583984375,843.293151463122,-338.952658490666,-1.0699112980452,293.713280890467,689.207593208221,3.0376095202579,-33.0292829351095,803.487892135144,3.57902102480427,-56.554774656279,264.746066207969,1.94018179006619
132.800021767616,-4.06326293945313,-0.267256528139114,0.016845703125,846.293761188368,-341.070601485001,-0.618336829600793,304.996261600023,691.394724000907,3.04868878655224,-33.5805717491578,804.383523954261,3.57485622195317,-56.7617633482488,266.445124037016,1.94642681600907
132.980021797121,-4.07034301757813,-0.267236024141312,0.017242431640625,849.284682396481,-343.055820095464,-1.15963668159353,317.974467854356,693.57623166528,3.06138062331265,-34.0719417214383,805.272564616591,3.56061278707129,-56.939029666076,268.144831931845,1.95264690705263
133.160021826625,-4.0816650390625,-0.266848415136337,0.01361083984375,852.265498298833,-345.217813759032,-0.6268554574239,326.992031533285,695.751708154298,3.07256411681312,-34.5137282647524,806.148579691817,3.56450791226634,-57.1724457506728,269.844711561941,1.95884322414547
133.340021856129,-4.09170532226563,-0.267056733369827,0.014984130859375,855.235787077636,-347.373976983718,-1.18131096735202,335.451765961965,697.920452242518,3.08419401781769,-34.9192018526751,807.017482140769,3.56619374226144,-57.3740586367935,271.544438352722,1.96501515551791
133.520021885633,-4.10177612304688,-0.266571789979935,0.0174560546875,858.195045404288,-349.577985112486,-1.0583727042129,342.626882304222,700.082618581528,3.09530100240933,-35.2882851999251,807.876315842308,3.56759483991941,-57.5898821886591,273.24376645424,1.97116287857408
133.700021915138,-4.11502075195313,-0.267014056444168,0.015228271484375,861.143443352502,-351.892937089646,-1.49940955036867,347.527515801727,702.237647049127,3.10721385722234,-35.6312164291263,808.723556626956,3.54110380775192,-57.839229640734,274.94248639593,1.97728719686335
133.880021944642,-4.12503051757813,-0.266607642173767,0.01251220703125,864.080309308439,-354.216348544609,-1.30048724521257,351.703689490036,704.385348771797,3.11819603558375,-35.9537544052515,809.564881568514,3.57526131008596,-58.0377900226525,276.640348944962,1.98338741001758
134.060021974146,-4.13656616210938,-0.266821086406708,0.016845703125,867.005765255379,-356.525192504744,-1.04753655405452,355.956255350625,706.525821652863,3.12950755432393,-36.2541857297721,810.394898072324,3.58523943444622,-58.2655580328617,278.337225186714,1.98946424041624
134.240022003651,-4.14901733398438,-0.26686891913414,0.015655517578125,869.91952450551,-358.914477100311,-0.475309165421635,358.616510963901,708.658619652554,3.14126093433485,-36.5404590821883,811.214735272547,3.58024918030051,-58.5069421890602,280.032916151813,1.99551742270437
134.420022033155,-4.16189575195313,-0.265449911355972,0.016937255859375,872.821612127336,-361.280101143731,-0.680687827442526,361.012362019732,710.783601030155,3.1510469082828,-36.8161780828073,812.025645724338,3.59015684823961,-58.7435771687452,281.727206383479,2.00154708942685
134.600022062659,-4.17471313476563,-0.26600655913353,0.01776123046875,875.7117251527,-363.396379415453,-0.715667539701641,362.991404405728,712.90076490456,3.16306007144494,-37.0826091636961,812.827242309238,3.58309058061211,-58.9820521194601,283.420126773207,2.00755328494854
134.780022092164,-4.18634033203125,-0.265972435474396,0.018890380859375,878.589990832034,-366.054340410632,-0.712349154298522,364.66215898469,715.009896803483,3.17441190122278,-37.3429325864132,813.620799396817,3.57964146723437,-59.2075013793707,285.111456855311,2.01353646520106
134.960022121668,-4.198974609375,-0.266822814941406,0.0145263671875,881.456285826301,-368.487448950053,-0.408766463413329,365.71303805424,717.110963707514,3.18454100712419,-37.5970185600286,814.404472405423,3.59565533223908,-59.4429596072649,286.801167386725,2.01949595870211
135.140022151172,-4.21194458007813,-0.266848415136337,0.017425537109375,884.31050568313,-370.5935462691,-0.742343984032601,367.282891154192,719.203945742198,3.19567619803904,-37.8458106003082,815.178963783274,3.59990421596372,-59.6816508026463,288.489065301831,2.02543217155837
135.320022180676,-4.22552490234375,-0.266802310943604,0.014434814453125,887.15262316058,-373.05894023002,-0.885017820581197,367.381071841093,721.288662444597,3.20652576400625,-38.0915574458146,815.944348538995,3.58004833951325,-59.9247774537455,290.175033738031,2.03134505664824
135.500022210181,-4.23776245117188,-0.266085118055344,0.01507568359375,889.982468203003,-375.748904136551,-1.25667225048224,367.828335423356,723.365099081628,3.21757575555898,-38.3367118986703,816.70161441588,3.5905825853961,-60.157537876278,291.859070192292,2.03723440271157
135.680022239685,-4.25048828125,-0.266243934631348,0.011810302734375,892.800236969039,-378.123526149573,-1.35369931312609,369.160839127619,725.433220380895,3.2286030985728,-38.5790546633677,817.449667924154,3.58830988378474,-60.3971284784657,293.541031142368,2.04310030377921
135.860022269189,-4.26412963867188,-0.266453981399536,0.016326904296875,895.605652002084,-380.57750143473,-1.32260550871376,369.278581780304,727.493055803532,3.23992777667044,-38.8181623814436,818.188758730321,3.58975769949536,-60.6399400156297,295.220778756775,2.04894286566857
136.040022298694,-4.27728271484375,-0.267034530639648,0.017486572265625,898.398891680835,-382.992084266273,-1.9056801283094,369.493182062404,729.544550066116,3.25073597808337,-39.0558793379362,818.919606272253,3.59266095142475,-60.8811395323572,296.89825810167,2.05476191434963
136.220022328198,-4.29058837890625,-0.266863793134689,0.015472412109375,901.179697663615,-385.396078176706,-1.49344630548238,370.197790609374,731.587652520415,3.26178939422651,-39.2919596426442,819.641675308692,3.60893306688518,-61.1242989234938,298.573406217386,2.06055737084103
136.400022357702,-4.30398559570313,-0.267179697751999,0.012481689453125,903.948226376788,-387.849208377086,-0.799614169567874,369.686263836097,733.622248712225,3.27206372602035,-39.5292835900573,820.355624190383,3.61046871447549,-61.3668613691958,300.246095926327,2.06632901307813
136.580022387207,-4.31698608398438,-0.266730606555939,0.015533447265625,906.704254976842,-390.155926667435,-1.75579862478902,371.435792592154,735.648498706119,3.28227352431725,-39.7631529399768,821.061092443914,3.60963123349962,-61.6100302572756,301.916281168609,2.07207743515031
136.760022416711,-4.33065795898438,-0.26672887802124,0.01416015625,909.448035965473,-392.651162902785,-1.17803314829635,370.488642046788,737.665987679669,3.29338176576927,-39.9999792641648,821.758784694237,3.60534887409462,-61.8481177923297,303.583834292103,2.07780173330868
136.940022446215,-4.34375,-0.266486406326294,0.017059326171875,912.179133750389,-394.996526912661,-1.3722645408747,371.408873752069,739.675010191918,3.3045261873609,-40.2363762813845,822.448308298204,3.60433396491013,-62.0871625992224,305.24868717317,2.08350236105752
137.120022475719,-4.35690307617188,-0.266337841749191,0.014739990234375,914.897911454378,-397.445815678338,-0.996076366602921,371.172955604892,741.675406001205,3.31321558260622,-40.4734810652194,823.129947881786,3.63139037504878,-62.3230303122228,306.910709749898,2.08917931617316
137.300022505224,-4.37051391601563,-0.267147243022919,0.01007080078125,917.604099518522,-399.803993394066,-0.446796981600301,371.514833191291,743.667219739509,3.32339181724534,-40.709568576917,823.802834832698,3.62718737907415,-62.5712253302347,308.569863279713,2.09483241750045
137.480022534728,-4.38388061523438,-0.266493260860443,0.013519287109375,920.297709232926,-402.245000595551,-0.778358527526478,370.942569525728,745.650254458657,3.33314679356727,-40.9486078776842,824.468597026557,3.63115864499771,-62.808013434777,310.226027608084,2.10046133550595
137.660022564232,-4.39669799804688,-0.266155123710632,0.018951416015625,922.978862558532,-404.364028744494,-0.897429358267473,371.08165804995,747.624763479558,3.34402612370249,-41.1871765685254,825.126850030038,3.63817173006223,-63.0436163816399,311.879238672694,2.10606646355582
137.840022593737,-4.4107666015625,-0.267644166946411,0.009796142578125,925.647397165217,-407.013108334254,-1.33670480438865,371.129074571059,749.590553974883,3.35759185248553,-41.4254562287089,825.776495520678,3.60125320934415,-63.2912209317368,313.529272134311,2.1116473808192
138.020022623241,-4.424560546875,-0.26683646440506,0.012847900390625,928.303326665183,-409.365579198062,-1.66214759484855,371.642698418139,751.547634287856,3.36591776479778,-41.6646926393647,826.41844376759,3.62028607661449,-63.538979245906,315.176079438148,2.1172044330224
138.200022652745,-4.43765258789063,-0.266221731901169,0.014739990234375,930.946580202982,-411.761216632968,-0.957581385567323,371.150712381506,753.495941713896,3.37544770781337,-41.9070051715564,827.053669081385,3.63854765154459,-63.7748896204912,316.819728342956,2.12273748097818
138.38002268225,-4.45126342773438,-0.266826212406158,0.015838623046875,933.577486135222,-414.141011961412,-1.509524339191,370.883235196693,755.435576626985,3.38579116186795,-42.1504483365447,827.681365708559,3.64519938213642,-64.0153579038744,318.4601139309,2.1282466010892
138.560022711754,-4.46499633789063,-0.266853541135788,0.014190673828125,936.195813106942,-416.470157814786,-1.32212369258909,371.630608799396,757.366655961343,3.39582505637849,-42.3916817441599,828.300899532223,3.64123988231103,-64.2648886120041,320.097177537932,2.1337315151194
138.740022741258,-4.4793701171875,-0.267405092716217,0.0133056640625,938.801550786595,-418.883174077813,-1.43250492044147,370.467926043088,759.288781846153,3.40639453182013,-42.6378222445124,828.913467905587,3.63330511812984,-64.5116364624085,321.730756726435,2.13919226777668
138.920022770762,-4.49295043945313,-0.2673060297966,0.012237548828125,941.394742565332,-421.206005412848,-1.23522613650806,370.962676771085,761.202261617782,3.41535769769723,-42.8840536142968,829.519051694544,3.65476404911501,-64.7555772774981,323.360813595882,2.14462918385309
139.100022800267,-4.50640869140625,-0.267797857522964,0.021392822265625,943.975296337315,-423.562402125278,-0.0518061381604582,370.969622980535,763.106884478942,3.4244623185906,-43.1316650071323,830.117856576772,3.65061740713726,-64.9954536981901,324.987336761451,2.1500417568935
139.280022829771,-4.66201782226563,-0.266250759363174,0.01141357421875,946.546534099752,-443.141322543384,-2.2664173089991,185.750145447074,764.99632418111,3.43091175131657,-43.5206006285709,830.537465884359,3.66266040114857,-67.3972553130411,326.611581783267,2.1554348716177
139.460022859275,-4.68222045898438,-0.267591238021851,0.007659912109375,949.108004025578,-429.906253055612,-1.01999711668608,311.683464205065,766.87282544102,3.44297950953501,-44.0924099714146,831.129905811811,3.6638730425615,-67.5732064828874,328.235342335791,2.1608073785112
139.64002288878,-4.69903564453125,-0.268088132143021,0.007720947265625,951.667843881643,-431.815408781455,-1.23877826376635,320.646098086244,768.743906660546,3.45250962289829,-44.6069860195997,831.707213690699,3.67687801164258,-67.888541945141,329.862054332661,2.16616728914552
139.820022918284,-4.7178955078125,-0.268284499645233,0.016448974609375,954.217534304993,-433.963495611184,-1.14939587193084,325.745678170442,770.607303487242,3.4618812785887,-45.093770880296,832.279546409687,3.66055434062687,-68.1987480899669,331.486634116311,2.17150088846607
140.000022947788,-4.73190307617188,-0.268918007612228,0.01019287109375,956.756515515665,-435.943417182006,-1.66558275239227,333.158194764743,772.463412535527,3.47276673270241,-45.5480371643676,832.809682073627,3.6733105644551,-68.9481170631879,333.108838537168,2.17680824581913
140.180022977293,-5.29067993164063,-0.267610013484955,0.051239013671875,959.298560080511,-462.005313949414,-2.98953323837883,-18.2342778463807,774.270262190031,3.48762084275569,-46.7620876780555,832.740712938318,3.69644234311985,-76.4878994389042,334.73419616245,2.18210747985446
140.360023006797,-5.31976318359375,-0.268846303224564,-0.052001953125,961.837912948435,-449.3632388708,2.21029624322134,114.696826713629,776.063067468652,3.48922971449783,-48.3394796913746,833.294733874599,3.71492676285751,-76.8993284909015,336.367845409308,2.18738446038883
140.540023036301,-5.34161376953125,-0.268509894609451,0.032867431640625,964.402140993903,-449.047836820115,-0.783599516252508,160.24539558905,777.858786891089,3.49878500232774,-49.7052766221311,833.854953956865,3.66589104542181,-77.300753745994,338.021043381496,2.19267217611429
140.720023065805,-5.36087036132813,-0.268474042415619,0.032501220703125,966.965100617222,-449.092649656671,-1.08494315970715,187.17356614893,779.654310763745,3.50878634601682,-50.8982432209122,834.416456309145,3.67226993449058,-77.6753172293032,339.678282750988,2.19792945259515
140.90002309531,-5.3802490234375,-0.268567949533463,0.01806640625,969.523873314724,-450.463967414541,-1.27383681420666,224.050046035689,781.447910548513,3.51687381530254,-51.9513552009614,834.977714121108,3.67178036093355,-78.0321600456477,341.337561383815,2.20315496815613
141.080023124814,-5.3975830078125,-0.268554300069809,0.0079345703125,972.07674681073,-451.530655593666,-0.853270044685701,248.678792755014,783.238911394001,3.52548682219713,-52.8823567130842,835.539619282229,3.68741359054017,-78.3538134434808,342.998016185568,2.20835005192072
141.260023154318,-5.41476440429688,-0.269556641578674,0.011962890625,974.62255284688,-452.776815401476,-1.88345406552601,268.838446622081,785.026240987564,3.53545325242772,-53.712686763008,836.099241634556,3.65203570466437,-78.6686292566537,344.658577484695,2.21351424024399
141.440023183823,-5.4315185546875,-0.269180983304977,0.01373291015625,977.160426462379,-454.221814651564,-1.89727579466327,285.796952730902,786.809253881303,3.54281884010234,-54.4565715608739,836.65477946198,3.67991506576381,-78.9839741482502,346.318517873617,2.21864852400864
141.620023213327,-5.44561767578125,-0.268830925226212,0.007110595703125,979.689522294176,-455.806718351389,-1.24912196777181,300.768944500298,788.586942439191,3.55017986260005,-55.1281893410575,837.211567996332,3.68629926430317,-79.2454001183687,347.977344064097,2.22375298377269
141.800023242831,-5.4576416015625,-0.269076824188232,0.005828857421875,982.209051820747,-457.319312041602,-1.4325288450023,315.713646354279,790.359677764199,3.55830933967022,-55.7272882859984,837.765304438537,3.68845319929627,-79.4943083737001,349.634361465455,2.22882814916649
141.980023272336,-5.47268676757813,-0.269691526889801,0.011749267578125,984.718583984745,-459.276246973803,-2.15950154537295,324.233289841763,792.125918361516,3.56695882046795,-56.2768854882128,838.312415971792,3.66964645762342,-79.764687884407,351.289093907022,2.23387457663871
142.16002330184,-5.4844970703125,-0.269373923540115,0.00811767578125,987.217444254354,-460.991210093189,-1.94368897494684,334.994731357656,793.885947973546,3.57484951664889,-56.7767149365526,838.857525355906,3.68348450267462,-80.0034189926552,352.941235244154,2.23889247942515
142.340023331344,-5.49929809570313,-0.268820703029633,0.0069580078125,989.705616823438,-462.969235330547,-1.34844243738222,341.816078242677,795.638926002334,3.58134963881562,-57.2398205900811,839.394114637937,3.71580999996074,-80.2803630963558,354.590524593207,2.243882414481
142.520023360848,-5.51187133789063,-0.269686430692673,0.00848388671875,992.182683170098,-464.959160925797,-1.37827030382898,348.380872444898,797.384412357799,3.58996380819697,-57.6732796277776,839.930763567433,3.69568009043642,-80.5066330122999,356.236611679208,2.24884477451421
142.700023390353,-5.52481079101563,-0.26958566904068,0.009033203125,994.648321756208,-466.930593995549,-1.73620937886122,354.555465898992,799.122809185245,3.59792002780145,-58.0740205906397,840.459430569278,3.69160234029392,-80.7608166722793,357.879250311928,2.25377991317834
142.880023419857,-5.53897094726563,-0.269645422697067,0.0040283203125,997.102460258948,-469.067347338098,-1.49880659412044,358.151899078377,800.853026396348,3.60506197471398,-58.4572411178852,840.982636075815,3.69137319661812,-81.0185982894863,359.518314605398,2.25868798227103
143.060023449361,-5.55288696289063,-0.269935756921768,0.006683349609375,999.545169895803,-471.136291608356,-2.16599011207494,362.317735540656,802.575347249614,3.61244825470652,-58.8213623893631,841.500785329932,3.69530672266585,-81.273836059715,361.153711346262,2.26356948309679
143.240023478866,-5.56661987304688,-0.269964784383774,0.002838134765625,1001.97605125165,-473.354879912241,-1.32712652371282,364.192130000734,804.289152449324,3.61993219697303,-59.1754387306068,842.014082484063,3.6960260120417,-81.5254225026518,362.785214804626,2.26842480471355
143.42002350837,-5.58065795898438,-0.270007461309433,0.009368896484375,1004.39525096271,-475.276646166167,-1.50144313244911,366.453315552861,805.99471521752,3.6272277282358,-59.5171223365806,842.521434590042,3.69277382800902,-81.7856753640658,364.412854539402,2.27325383772182
143.600023537874,-5.59573364257813,-0.269913554191589,0.006622314453125,1006.80276951905,-477.732533221915,-1.91452370329239,368.112227806644,807.691633075411,3.63438426633738,-59.85206133324,843.022526486648,3.70721192735514,-82.055194823407,366.036446168039,2.27805697669087
143.780023567379,-5.60977172851563,-0.270369470119476,0.00604248046875,1009.19845479305,-479.890400832854,-1.83278708876054,370.376774100192,809.380054527867,3.64268365775338,-60.1780346698121,843.520135736837,3.71739483874737,-82.3075433314533,367.655967289069,2.28283457282612
143.960023596883,-5.62384033203125,-0.269891351461411,0.00482177734375,1011.58230681249,-482.21669103422,-1.33490534088622,370.121322835797,811.059748601547,3.64768739847838,-60.5002928348602,844.012400389213,3.72344760587607,-82.5624723961679,369.271231341689,2.28758627419828
144.140023626387,-5.6378173828125,-0.269867449998856,0.0081787109375,1013.95448885745,-484.113670787769,-2.06281801966304,371.777398070807,812.730818917917,3.65451662988825,-60.817794365462,844.499303589427,3.7314619991921,-82.8197441603992,370.882355499053,2.29231276787305
144.320023655891,-5.44281005859375,-0.271264255046844,0.028167724609375,1016.30186415438,-471.001331957785,-2.31823964720004,559.515368014248,814.393991417645,3.6634288781091,-60.8525248401841,845.280052774844,3.70929891200414,-79.9481154318151,372.480113523981,2.29698037366851
144.500023685396,-5.44827270507813,-0.270282387733459,0.01239013671875,1018.62243228805,-484.767537684057,-0.681435844436322,469.270415191315,816.070077894681,3.66831216473005,-60.6551229881463,845.74998633294,3.73606320406042,-80.2079121022366,374.063548626171,2.30161452538013
144.6800237149,-4.91012573242188,-0.27077928185463,0.07049560546875,1020.8991729829,-455.167307011264,-0.624829152781956,902.115219108256,817.720480192663,3.67451475602327,-59.9792480063848,846.955228607934,3.68737969802945,-72.1601789387982,375.619208697581,2.30614943012512
144.860023744404,-4.89285278320313,-0.268897533416748,0.05401611328125,1023.10818087222,-482.517123839813,-0.583120601745733,703.499924299288,819.423497979577,3.68204145380324,-58.5039467885132,847.40366676351,3.74266338804712,-72.2913341813952,377.132842577421,2.31061289983421
145.040023773909,-4.89569091796875,-0.268675535917282,-0.028778076171875,1025.29286734413,-487.296818516481,-3.00290096770888,649.924028543351,821.098614842585,3.6863688626575,-57.3378406952887,847.848676808649,3.73528949037609,-72.3142556923969,378.630399293625,2.31506702730103
145.220023803413,-4.90237426757813,-0.268269121646881,0,1027.45753533617,-491.492855895848,-1.81522892851886,605.894582068371,822.753855467585,3.69054908036424,-56.4019363357224,848.276673973532,3.78115757819528,-72.4114572382779,380.117483591883,2.31952337066317
145.400023832917,-4.91241455078125,-0.268415987491608,-0.00439453125,1029.60587943288,-495.399744164197,-1.76414851254464,567.0541832415,824.390661981874,3.69496421107341,-55.6680460742503,848.691637437197,3.76422941230874,-72.5549716731022,381.595351351841,2.3239779539921
145.580023862422,-4.92343139648438,-0.267843961715698,-0.006256103515625,1031.73837220384,-498.805371151253,-1.58530485845955,535.790871109597,826.010856349608,3.69900265343898,-55.1061234033504,849.095832451186,3.78006332771824,-72.7212618659496,383.06447991743,2.32842630889023
145.760023891926,-4.93423461914063,-0.268028348684311,0.00872802734375,1033.85539966035,-502.515681241756,-1.07997812242547,505.077239715405,827.615745764019,3.70498910788646,-54.6885800810888,849.492412672522,3.76375449309619,-72.8883580669009,384.525173685949,2.33286557594407
145.94002392143,-4.946533203125,-0.268340855836868,0.003021240234375,1035.95741455589,-505.66160082784,-1.84318623286801,481.759674769556,829.206745213698,3.71229290401458,-54.3895107224951,849.878882441582,3.7522498286261,-73.0852913616971,385.977865840732,2.3372931530465
146.120023950934,-4.95840454101563,-0.268388658761978,0.01104736328125,1038.04478677196,-508.577414829854,-1.69730295120365,462.857347963569,830.784782303836,3.71753750232193,-54.1889402216252,850.259199199458,3.74134353419642,-73.2746653079245,387.422888859539,2.3417065888896
146.300023980439,-4.97622680664063,-0.26819059252739,0.004608154296875,1040.1180648055,-511.462890862605,-1.90777830756868,443.931598850501,832.350499470618,3.72582660350066,-54.0765706216597,850.625570225115,3.73209507139447,-73.551605429055,388.860542022971,2.34610465388403
146.480024009943,-4.99227905273438,-0.268602132797241,0.016632080078125,1042.17774700392,-514.116141498394,-1.61871456844833,429.644179628509,833.90415704531,3.73244883180529,-54.0449458768472,850.988359103075,3.74288911980286,-73.8014062168906,390.291253853203,2.35048603106086
146.660024039447,-5.00784301757813,-0.268870204687119,0.01116943359375,1044.22439821152,-516.530120578304,-1.07329634854489,419.343823316297,835.446982888073,3.73949446362007,-54.0709664654089,851.344524459862,3.74533593086264,-74.0608448867698,391.715379690582,2.35484999224145
146.840024068952,-5.02450561523438,-0.268234968185425,0.009185791015625,1046.25814444865,-519.067815357466,-1.98577754188824,407.859803089524,836.97910969691,3.74547869756551,-54.1511716704352,851.69528926633,3.74201900253188,-74.3236249600594,393.132977278638,2.35919512095554
147.020024098456,-5.0399169921875,-0.268959015607834,0.002777099609375,1048.27936464744,-521.369513389016,-2.05185358520362,400.642501692561,838.501126448287,3.75290456873447,-54.2717148014711,852.041725495911,3.73135761505434,-74.5767851507065,394.544404499141,2.36352094605784
147.20002412796,-5.0565185546875,-0.268528670072556,0.01025390625,1050.2880758863,-523.581933218259,-1.33338077004325,394.324854282945,840.01330990089,3.75795354283742,-54.4275514328002,852.382380303764,3.7518011144307,-74.8396670851384,395.949581528547,2.36782662322388
147.380024157465,-5.07138061523438,-0.268649935722351,0.005584716796875,1052.28466236642,-525.763564833649,-2.37774936322131,389.7878169738,841.515982108542,3.76538284039673,-54.6111545238999,852.720124385963,3.73869069045312,-75.0827745725648,397.34860534813,2.37211170886396
147.560024186969,-5.08706665039063,-0.268911182880402,0.0068359375,1054.26909110174,-527.929078614306,-2.06619893011451,384.882625121844,843.009614428582,3.77093866485228,-54.8156939090737,853.051680258449,3.75444270988061,-75.3441936281978,398.741784767121,2.37637592506365
147.740024216473,-5.10397338867188,-0.268702864646912,0.00750732421875,1056.24156133243,-530.104723680587,-1.77646867571464,379.868786881483,844.494137965341,3.77812872785739,-55.0404349018711,853.377770757642,3.74058802752805,-75.6173070467923,400.129013133378,2.38061893525323
147.920024245977,-5.1185302734375,-0.269085347652435,0.01300048828125,1058.20224837817,-532.067333319639,-2.17544541545277,378.127851739014,845.969640551247,3.7865284207336,-55.2825236015793,853.703041967836,3.72732394690141,-75.8527912686252,401.510375513004,2.38484073493486
148.100024275482,-5.13311767578125,-0.268738716840744,0.0103759765625,1060.15133571307,-534.026908706923,0.0043475914526141,377.837222009367,847.436759112723,3.79187586432222,-55.5311921787145,854.022614966373,3.75889864339617,-76.1033010273711,402.885945357185,2.38904085891325
148.280024304986,-5.14877319335938,-0.268791675567627,0.011444091796875,1062.08850721995,-536.039211696296,-1.29528280964217,375.619957502331,848.895267651961,3.79963741734018,-55.7899860936028,854.33787152251,3.75311860866208,-76.3592480329229,404.255610140356,2.39321912005959
148.46002433449,-5.16400146484375,-0.268931686878204,0.0035400390625,1064.01415930193,-537.96850297975,-2.08643056443695,374.970135970269,850.345543853165,3.80643002645938,-56.0523827223753,854.648678913868,3.74859986591628,-76.6160094374018,405.619393474145,2.39737547872971
148.640024363995,-5.17886352539063,-0.268615782260895,0.011749267578125,1065.92801593204,-539.942238335089,-2.26265403133323,373.668431918284,851.787267715779,3.81363966635757,-56.323098676242,854.957470016313,3.74361162130409,-76.8539364730975,406.977267818214,2.4015097536277
148.820024393499,-5.19366455078125,-0.268658488988876,0.009124755859375,1067.83042417939,-541.838989288233,-0.949334583254199,373.33112314726,853.2208514033,3.8191813183665,-56.5970608811027,855.260877846569,3.76813685603072,-77.1047836650176,408.329386417782,2.40562217604644
149.000024423003,-5.2086181640625,-0.269379049539566,0.009674072265625,1069.72122893966,-543.800323976886,-1.55500078685722,371.75161338303,854.646109487688,3.82618938721031,-56.8762528864401,855.560901107082,3.77105193024216,-77.3521875654452,409.675517923622,2.40971257222133
149.180024452508,-5.22329711914063,-0.269681304693222,0.003631591796875,1071.60071316143,-545.617674927217,-1.70088284547612,372.158892609168,856.063230129838,3.83308462909808,-57.1588581620781,855.857177993303,3.7767964874149,-77.5979199350948,411.015892363579,2.41378128920174
149.360024482012,-5.2391357421875,-0.26966592669487,0.006103515625,1073.46880756375,-547.543296529001,-1.38126673123736,371.520124092876,857.472093602407,3.83867631633514,-57.4449039187749,856.148936480033,3.7702402266085,-77.8541443210673,412.350347247198,2.41782781154525
149.540024511516,-5.25299072265625,-0.269976735115051,0.002899169921875,1075.32545707488,-549.335225897782,-2.15980068795504,372.275312671333,858.873089266928,3.84445745348693,-57.7301842440771,856.438872923612,3.73563483635772,-78.0902750523016,413.678867152535,2.4218524817038
149.72002454102,-5.26870727539063,-0.269852072000504,0.008331298828125,1077.17084228882,-551.253542165299,-2.73561348479915,370.856877445569,860.265949478623,3.85369754119182,-58.0196491946183,856.722930725153,3.732455398158,-78.3482008628715,415.001538785928,2.425855358057
149.900024570525,-5.28372192382813,-0.269556641578674,0.011474609375,1079.00502611231,-553.114905605615,-1.32833643767958,370.656469622035,861.650701433953,3.85874272952113,-58.3122913274567,857.004115676027,3.75968487844606,-78.5967195489123,416.318361799686,2.42983656114925
150.080024600029,-5.29946899414063,-0.269380778074265,0.004730224609375,1080.82795077585,-554.937292800599,-2.22805112400073,370.452238846106,863.027583966819,3.86501842352388,-58.6060694053268,857.281036411663,3.75062330216177,-78.8558347378561,417.629316167332,2.43379625462622
150.260024629533,-5.31436157226563,-0.269775241613388,0.013458251953125,1082.63978250923,-556.737806306114,-2.30921846648189,370.077079413389,864.396345163813,3.87087931328161,-58.9041460593764,857.555742525978,3.76448781918893,-79.0984727405009,418.934445133312,2.43773397813456
150.440024659038,-5.32901000976563,-0.269228786230087,0.01068115234375,1084.44078928243,-558.545210143541,-1.81244957150514,370.239503169258,865.757374764787,3.8770152995658,-59.2013260018874,857.826526834213,3.78294062945966,-79.3463391092949,420.233734083288,2.44165042812359
150.620024688542,-5.34454345703125,-0.269616395235062,0.004852294921875,1086.23060703167,-560.315388670339,-1.77920929775098,370.464452067085,867.110433361573,3.88424654632708,-59.5007812418563,858.093007241684,3.76970713353752,-79.6041354112736,421.527066194648,2.44554507497408
150.800024718046,-5.35983276367188,-0.269363701343536,0.008056640625,1088.00936346069,-562.170913992515,-1.78835280528889,369.719005146485,868.455640463613,3.89017629548102,-59.8008924412728,858.357215570479,3.76112806836546,-79.8512484271923,422.814594144187,2.44941856300742
150.98002474755,-5.374755859375,-0.269363701343536,0.005401611328125,1089.77722706444,-563.842207076507,-2.51583452525719,370.85363951314,869.793339688889,3.8962741330794,-60.0990267073554,858.617250500534,3.76603786222392,-80.1059010549399,424.096156773473,2.45327055025305
151.160024777055,-5.39028930664063,-0.269911855459213,0.005279541015625,1091.5341791778,-565.62446342392,-1.68196372621895,370.449646297147,871.123103337663,3.90227245975589,-60.4000767148379,858.873816661819,3.78116801850739,-80.3597299346809,425.37180911458,2.45710114129293
151.340024806559,-5.9150390625,-0.269204884767532,-0.014862060546875,1093.29649163631,-610.025136931989,-4.45208830350035,-110.487197824819,872.397786138644,3.90700617211185,-61.5332231728612,858.387514112574,3.71449181867813,-88.1704684630577,426.650096897499,2.46093538823624
151.520024836063,-5.94876098632813,-0.270480453968048,-0.002655029296875,1095.06714136346,-581.095034872781,-2.51207525090922,110.542857822134,873.645269623923,3.91608459695752,-63.226792151697,858.638943453666,3.7608231781357,-88.5116441431805,427.942960127165,2.4647650101244
151.700024865568,-5.97549438476563,-0.270996153354645,0.011199951171875,1096.86841973962,-580.533637110796,-0.776374598109697,153.452687974998,874.899501705327,3.92097724120456,-64.6760267353752,858.882216915475,3.78324746882836,-89.0004331199504,429.258966617419,2.46860761669758
151.880024895072,-6.0013427734375,-0.271283030509949,0.006988525390625,1098.67020970507,-580.093076843739,-2.12798261374357,190.98464875559,876.1555406034,3.92801043477055,-65.9488322449224,859.132140510776,3.73916801716398,-89.45018788989,430.577912445468,2.47241826466433
152.060024924576,-6.02450561523438,-0.27134108543396,0.008056640625,1100.46971254395,-580.339488303555,-2.05487354647352,219.917599670364,877.412364463748,3.93449333762177,-67.0677684993006,859.387338795423,3.7565749139678,-89.8564537785464,431.898090757029,2.47619777814315
152.240024954081,-6.04910278320313,-0.270804882049561,0.004241943359375,1102.26542600275,-580.70295545641,-2.03522047838919,244.87261856573,878.668745572781,3.93987419405641,-68.0589842292349,859.642599789315,3.79171686778434,-90.2684453714128,433.218122888884,2.47994726950036
152.420024983585,-6.06903076171875,-0.270632416009903,0.005279541015625,1104.05582052821,-580.942999588689,-0.757965591386977,269.132609467347,879.923798020289,3.94614295503986,-68.9389751548202,859.904391101884,3.78673916621843,-90.6167662306513,434.536975008098,2.48366738434855
152.600025013089,-6.08734130859375,-0.271675765514374,0.008331298828125,1105.84012075084,-581.758092092305,-3.06338054185473,286.695918732242,881.17648294451,3.9555175378314,-69.7251217701524,860.168810317522,3.76221993199812,-90.9355979975488,435.853694774071,2.48735911852741
152.780025042593,-6.10418701171875,-0.271486222743988,0.001373291015625,1107.61718886396,-582.576986755751,-1.61946969108303,303.217648967822,882.426251845115,3.9600288750582,-70.4299059257903,860.435394534052,3.77590454148078,-91.2228268077901,437.167709675586,2.491022943672
152.960025072098,-6.118408203125,-0.271411091089249,0.011810302734375,1109.38632953301,-583.580374465372,-1.94869954643053,317.013296794483,883.672427934621,3.96523096485504,-71.0619353779686,860.704993394225,3.75835780931956,-91.471312919416,438.478172363786,2.49465981630745
153.140025101602,-6.1334228515625,-0.27183797955513,-0.001861572265625,1111.14680450941,-584.476650316054,-2.76729786252368,330.62111434429,884.915078525482,3.97145804475219,-71.6264773292247,860.969449262748,3.7515336572286,-91.7484961840844,439.784443632506,2.49827012739571
153.320025131106,-6.14764404296875,-0.270967125892639,0.005767822265625,1112.89814981602,-585.813562565561,-2.65791171702566,338.845084379218,886.152235491593,3.97769978999387,-72.1486607103031,861.236050890128,3.75933429778359,-91.9881751774364,441.086235029079,2.50185493543051
153.500025160611,-6.161376953125,-0.271395713090897,0.0076904296875,1114.64008315404,-586.980218125272,-1.45173740205593,348.379337119388,887.384743863262,3.98138573268118,-72.6234522393734,861.499114865747,3.80310473469704,-92.2397013399053,442.383112263959,2.50541465547105
153.680025190115,-6.17721557617188,-0.271477699279785,0,1116.37228496838,-588.472052977186,-1.84402831207456,353.45090746334,888.611139945325,3.986720439153,-73.0698287277963,861.758328955815,3.79092467060503,-92.5069944160829,443.675071015661,2.5089504989698
153.860025219619,-6.1907958984375,-0.271269381046295,-0.005462646484375,1118.09484334288,-590.00064462308,-2.61972177073929,357.739686497161,889.831272029684,3.99398991428594,-73.4919506934174,862.018771860378,3.7626785177856,-92.7428001447495,444.961709481502,2.51246265474436
154.040025249124,-6.20455932617188,-0.271819204092026,0,1119.80762976478,-591.202578763268,-2.51898646498975,363.083881249344,891.045370064996,3.99914517356418,-73.8887386263429,862.275645951708,3.77755985196664,-92.9848046196836,446.243042742757,2.51595157077802
154.220025278628,-6.22042846679688,-0.270757079124451,0.00164794921875,1121.51030381989,-593.045123258829,-1.56040125700457,365.49795528949,892.252920758729,4.00317697925852,-74.2674953649102,862.526665160396,3.84518055421211,-93.2560571373052,447.518857269596,2.51941766757971
154.400025308132,-6.23666381835938,-0.272259771823883,-0.004730224609375,1123.20284072334,-594.635372049586,-2.6270020836759,366.994735165827,893.453344058022,4.00875323560166,-74.6385534682591,862.775259558003,3.79203508960572,-93.5314109843411,448.789055453544,2.5228614596658
154.580025337636,-6.2515869140625,-0.272066831588745,0.001495361328125,1124.88573031481,-596.070972789367,-1.21834829363422,370.583064019067,894.646791490594,4.01278477863652,-75.0015159833209,863.023027091832,3.82999758432061,-93.7858797606518,450.053989215845,2.52628394274083
154.760025367141,-6.26846313476563,-0.272157311439514,0.00323486328125,1126.55875927128,-597.574799454324,-1.4588983530478,371.167066603176,895.83283455999,4.01695728779592,-75.3612031103951,863.266239562913,3.81106322538021,-94.0625442767017,451.313304420832,2.52968475819679
154.940025396645,-6.284423828125,-0.271974623203278,0.004730224609375,1128.22205335764,-599.352657778479,-1.52170235502348,372.555860606392,897.011767227134,4.02107660012858,-75.7155310937567,863.507515767358,3.78676225301733,-94.3330291679976,452.567179461536,2.5330639614309
155.120025426149,-6.29998779296875,-0.271834552288055,0.001434326171875,1129.87544885405,-600.999706908226,-2.78585808005829,373.113592207491,898.183475947175,4.02519074589834,-76.0658018822414,863.74687772116,3.78955511757406,-94.596051625746,453.815495610451,2.53642231607847
155.300025455654,-6.31527709960938,-0.272164136171341,0.003631591796875,1131.51920696997,-602.538072993342,-2.75870719697696,374.992602384931,899.348120113405,4.03035928709283,-76.4116956423466,863.984466191821,3.77692753441398,-94.853639467807,455.058278375931,2.53975980717042
155.480025485158,-6.33175659179688,-0.272259771823883,-0.00201416015625,1133.1532039502,-604.210136583949,-2.69237136301274,375.13675204082,900.505685789823,4.03541403029218,-76.7533281655868,864.217451398139,3.77854609299986,-95.128991636442,456.295486513138,2.54307645564119
155.660025514662,-6.34707641601563,-0.271720170974731,0.004669189453125,1134.77741863875,-605.934623291903,-1.60840136196134,375.08908148574,901.655894572381,4.03816527866778,-77.0939354380788,864.449554599094,3.81236476829341,-95.387715269458,457.527035980357,2.54637212828018
155.840025544167,-6.36325073242188,-0.272046327590942,0,1136.39175221729,-607.503757781415,-2.37191781362827,375.808337448517,902.79881766356,4.04276507082363,-77.4330937765343,864.678162137631,3.79294248993348,-95.6585702266583,458.752964953557,2.54964730529421
156.020025573671,-6.37924194335938,-0.272225618362427,0.0023193359375,1137.9965412444,-609.095245701567,-1.90124473989852,376.324264476882,903.934567061959,4.04584138997259,-77.7715051289133,864.904703059706,3.79544080154758,-95.9231954523782,459.97322108679,2.55290226749892
156.200025603175,-6.39505004882813,-0.271600633859634,-0.00177001953125,1139.59163345336,-610.464963100572,-3.1523717020183,377.536665333178,905.062987874216,4.05087489145577,-78.1096001495815,865.128819690193,3.81185967848889,-96.1882688256859,461.187846913093,2.55613642478147
156.380025632679,-6.41094970703125,-0.27191823720932,0.0028076171875,1141.17710606012,-612.304671128348,-1.5072115016508,376.840263386701,906.184156322209,4.05441320367689,-78.448327195222,865.350615486247,3.81567932319437,-96.4522358305938,462.396785565821,2.5593505496168
156.560025662184,-6.42807006835938,-0.272565424442291,0,1142.75308186283,-613.906347047251,-2.68568620740368,377.032016739809,907.298230996816,4.06039936694478,-78.7863044998874,865.568281326822,3.78938443319142,-96.7329078187518,463.600316345018,2.56254473127181
156.740025691688,-6.44342041015625,-0.271434992551804,0.0042724609375,1144.31956286807,-615.48443955195,-1.91517339732007,377.439711872857,908.404982499642,4.06154447794772,-79.1254329716742,865.785617846265,3.81404891029853,-96.9930127315581,464.798128576201,2.56571870873176
156.920025721192,-6.46011352539063,-0.271788448095322,0.001373291015625,1145.87665119927,-617.051411152102,-2.35124559908883,377.829544593057,909.504815944222,4.06664264612106,-79.4621427447974,865.999088573369,3.7894296928191,-97.268976327163,465.990337866755,2.5688726992719
157.100025750697,-6.47604370117188,-0.272322952747345,0,1147.42421815352,-617.687397620374,-2.33150620881094,376.862321921677,910.597440407655,4.07081216913949,-79.8008462798692,866.211161804242,3.79092408266662,-97.5337618108062,467.176958933906,2.5720072187276
157.280025780201,-6.49215698242188,-0.27173724770546,-0.0057373046875,1148.96254117613,-620.280617000024,-0.917430749924449,377.369877453667,911.682929385203,4.07186066712105,-80.1394071354093,866.420056934356,3.84957020178449,-97.8060231630352,468.357958458452,2.57512188290829
157.460025809705,-6.50830078125,-0.272654205560684,-0.00115966796875,1150.49149813946,-621.762388933301,-3.35852761291439,378.000608721188,912.761176075253,4.07606250551209,-80.4804104965613,866.628367641971,3.80923621521358,-98.0668486851843,469.533352151755,2.57821677766692
157.64002583921,-6.52365112304688,-0.272734463214874,-0.005523681640625,1152.01103966733,-623.224408745125,-2.69762362370048,379.207748722113,913.832765576421,4.07903303966129,-80.8175439292725,866.833418830158,3.82633948426035,-98.3327588213222,470.703150590033,2.58129215439058
157.820025868714,-6.54177856445313,-0.272012174129486,-0.0023193359375,1153.52151682319,-624.979993568505,-2.98248188100526,377.408129436168,914.897128750862,4.08193516000728,-81.1574824666357,867.03342147255,3.81644731489582,-98.6256028724738,471.867445866718,2.58434824106476
158.000025898218,-6.5572509765625,-0.273448258638382,0.004425048828125,1155.02276984675,-626.307437361079,-3.70842704726245,379.146589446455,915.954729413199,4.0882308754853,-81.4959516647941,867.23529230651,3.77587866541015,-98.8832921358888,473.026118716774,2.58738485817869
158.180025927722,-6.57415771484375,-0.273202359676361,0.0015869140625,1156.51483715205,-627.901163086166,-2.86119770617978,378.415438844994,917.005313876336,4.08988590901706,-81.8363102505981,867.431867736662,3.79217696459208,-99.1660795566789,474.179264885822,2.59040247508686
158.360025957227,-6.59054565429688,-0.272970110177994,0,1157.99794060714,-629.438546126767,-2.53222198863833,378.218652176488,918.048771714914,4.0947836064617,-82.1795584112222,867.628151338584,3.79636465831626,-99.4331821971476,475.326866642809,2.59340102675111
158.540025986731,-6.60781860351563,-0.272912055253983,-0.001129150390625,1159.47209936956,-630.98925044211,-3.76195371773947,377.492029896248,919.085369551395,4.09795130006746,-82.5249409114739,867.820269453687,3.79691277756143,-99.717889349542,476.469019258258,2.59638056859654
158.720026016235,-6.6241455078125,-0.274424999952316,-0.003204345703125,1160.93753957788,-632.481026177148,-4.58077667569655,377.412443047849,920.115096777794,4.10320146857857,-82.8719760200784,868.012544020451,3.77767444667142,-99.9841072212964,477.60589717608,2.59934173105797
158.90002604574,-6.64120483398438,-0.273291170597076,0.00262451171875,1162.39424032846,-633.931957162117,-1.72016326524252,377.748173721053,921.138269263722,4.10369885805561,-83.2183951095151,868.199997139028,3.82140251030823,-100.270864583397,478.737349353842,2.60228424035094
159.080026075244,-6.65814208984375,-0.273262143135071,0.002227783203125,1163.84222995946,-635.405499884524,-2.7934161934907,377.593714308426,922.154520102222,4.10607912695049,-83.5676445812657,868.387611683736,3.82325535502657,-100.54240381466,479.863460100925,2.60520801675388
159.260026104748,-6.67471313476563,-0.273796588182449,-0.00286865234375,1165.28160407352,-636.840399228994,-2.79721631487237,377.770609044558,923.164119416343,4.11176358464115,-83.917809108546,868.572157515616,3.80266148442764,-100.822673946435,480.984367967398,2.60811370293778
159.440026134253,-6.69183349609375,-0.272772043943405,-0.01055908203125,1166.71245559611,-638.358427628688,-3.11670834942359,377.160681527249,924.167014264719,4.11395676716104,-84.2687545791472,868.754769680558,3.80776542243412,-101.101846011381,482.099855683054,2.61100078492315
159.620026163757,-6.7083740234375,-0.27314430475235,0,1168.13456736425,-639.153206080622,-3.14952840703866,378.729544290114,925.163351519192,4.11664488744646,-84.6188677161057,868.935482816945,3.81082965338838,-101.380273455309,483.210054405613,2.61386958459091
159.800026193261,-6.72451782226563,-0.273342370986938,-0.001678466796875,1169.54806540318,-641.051003875765,-1.90077542392362,379.179606028771,926.153243062605,4.11986908706946,-84.9682294796839,869.115517887991,3.83122110518994,-101.648340503613,484.314901388651,2.61671987685014
159.980026222765,-6.74215698242188,-0.273258715867996,-0.00299072265625,1170.95319148014,-642.582291303222,-2.19173812913908,378.041487247089,927.13645611243,4.12360248413973,-85.3195856228995,869.291070391603,3.81368563669528,-101.937667357302,485.414354661909,2.61955217733344
160.16002625227,-6.75906372070313,-0.273899048566818,-0.00146484375,1172.34990169487,-643.95207498413,-3.79248538930028,378.487108964183,928.113084231707,4.12786503102536,-85.6724080373136,869.46640538329,3.8000743763855,-102.213128569371,486.508558684419,2.62236661884994
160.340026281774,-6.77590942382813,-0.273958802223206,-0.002960205078125,1173.73821907902,-645.385480459723,-3.17208510287514,378.319803027732,929.083142217932,4.13086113867211,-86.0266006767655,869.639501406284,3.81084132137169,-102.491474946841,487.597581933928,2.62516283411123
160.520026311278,-6.79287719726563,-0.274047613143921,-0.00421142578125,1175.11825197642,-646.808223732353,-3.36533005500503,378.291014684279,930.046846829456,4.13571549988955,-86.3797663584558,869.811405336949,3.80455923445844,-102.76516069812,488.681351145808,2.6279412663463
160.700026340783,-6.80801391601563,-0.273446530103683,-0.00408935546875,1176.49696646653,-636.963536599329,-1.67783458343021,380.266146109074,931.040701478026,4.13704483240709,-86.7310320161017,869.984714716903,3.85467265938885,-103.02392798004,489.768327831854,2.63073499489457
160.880026370287,-6.82186889648438,-0.273972481489182,0,1177.94103080561,-620.877626878019,-3.11298810059833,381.758690610895,932.115713303046,4.14251975399116,-87.0746080317233,870.171330217928,3.80283056423557,-103.257614942563,490.914712219233,2.6337012994062
161.060026399791,-6.8360595703125,-0.274179071187973,-0.001861572265625,1179.49130341189,-604.847729607728,-3.10873534824148,383.898741321684,933.272060863076,4.14690582313248,-87.4079381549134,870.368620219083,3.79615089832349,-103.513490990171,492.14644344344,2.63689343742701
161.240026429296,-6.84939575195313,-0.273991256952286,-0.0089111328125,1181.14782472011,-589.209712382521,-2.19492441170343,384.183443868292,934.50833164502,4.15041854965193,-87.7384248648027,870.58286316503,3.83554372207656,-103.738896300394,493.463384670126,2.64031032693714
161.4200264588,-6.8634033203125,-0.273786336183548,0.00341796875,1182.90914469001,-575.451749758966,-2.18547268401076,384.481173576344,935.823277247727,4.15470563836232,-88.0675452160468,870.807985844862,3.84457185534619,-103.979971668787,494.86488232144,2.64394951115718
161.600026488304,-6.8773193359375,-0.2751285135746,-0.010009765625,1184.77398886307,-558.548098561952,-3.13802839236824,384.350752087866,937.19936087188,4.16122829394035,-88.4964755515439,871.246571216284,3.74199652106172,-102.530017887767,496.350036473152,2.64780559525417
161.780026517808,-6.67507934570313,-0.276236742734909,-0.011474609375,1186.70834574633,-536.399813890762,3.63252051822633,534.505241500369,938.705127211697,4.16975331102433,-88.0473126723089,871.651806911177,3.82680203596552,-101.396683853939,497.890396779324,2.65180425020423
161.960026547313,-6.69143676757813,-0.275370985269547,-0.007476806640625,1188.71719476075,-528.722167484694,0.945184357324848,488.185659690456,940.258667599526,4.1695819671208,-87.8106282331673,871.913416327923,3.90526329718842,-101.540693866043,499.492821980591,2.65599815508239
162.140026576817,-6.694091796875,-0.27649798989296,-0.019195556640625,1190.79637591792,-520.905988923284,-2.75886710683606,479.040205687224,941.852745290928,4.17911194051263,-87.6521077523114,872.186919463787,3.83299767749939,-101.629986347181,501.151481680776,2.6603486662956
162.320026606321,-6.3907470703125,-0.271916538476944,0.00726318359375,1192.91973649477,-544.54463402536,-1.66652922761503,295.032387558743,943.318465938474,4.17434811819879,-88.088756399214,873.655550728459,4.00008673563722,-90.8680539915422,502.842527645172,2.6647586856064
162.500026635826,-5.26968383789063,-0.271556228399277,-0.066864013671875,1194.86506614498,-480.943842355226,0.0411804808233285,1415.54416047494,945.19100383252,4.17157105325883,-83.2349761553447,874.876347249668,3.89386554196758,-80.9925672626735,504.386426713773,2.66883567588118
162.68002666533,-5.264892578125,-0.270743429660797,-0.014495849609375,1196.62461686192,-524.706582055052,-2.08334616586565,1178.01890087516,946.831714151835,4.16963439498758,-79.2621920443181,875.116756917997,3.90466997779226,-80.5892573003742,505.777067808732,2.67268151271441
162.860026694834,-5.24758911132813,-0.270632416009903,-0.056915283203125,1198.17851057783,-566.994673864917,-2.4530809351464,1048.8180288699,948.245860530495,4.16232463951798,-76.0594121233594,875.314509105928,3.91248510868267,-80.1691602611708,506.997421721063,2.67620401760055
163.040026724339,-5.24484252929688,-0.271230101585388,-0.037811279296875,1199.45676079242,-636.171406168385,-4.34359355200927,912.287450657736,949.379451432569,4.16334244262293,-73.3229082082988,875.222447274719,3.87975749513984,-82.3161225365278,507.984540193171,2.67919907654275
163.220026753843,-5.74465942382813,-0.273410677909851,-0.0142822265625,1200.41474259719,-677.120768802184,-0.071902241387221,478.763014305884,950.20603675971,4.16256573614921,-72.7790621953349,874.810088496225,3.88596960099327,-87.1899515091898,508.716630697269,2.68163056017927
163.400026783347,-5.77413940429688,-0.272575676441193,-0.0091552734375,1201.27050509811,-677.936567839203,-2.21235071652464,446.616458473865,951.031862690495,4.1647745458271,-72.6953653938903,874.813760369381,3.83969067636351,-87.654156499309,509.393859114674,2.68398680337712
163.580026812851,-5.78482055664063,-0.272775441408157,-0.00189208984375,1202.14825308379,-679.782527645132,-2.45447306508385,430.740540516347,951.85005146499,4.16970205268506,-72.6891510665043,874.84884125107,3.86024633131996,-87.8021432887084,510.085775570982,2.6863865313333
163.760026842356,-5.975830078125,-0.273142606019974,0,1203.02260278921,-647.340407592803,-1.89053801425584,695.024567106094,952.650364127169,4.17534643699046,-72.9010296220277,874.627093249198,3.88401253988152,-90.445861087155,510.774094991962,2.68878957284075
163.94002687186,-5.99819946289063,-0.273644626140594,-0.01629638671875,1203.89910627305,-687.538254930833,-1.88840053871843,299.233775456809,953.42461698391,4.18214106526122,-73.596323804091,874.621596853941,3.84707573577605,-90.9696164474491,511.464890125667,2.69119315830823
164.120026901364,-6.01666259765625,-0.273460209369659,0,1204.78563265852,-687.522321715088,-3.19431131770594,312.864256439351,954.199230651515,4.18684013700904,-74.2254120728807,874.643698428283,3.87052638018583,-91.2473648264422,512.166175922025,2.69361235202633
164.300026930869,-6.03573608398438,-0.273164808750153,-0.00531005859375,1205.67103375095,-687.929502448407,-2.02928242379366,323.665541340761,954.971997186221,4.19215343595106,-74.8042418221199,874.663422147292,3.86712554248842,-91.5494151275773,512.865866331529,2.69601506984299
164.480026960373,-6.05496215820313,-0.273482412099838,0.003143310546875,1206.55165551551,-688.330990743966,-1.92193602466469,332.253693576691,955.742787181539,4.19779242761323,-75.3375437597181,874.681951757904,3.86042118306813,-91.8602041621985,513.56226189295,2.69840186779495
164.660026989877,-6.07302856445313,-0.273692429065704,0.009002685546875,1207.42714446534,-688.893500701189,-1.94476018213209,338.164854404052,956.51061234905,4.20427293200601,-75.8400572141802,874.703571388071,3.85776374178823,-92.1380367246137,514.255280744003,2.70077309061729
164.840027019382,-6.09078979492188,-0.27403736114502,0.004302978515625,1208.29718101151,-689.350804642561,-2.52315367098274,344.764109173522,957.275842884011,4.21143103793272,-76.3095259547465,874.723639808378,3.84346271991912,-92.4256001630293,514.944516768904,2.70312927251588
165.020027048886,-6.10848999023438,-0.273808538913727,0.006072998046875,1209.16156625163,-690.002019123863,-1.84438432616278,349.14175016465,958.037789995846,4.21597586692115,-76.7565877001791,874.744127455198,3.86072879591581,-92.7005154957206,515.629799056217,2.70547109449123
165.20002707839,-6.1268310546875,-0.27343288064003,-0.00225830078125,1210.02043204524,-690.646795305495,-2.3792591353884,352.393286026289,958.796128642258,4.22205076125542,-77.1874587923855,874.762826081582,3.8620996245286,-92.9871325294181,516.311109099379,2.70779884256472
165.380027107894,-6.14358520507813,-0.27372145652771,-0.003448486328125,1210.87351959727,-691.207308887781,-1.500031863819,356.718878531941,959.551071809542,4.22900064029744,-77.6009102662874,874.782298369602,3.86011626552111,-93.2567879519236,516.988345511871,2.71011349812825
165.560027137399,-6.16146850585938,-0.273948550224304,-0.005279541015625,1211.72070934708,-691.812954057869,-1.73584827327073,360.337006999907,960.302415904818,4.23338974487867,-77.9989431825002,874.800338399956,3.87375377686408,-93.5322558674879,517.661451180983,2.71241437162556
165.740027166903,-6.17752075195313,-0.274600863456726,0.0078125,1212.56178836681,-692.493033722016,-1.68245022598876,358.842417994905,961.049657011117,4.24001633174996,-78.3900653471582,874.819907381559,3.86577837493662,-93.7849592901565,518.330146162369,2.71470228973317
165.920027196407,-6.19680786132813,-0.274245709180832,-0.00262451171875,1213.39722476864,-693.258549889473,-1.77410856213967,363.007011839562,961.793162212994,4.24570253738813,-78.7709328724041,874.833577375558,3.86387065024013,-94.0835785447994,518.994681648679,2.71697789414563
166.100027225912,-6.21353149414063,-0.274785280227661,0.005615234375,1214.22663087498,-693.948009210653,-2.2686521911013,364.644361931194,962.5325054682,4.25039139868897,-79.1477149504674,874.850544802413,3.8672495594411,-94.3420443821413,519.654887937349,2.71924087900065
166.280027255416,-6.23098754882813,-0.27480748295784,-0.004669189453125,1215.05019116947,-694.760692924027,-2.27326202858629,365.739172085311,963.267884015425,4.25585213883608,-79.5175599139317,874.865429044269,3.86059006774154,-94.6104277903541,520.310816957775,2.72149137724635
166.46002728492,-6.24856567382813,-0.274947494268417,0.00372314453125,1215.86776489782,-695.640812146295,-1.97669071085841,366.627309961447,963.999099671316,4.26136622171135,-79.8839461497446,874.878653262199,3.86235587220175,-94.8835950737928,520.962351997332,2.72373003526923
166.640027314425,-6.2652587890625,-0.275007277727127,-0.001922607421875,1216.67933164797,-696.333579536475,-1.76001859941107,368.067226340969,964.726486110169,4.26567415116859,-80.2443657700962,874.891922945472,3.88727810550717,-95.147243124826,521.609477906565,2.72595653310652
166.820027343929,-6.28311157226563,-0.275159239768982,0.001617431640625,1217.48507339722,-697.182500642358,-2.91580951097109,367.405634193523,965.449444896309,4.27154342934347,-80.6058139053072,874.903145315554,3.85311090117801,-95.4213031200819,522.252290165278,2.72817120515982
167.000027373433,-6.30044555664063,-0.27571251988411,-0.001007080078125,1218.28500121575,-697.850985633268,-1.80889205638925,368.732214869505,966.168107480824,4.27661814498422,-80.9670169962829,874.913990538313,3.87732132250336,-95.6874708766592,522.890882470153,2.7303743606256
167.180027402937,-6.31826782226563,-0.275097757577896,0.003692626953125,1219.07913673332,-698.678032747831,-1.52937167420038,368.776191393893,966.882749726215,4.28086336437785,-81.3260853378228,874.922901979711,3.89392476316281,-95.9614535048854,523.525022490178,2.73256588666633
167.360027432442,-6.334228515625,-0.275688618421555,0.00421142578125,1219.86749795154,-699.303286095201,-2.46507701943247,370.464380463757,967.593527491674,4.28599926305943,-81.6802823862432,874.933205135333,3.87743700757306,-96.2149437733054,524.155045479917,2.73474573753219
167.540027461946,-6.35311889648438,-0.276064276695251,-0.001068115234375,1220.64996816564,-700.103726230321,-4.0835642267137,369.185519788103,968.300001663797,4.29017039994224,-82.0350793501355,874.93908521788,3.90729421598407,-96.4976699566026,524.780715231788,2.7369142579857
167.72002749145,-6.37063598632813,-0.275751799345016,0.005889892578125,1221.42674275465,-700.786644992339,-1.79750417708522,370.934809882089,969.002432134992,4.29313232125797,-82.3898250215637,874.944999454949,3.90048070902133,-96.7729166280839,525.40202207678,2.73907160342312
167.900027520955,-6.51675415039063,-0.27746108174324,-0.00439453125,1222.20004350894,-666.12576018089,-2.17531414666644,637.372479384513,969.708473631236,4.29861763207283,-82.7411032629065,874.725334574421,3.81663645974259,-99.054855773391,526.020781621628,2.74122511972502
168.080027550459,-6.5882568359375,-0.276586800813675,-0.015655517578125,1222.97965487015,-709.260864092034,-3.57976887856702,250.379256564745,970.349590250502,4.30269373734573,-83.8100295601268,874.65543560868,3.86360006840998,-99.9962821503877,526.644425758017,2.74337377048001
168.260027579963,-6.61102294921875,-0.276624381542206,0.011260986328125,1223.76951054901,-708.10635294494,-2.34998430736897,277.607097611968,971.011049033768,4.30672399217552,-84.6731169871558,874.653088057899,3.88693267899439,-100.374783435329,527.279509939419,2.74553449373777
168.440027609468,-6.63836669921875,-0.27669095993042,-0.00494384765625,1224.56324293867,-708.483070612347,-2.29437445510132,287.80467482692,971.672798366822,4.31220717769228,-85.4630710413258,874.647043673282,3.88626281904811,-100.799068879087,527.917018147113,2.74768017493818
168.620027638972,-6.66409301757813,-0.276791721582413,-0.006317138671875,1225.35507027609,-708.055859121826,-2.66310422553894,302.656123223266,972.334941126787,4.31768096184193,-86.1892868136698,874.641771239882,3.87637987369344,-101.225359930047,528.55372442435,2.7498090161515
168.800027668476,-6.8497314453125,-0.27695906162262,-0.009674072265625,1226.14888633567,-705.913376911647,-2.5456494164207,278.040659487006,972.980542923911,4.32425810668856,-87.0473509957415,874.386860348262,3.894894267537,-103.783377824395,529.191813524531,2.7519296390376
168.98002769798,-6.86685180664063,-0.277373969554901,-0.004180908203125,1226.94763034427,-714.232133099135,-0.961244274850799,225.085882386257,973.606992478738,4.33010845720853,-88.2021408972129,874.379886073742,3.88195605879727,-104.251075869595,529.835502771847,2.75403799282031
169.160027727485,-6.89306640625,-0.277404725551605,-0.009063720703125,1227.7588982273,-713.11445515674,-1.13499472751417,253.639258479781,974.239923629708,4.33419361594736,-89.208029056376,874.37981812892,3.90817606006424,-104.692470971177,530.491986095836,2.75615222275231
169.340027756989,-6.92233276367188,-0.277886271476746,0.005157470703125,1228.57293606769,-712.692462470025,-2.07870027014561,271.202507220416,974.874153398489,4.34075096853953,-90.1279472185242,874.38237478899,3.88124173178118,-105.130307713347,531.150177044834,2.75824595189961
169.520027786493,-6.94583129882813,-0.277286887168884,0.0030517578125,1229.3861855213,-712.152166048746,-1.69064102277659,288.240118664141,975.511301531266,4.34626583193472,-90.951493992034,874.391174000439,3.89778163843065,-105.526649920695,531.808591811212,2.76032105354966
169.700027815998,-6.96463012695313,-0.277947753667831,0.00311279296875,1230.19755115673,-711.88007586721,-2.3598022961464,305.609378530573,976.149125037109,4.35236631280989,-91.699282880333,874.414520367573,3.88591086829169,-105.812164610763,532.466484256582,2.76237771026702
169.880027845502,-6.98483276367188,-0.277710378170013,-0.0087890625,1231.00596622858,-711.644974871753,-1.48107997861024,320.167046707857,976.78901108172,4.35566192094764,-92.3636635005722,874.432611660263,3.90529609300099,-106.146145723761,533.122556783233,2.76441664445082
170.060027875006,-7.17776489257813,-0.278630763292313,-0.00982666015625,1231.81505552108,-672.975072224897,-1.33611322871258,600.409895738818,977.413829794025,4.36299263823411,-93.1481295169656,874.155402490439,3.90347229486783,-108.88253430264,533.778930611737,2.76644718288648
170.240027904511,-7.20938110351563,-0.278705894947052,-0.00439453125,1232.63038350193,-719.660986541884,-2.11426516479074,223.117762506634,978.007656679765,4.36854471995856,-94.3393369588487,874.139708993024,3.87003128702399,-109.512672039112,534.441734876901,2.7684682979707
170.420027934015,-7.2327880859375,-0.278791278600693,-0.015411376953125,1233.45972727799,-718.226853717732,-2.81407161866542,253.521850014123,978.609297335033,4.37533194577805,-95.3833009989336,874.16144475795,3.86353766590332,-109.879186401833,535.118985467315,2.77049744862974
170.600027963519,-7.25494384765625,-0.279276251792908,-0.003570556640625,1234.29228745841,-717.246396775481,-2.36864316325654,277.183546715874,979.216637836963,4.38086046978103,-96.2984667875155,874.183531038972,3.89346775383668,-110.255834785404,535.798165424182,2.77250558655011
170.780027993023,-7.27322387695313,-0.279235273599625,-0.00775146484375,1235.123341881,-716.646626359635,-1.74812104681806,297.299046877281,979.826788760639,4.38680068880378,-97.1142718844613,874.218419424239,3.90032973385096,-110.544029743124,536.477110029903,2.77449324607292
170.960028022528,-7.2906494140625,-0.279289901256561,-0.001983642578125,1235.9515942522,-716.136048149197,-2.58861326528606,315.257018362467,980.440566535346,4.39256084926812,-97.829114954756,874.254206774998,3.88719178286941,-110.833924361923,537.154701223855,2.77646135202689
171.140028052032,-7.30056762695313,-0.2805535197258,0.001251220703125,1236.77602075185,-715.371619972037,-2.61386122401481,335.047654589354,981.056522450009,4.40078195048408,-98.4559398529496,874.306109701556,3.89111031705779,-110.998793994913,537.829709652226,2.77841040453397
171.320028081536,-7.31332397460938,-0.280212014913559,-0.006591796875,1237.59534836058,-715.268457104518,-1.79623793664268,348.057319974431,981.674926798865,4.40362837596321,-98.9987507619502,874.34930613844,3.91322270728693,-111.232364667119,538.501261531199,2.78034144438118
171.500028111041,-7.32611083984375,-0.280048042535782,-0.003570556640625,1238.40928062547,-715.479848782378,-2.49945402484707,356.644030360333,982.292093197849,4.40792140359096,-99.4989003655706,874.396154929798,3.91195410729312,-111.436629242486,539.168928639678,2.78225582604046
171.680028140545,-7.33956909179688,-0.280271768569946,-0.001739501953125,1239.21770977353,-714.933232276918,-2.60473367427937,370.897623667431,982.910254531382,4.4143213486967,-99.9387238382405,874.435278944117,3.87527685570422,-111.697856469048,539.832635395312,2.78415508031777
171.860028170049,-7.35977172851563,-0.280232489109039,-0.00738525390625,1240.02078950119,-716.270231388019,-2.15594181002234,367.907286188969,983.523369797767,4.4203947133782,-100.378096322256,874.472532044004,3.90483358985128,-111.966343495541,540.492377459388,2.78604040872161
172.040028199553,-7.37350463867188,-0.280174434185028,-0.00531005859375,1240.8179743961,-715.903384059979,-2.50523862742867,376.424427421638,984.136603073873,4.42166667528291,-100.775155011115,874.511350560031,3.94098598813794,-112.217925240551,541.147903371167,2.78791232537956
172.220028229058,-7.39202880859375,-0.280683279037476,-0.011322021484375,1241.61026379066,-717.390967462464,-2.70244099156815,373.81734807696,984.744371919641,4.42863368250848,-101.179115510109,874.54858032732,3.90471397507591,-112.478631395597,541.799760722104,2.78977207511255
172.400028258562,-7.40362548828125,-0.280700355768204,-0.00836181640625,1242.39678903047,-717.051489076981,-2.48798697877021,384.525483973535,985.351694055382,4.43260671879252,-101.546689681491,874.587823713817,3.90757127595218,-112.715409567331,542.447296548257,2.79161935546374
172.580028288066,-7.42742919921875,-0.280510812997818,-0.006103515625,1243.17815826678,-718.553465890426,-1.68859203753431,377.020906593725,985.952838193767,4.43661502235395,-101.933543459431,874.612663083661,3.92151205749752,-113.056500886074,543.090858768526,2.79345537102034
172.760028317571,-7.44174194335938,-0.281048715114594,0.004119873046875,1243.95429064286,-718.961948066813,-2.52039564161021,381.385240622934,986.550931759747,4.4429686529689,-102.311883228711,874.651387831411,3.88717770986737,-113.286304066804,543.730735298525,2.79527996694839
172.940028347075,-7.4588623046875,-0.280966728925705,-0.010711669921875,1244.7253879267,-719.578678185851,-2.92272420632,383.122529854629,987.145831251435,4.44772367476171,-102.679680697195,874.682632839662,3.90106096936173,-113.566660174602,544.3666723086,2.79709326510863
173.120028376579,-7.477783203125,-0.281291216611862,-0.00823974609375,1245.49104955516,-720.451396726673,-2.3468462910663,382.210428787025,987.736599458123,4.45177699212186,-103.048999679939,874.711431571998,3.9254883961295,-113.858134337214,544.998561950354,2.79889539178564
173.300028406084,-7.49490356445313,-0.281525135040283,-0.00775146484375,1246.25157140882,-720.95218392715,-3.1914719718753,383.427689012303,988.323629170912,4.45722859176444,-103.416301826023,874.741952464991,3.90047860650164,-114.130875046799,545.62648459944,2.80068677775009
173.480028435588,-7.51266479492188,-0.281473904848099,-0.01361083984375,1247.00702525259,-721.810816955389,-2.09329455854893,383.440719893243,988.906592891583,4.46038651782931,-103.784534865368,874.771463093983,3.91713348269245,-114.404490533076,546.250713393762,2.80246722022154
173.660028465092,-7.52963256835938,-0.281625896692276,0,1247.75740210386,-722.500919894907,-2.59540976188208,384.010068990989,989.485825262744,4.46354529792851,-104.151058331605,874.800797806491,3.93313148452102,-114.672706605264,546.870980759571,2.80423685978925
173.840028494596,-7.54721069335938,-0.282134741544724,-0.006500244140625,1248.50260169577,-723.107059664183,-2.84029984686705,385.329368704538,990.061577201142,4.46946631472202,-104.513303121341,874.828195562893,3.90540560548626,-114.950804072812,547.487444290898,2.80599586681177
174.020028524101,-7.56448364257813,-0.281764179468155,-0.006866455078125,1249.2427622312,-723.926354711766,-2.57269542012398,384.2747963391,990.633130902069,4.47175369758172,-104.879430816312,874.855651890041,3.92772993008983,-115.22045959768,548.100017666325,2.80774426323342
174.200028553605,-7.58383178710938,-0.281986176967621,-0.009735107421875,1249.97799510621,-724.678544926829,-1.50643164406833,384.067236425212,991.200644814627,4.47516111353876,-105.247357408047,874.878159780525,3.94661543181199,-115.52190673111,548.708786091057,2.80948221130623
174.380028583109,-7.60122680664063,-0.282220095396042,-0.004791259765625,1250.70827805032,-725.23719666479,-2.50895286779098,385.481550576814,991.764407145247,4.47861680390015,-105.614461018571,874.903542882996,3.93187602274001,-115.795986945131,549.313925115451,2.81120973263006
174.560028612614,-7.61947631835938,-0.282368659973145,-0.013031005859375,1251.43352073841,-725.456803395132,-2.5404086278414,385.94399528273,992.324656092178,4.48234825416141,-105.978286178903,874.926644540742,3.92710381680851,-116.081924625542,549.915131297017,2.81292694921387
174.740028642118,-7.63681030273438,-0.282662391662598,-0.0113525390625,1252.15386946116,-726.843041847755,-2.13946318849509,383.786288139587,992.880642522169,4.48539490889113,-106.347658112906,874.951095731486,3.94124089014466,-116.350566696717,550.512544757706,2.81463357157678
174.920028671622,-7.65524291992188,-0.282479673624039,-0.001739501953125,1252.86950231847,-727.343685688072,-1.814177604756,385.690357186105,993.433069014004,4.48709700456687,-106.715346175241,874.972558323124,3.93922306736677,-116.635884071327,551.106486100504,2.81633026458933
175.100028701127,-7.67245483398438,-0.282790452241898,-0.009613037109375,1253.58032464268,-728.134080044424,-2.76661819069119,384.682537398942,993.981516190847,4.48990549082358,-107.085886752651,874.995392762393,3.93388172601489,-116.905633958973,551.696680174016,2.81801670103256
175.280028730631,-7.68966674804688,-0.28285875916481,-0.009002685546875,1254.28632753487,-728.814628794743,-2.1525185563213,385.099058343948,994.526298728694,4.49199185928526,-107.455070634067,875.017237222815,3.93613471719711,-117.177048239116,552.283255063622,2.81969282821449
175.460028760135,-7.70706176757813,-0.28301927447319,-0.00775146484375,1254.98760404514,-729.351691894162,-2.66515745468365,386.427679281441,995.067455155011,4.49448619912179,-107.823214549996,875.037784141728,3.93751604314944,-117.452315775259,552.866066299282,2.82135887770287
175.640028789639,-7.7255859375,-0.282990247011185,-0.01007080078125,1255.68395381384,-730.017794411107,-2.80487422570741,386.720612118043,995.605042736064,4.4958366289266,-108.189968544679,875.055504014909,3.94026680851826,-117.743033944734,553.445214972587,2.82301451117018
175.820028819144,-7.74404907226563,-0.282828032970428,-0.00665283203125,1256.37562282238,-730.704275459912,-2.82281726265225,386.65124651841,996.138990508807,4.49760829213224,-108.556880641326,875.073300236807,3.93433541506641,-118.027545889567,554.020658561919,2.82466033112598
176.000028848648,-7.7618408203125,-0.283333450555801,-0.0057373046875,1257.0625025306,-731.283170602135,-2.98231653837584,387.280988144242,996.669304158693,4.49974623214373,-108.92333994015,875.091110457304,3.94401063638482,-118.306237088033,554.592513606246,2.82629622199947
176.180028878152,-7.77978515625,-0.283640801906586,-0.01104736328125,1257.74458317919,-731.92650638087,-2.983573580696,387.745499076999,997.196085829072,4.50125917366588,-109.288923507309,875.108387515141,3.94667388672424,-118.583227846322,555.160661262159,2.82792204438066
176.360028907657,-7.79766845703125,-0.283668160438538,-0.010955810546875,1258.42209127716,-732.74638901035,-2.96745267866493,386.746571215376,997.71892627402,4.50216170794564,-109.657414351935,875.123953875124,3.95302335656191,-118.866990749804,555.725206785637,2.82953809525467
176.540028937161,-7.81552124023438,-0.284016489982605,-0.00994873046875,1259.09487262681,-733.344225259267,-2.98575576001716,387.274285975807,998.266124130641,4.50435931220346,-109.848196125943,874.798209347149,3.96317170523773,-121.621977526215,556.286116734061,2.83114674786185
176.720028966665,-8.39877319335938,-0.289082914590836,0.073089599609375,1259.79310970037,-770.458453032851,6.46796644768909,-11.3755175444396,998.599892938104,4.51121016894278,-112.010710482046,874.010008716402,3.97915083223386,-127.564214160861,556.864956397618,2.83278529590537
176.90002899617,-8.42788696289063,-0.2873155772686,-0.010284423828125,1260.5248271253,-764.304143669804,-0.0580591168031788,51.0846738549444,998.949155828833,4.50689300764819,-114.204109780121,873.98919859197,3.99190759120533,-128.188734323406,557.480306375006,2.8344397630995
177.080029025674,-8.45156860351563,-0.288321316242218,-0.024810791015625,1261.29882547045,-757.632083975007,-2.76210074050763,125.416041497712,999.330672121438,4.51218331848343,-116.024578539005,874.009271357638,3.97447355790558,-128.6037677494,558.129766618012,2.83610990260681
177.260029055178,-8.47515869140625,-0.288650900125504,-0.015380859375,1262.08205477814,-753.201492754593,-2.15397834504265,179.849055007868,999.736047376071,4.51710851486342,-117.553429652866,874.034327362356,3.96559198360354,-129.023596078238,558.787953333198,2.83775034461712
177.440029084682,-8.497802734375,-0.28848522901535,-0.00726318359375,1262.86988943543,-749.795443908357,-3.37796949461259,223.743353816213,1000.15982779469,4.51990920165983,-118.849326569748,874.063318671173,3.95746980130634,-129.446324456848,559.451413529452,2.83936369690561
177.620029114187,-8.524169921875,-0.288314491510391,-0.001556396484375,1263.66025358347,-747.776047516494,-2.42505517737453,253.717972825684,1000.59544449703,4.52266033605393,-119.977010978158,874.09574311634,3.98624058635872,-129.866396183276,560.118134590469,2.84095180697222
177.800029143691,-8.5361328125,-0.288235932588577,-0.007110595703125,1264.45104652966,-745.039671871598,-2.98575996348511,289.071449969525,1001.04312010211,4.52682075655708,-120.938943035373,874.159360860898,3.99062264864431,-130.094873660658,560.786236583337,2.84251610428411
177.980029173195,-8.554443359375,-0.288387894630432,-0.010955810546875,1265.24041882864,-743.574936404619,-2.17557076819725,312.736150216512,1001.50073468195,4.52798571803221,-121.759990619677,874.210030383401,4.00351596137114,-130.421454958709,561.454131966979,2.8440582651688
178.1600292027,-8.5692138671875,-0.288608193397522,-0.005462646484375,1266.02717987992,-742.600107565689,-3.02657646105649,331.207304711177,1001.96297545261,4.53175742866751,-122.489071280245,874.273636926772,3.99018478171346,-130.669610078326,562.120612557961,2.84558033149954
178.340029232204,-8.58560180664063,-0.289171695709229,-0.02215576171875,1266.81064151856,-741.536065564587,-3.13598928845491,348.999589447122,1002.43076142308,4.53355098155273,-123.124954101169,874.330448731917,3.98305327259553,-130.967144145854,562.785034611656,2.84708425587926
178.520029261708,-8.60372924804688,-0.288662850856781,-0.00750732421875,1267.59052530485,-741.576188135131,-2.59576234900911,357.637161111211,1002.89906252635,4.53497469354957,-123.710346476347,874.390181074328,3.9975868272917,-131.247829086107,563.447025690087,2.84857124549785
178.700029291213,-8.61581420898438,-0.289502948522568,-0.023101806640625,1268.36616004732,-740.685066921612,-3.41490166933281,372.919440874835,1003.37002771095,4.53613236691632,-124.230642644256,874.457902754491,3.98360963211764,-131.475646454911,564.105955894416,2.8500422255071
178.880029320717,-8.63381958007813,-0.289132416248322,-0.01763916015625,1269.13698718489,-740.974494219384,-3.00662008633455,378.837017362985,1003.84115653049,4.53678580028922,-124.708976358067,874.515136681754,3.99325734098165,-131.771464464148,564.761467758983,2.85149836470627
179.060029350221,-8.65182495117188,-0.289345860481262,-0.014373779296875,1269.90324322554,-741.464921081157,-3.05395173624717,382.210814553303,1004.31003865629,4.53791845430146,-125.169016100303,874.573004194528,3.99642712847385,-132.061409510446,565.413566705024,2.85294098804822
179.240029379725,-8.66976928710938,-0.289079487323761,-0.013885498046875,1270.66513323856,-741.838042981822,-3.76080534360489,385.829862954304,1004.77701685474,4.53926801869303,-125.609909688058,874.63068892154,3.99124159606377,-132.350249056363,566.062549218902,2.85437132264628
179.42002940923,-8.68844604492188,-0.288965076208115,-0.0069580078125,1271.42258164908,-742.34510481325,-2.94827543122543,388.44087275033,1005.24156365176,4.53968815988655,-126.036209778271,874.685301139683,3.99164993804561,-132.656419134919,566.708061464184,2.85578935729958
179.600029438734,-8.7059326171875,-0.288942873477936,-0.015899658203125,1272.17539229873,-742.882113601541,-2.53243781670847,390.886738389398,1005.70306792819,4.53948819716909,-126.452880158359,874.743196329887,4.00473017845757,-132.937874188944,567.350198611077,2.85719538232201
179.780029468238,-8.72421264648438,-0.288932651281357,-0.02655029296875,1272.92367865402,-743.318297021718,-2.79453943194332,393.787439928327,1006.1618020039,4.53956164403174,-126.858866288498,874.798397373896,4.01372920683761,-133.232852318416,567.988861882499,2.85858972596302
179.960029497743,-8.74267578125,-0.289016306400299,-0.013763427734375,1273.66743937834,-743.999369041348,-2.70366910291642,394.336431772824,1006.61712108507,4.54027738534598,-127.260435251526,874.852837526124,4.00943996429357,-133.529910435803,568.623997965951,2.85997313864349
180.140029527247,-8.759765625,-0.289380013942719,-0.003936767578125,1274.40656822822,-744.415663987261,-3.20248527135055,396.970321371701,1007.06930466244,4.54221796439468,-127.655433995673,874.909783663644,3.98157773923781,-133.807211040704,569.255790498882,2.86134553122034
180.320029556751,-8.77780151367188,-0.289200723171234,-0.02008056640625,1275.14107679499,-745.263720272398,-3.45011772588117,396.753298618126,1007.51837332892,4.54098755902084,-128.043919005959,874.963552909288,4.00513480710585,-134.100987416009,569.884016283943,2.86270673234209
180.500029586256,-8.79690551757813,-0.289409041404724,-0.022186279296875,1275.87108015296,-745.946723367881,-2.62328273220893,397.340609890906,1007.9636999173,4.54092897390146,-128.4313218471,875.015917073573,4.01999673613247,-134.399306089035,570.508686029904,2.86405723228051
180.68002961576,-8.81466674804688,-0.289572954177856,-0.021697998046875,1276.59639279024,-746.602521019713,-3.32521189083801,398.363121533024,1008.40529472709,4.5401337288898,-128.817325973518,875.06904847779,4.00206086963513,-134.689149467501,571.129882547105,2.8653969780303
180.860029645264,-8.832275390625,-0.289473921060562,-0.007476806640625,1277.31700320661,-747.15582010151,-3.30468131665612,399.679115230488,1008.84398412086,4.54098841836406,-129.196082814299,875.123234866756,3.99741504761084,-134.968308818094,571.74732206043,2.86672615477051
181.040029674768,-8.85012817382813,-0.289304882287979,-0.018798828125,1278.03316236993,-747.939353249877,-3.28816036854795,399.388268606884,1009.27917437853,4.53938082257032,-129.573334469378,875.174856710476,3.99959917219054,-135.259558924896,572.361210845912,2.86804483941811
181.220029704273,-8.86807250976563,-0.289269030094147,-0.0281982421875,1278.74482558857,-748.501841890282,-3.46328097401346,400.592719852979,1009.71056280952,4.53842030477616,-129.950711224433,875.226786140731,4.01292668456323,-135.544731821912,572.971669914462,2.86935319924175
181.400029733777,-8.88629150390625,-0.28963103890419,-0.015960693359375,1279.45169549778,-749.207863555054,-4.16834879940401,400.669233990092,1010.13847898596,4.53735089060853,-130.325758284062,875.277293900117,3.98028739516532,-135.835472569417,573.578566603328,2.87065107919177
181.580029763281,-8.90432739257813,-0.289887189865112,-0.014373779296875,1280.15416748499,-749.788135561067,-3.16802822703212,401.744936329625,1010.56272833731,4.5368077545458,-130.701157653205,875.327244037379,3.98849921865598,-136.124289905171,574.181862454193,2.87193924928645
181.760029792786,-8.92190551757813,-0.289258778095245,-0.017181396484375,1280.85216085073,-750.322287751603,-4.25614258883802,403.009706168863,1010.98375506343,4.53496837041793,-131.072975871645,875.376305401362,3.98127882244567,-136.417035713777,574.781745429202,2.87321693436567
181.94002982229,-8.94143676757813,-0.289578080177307,-0.018310546875,1281.54556341318,-751.237374243141,-3.51901497378412,401.387315588419,1011.40067975455,4.53417025400638,-131.448849801792,875.423458236719,3.99297682123323,-136.716161229342,575.378139048231,2.87448481540307
182.120029851794,-8.95932006835938,-0.289349287748337,-0.018157958984375,1282.23486487032,-752.008943480529,-3.37147912884615,400.868173866954,1011.81361677844,4.53274200518138,-131.827673724177,875.472176871453,3.99481722823207,-137.001087613411,575.971117393718,2.87574304959042
182.300029881299,-8.97738647460938,-0.289450019598007,-0.01629638671875,1282.91965589513,-752.561408042224,-2.67986136210158,402.020273886969,1012.22319656277,4.53236224559605,-132.205065496761,875.518936453669,4.00182822656633,-137.294899736386,576.560811236475,2.87699144380739
182.480029910803,-8.99551391601563,-0.289687365293503,-0.025299072265625,1283.60018894732,-753.225385276704,-3.53874681241351,402.137885227109,1012.62906986442,4.53055091606419,-132.583035511808,875.566411749166,4.00746428591799,-137.580891747134,577.14704627481,2.87822984833583
182.660029940307,-9.01321411132813,-0.29065728187561,-0.022369384765625,1284.27621973973,-753.299501756961,-3.5074037320675,405.507179011133,1013.03233903349,4.53035288655485,-132.952040638669,875.613391079489,4.00666744433997,-137.866236605683,577.729709366252,2.87945795105264
182.840029969811,-9.03060913085938,-0.290397733449936,-0.012298583984375,1284.94761323194,-754.290078030056,-2.51084088631177,404.849233588438,1013.43218879062,4.52967781645276,-133.319894695493,875.660127042083,4.04165162039578,-138.148150532141,578.308809236045,2.88067620555218
183.020029999316,-9.048828125,-0.291152507066727,-0.010040283203125,1285.61460647553,-755.020994366701,-2.76479169141351,404.242266155589,1013.82823484504,4.52908667504545,-133.690472392439,875.704919827255,4.03335380605701,-138.438935308018,578.884480896791,2.88188496528004
183.20003002882,-9.0667724609375,-0.291191786527634,-0.01763916015625,1286.27735552733,-755.709505636845,-3.05610540257251,403.995788010286,1014.22069273335,4.52955914835709,-134.062126965011,875.749709223843,4.02650190874125,-138.726848170039,579.456754784682,2.88308425384588
183.380030058324,-9.08526611328125,-0.29189869761467,-0.020233154296875,1286.93584445091,-756.504237450341,-4.98751566579193,404.044379591358,1014.60906390324,4.52753631899624,-134.43591015459,875.79589485839,4.00753151379506,-139.001710922631,580.02557022764,2.88427374273244
183.560030087829,-9.10317993164063,-0.291569143533707,-0.005035400390625,1287.58989491275,-757.029100338157,-2.93980131635047,404.209110111315,1014.9942548248,4.52867137521629,-134.810287980632,875.836788384876,4.02868456494078,-139.305435352755,580.590892829285,2.88545355228877
183.740030117333,-9.12200927734375,-0.292400747537613,-0.015106201171875,1288.24003305909,-757.707464618725,-3.64342475170429,403.809861445952,1015.37582878621,4.52997324976525,-135.18678939847,875.877039504365,4.01018453955807,-139.609856936112,581.153288500816,2.88662427171664
183.920030146837,-9.14010620117188,-0.29231196641922,-0.017730712890625,1288.88613440308,-758.235632927738,-3.04379146211241,404.804670446545,1015.75410858623,4.52991343500897,-135.562345555338,875.919782574012,4.03126634167842,-139.894855011005,581.712576611532,2.88778633504861
184.100030176342,-9.15890502929688,-0.292972773313522,-0.018707275390625,1289.5282375076,-758.942196182903,-3.37884478449578,404.312070274591,1016.12892602658,4.52949366169002,-135.938458558344,875.959578654494,4.04103408832132,-140.195355204755,582.268383917054,2.88893880109592
184.280030205846,-9.17684936523438,-0.29254075884819,-0.024627685546875,1290.16611947182,-759.470906882978,-2.69194967168454,405.215408592909,1016.50055258421,4.52848469795267,-136.313202791265,876.000450446044,4.04816354711158,-140.485757263408,582.821023167672,2.89008210204047
184.46003023535,-9.1944580078125,-0.292583465576172,-0.02374267578125,1290.7998974049,-759.837815132605,-3.13741175746364,407.055955863142,1016.86902679426,4.52920568094393,-136.685719855787,876.042559472613,4.03417489979284,-140.764597133363,583.370553851859,2.89121594509001
184.640030264854,-9.21234130859375,-0.292491257190704,-0.012908935546875,1291.42964086821,-760.607539733734,-2.93415413794111,406.397211681607,1017.23432629004,4.53047128254482,-137.056462349258,876.082651240007,4.02001374393248,-141.0542206849,583.916593883618,2.89234067671554
184.820030294359,-9.23043823242188,-0.292354643344879,-0.019500732421875,1292.05495358034,-761.32037977387,-2.93404495223322,405.767200733215,1017.59583333543,4.5305524662735,-137.430605958987,876.12230468903,4.01198941838884,-141.34096001331,584.459224435167,2.89345590290862
185.000030323863,-9.24942016601563,-0.292248755693436,-0.022186279296875,1292.67653377519,-761.815973058261,-2.51541437001151,406.581873371154,1017.95407882544,4.53138256440265,-137.805273268194,876.158975147089,4.03525391807964,-141.643294507061,584.998866603882,2.89456269486679
185.180030353367,-9.26742553710938,-0.292566388845444,-0.019683837890625,1293.29407654704,-762.390104164452,-2.58782698257679,407.213606797506,1018.30907131463,4.53090554741514,-138.17923376407,876.197536574795,4.03961575433213,-141.930633450405,585.535465502006,2.89565999625066
185.360030382872,-9.285400390625,-0.292942047119141,-0.018768310546875,1293.90755849301,-762.939530875327,-3.24713893947049,407.714927993616,1018.66120070472,4.53246308477037,-138.54981022791,876.234988191995,4.03113201804855,-142.221419423559,586.068683589193,2.89674842369291
185.540030412376,-9.3038330078125,-0.293456017971039,-0.01971435546875,1294.51704899545,-763.420453451661,-2.40167917115951,408.327416933637,1019.00989016645,4.5304658986695,-138.922406205341,876.271015922909,4.07612923214216,-142.516213741022,586.59866623995,2.89782818000303
185.72003044188,-9.32220458984375,-0.293544828891754,-0.01861572265625,1295.12265568908,-764.163387489587,-2.5612148144846,407.720095750124,1019.35527959741,4.53063453238656,-139.295091943056,876.307644899561,4.03320163644667,-142.80727859355,587.12553342161,2.89889892175314
185.900030471385,-9.33984375,-0.293742895126343,-0.023284912109375,1295.72424968982,-764.662902952599,-4.05161131963825,408.380152223533,1019.69741168099,4.53244714496545,-139.668198703925,876.344523663073,4.03780092299245,-143.09173949847,587.649384691136,2.89996065837741
186.080030500889,-9.35931396484375,-0.293312579393387,-0.018402099609375,1296.32196773097,-765.509353368856,-2.33368933597237,406.802187931637,1020.03616912734,4.53352722617048,-140.041914977287,876.378549459632,4.02391278003574,-143.390825142606,588.16993709345,2.90101407477933
186.260030530393,-9.3758544921875,-0.293372333049774,-0.012786865234375,1296.91578692949,-765.771334143033,-4.02308746534672,408.83586706462,1020.37217573687,4.53514978202955,-140.413604946104,876.416903115351,4.01785133696998,-143.660276928377,588.68745556044,2.90205837083704
186.440030559897,-9.394287109375,-0.293278425931931,-0.018035888671875,1297.5059315821,-766.435474608957,-2.24195631298838,408.424744889097,1020.7047706895,4.53370289347131,-140.786829418719,876.450347723151,4.06119720020701,-143.955518159351,589.202045923734,2.90309439381406
186.620030589402,-9.41256713867188,-0.293949514627457,-0.029327392578125,1298.09207646785,-766.922168591941,-3.20169086757437,409.27641511934,1021.03472916145,4.5347054520607,-141.156469048476,876.483893454752,4.03285215127727,-144.248510521369,589.713259380643,2.90412179799712
186.800030618906,-9.43157958984375,-0.294513016939163,-0.024322509765625,1298.67448858501,-767.673698734934,-3.04425321253731,408.150677997752,1021.36099300259,4.5344323534255,-141.530365309252,876.515422080355,4.05874820937153,-144.548775880097,590.221717433202,2.90514078960189
186.98003064841,-9.44924926757813,-0.29439178109169,-0.016204833984375,1299.25323938379,-768.113320312526,-2.59588134683162,409.19658745976,1021.68426199613,4.53275698901951,-141.903528249296,876.549131731394,4.05837951405065,-144.834015715224,590.726936269034,2.90615115338188
187.160030677915,-9.46792602539063,-0.294618874788284,-0.022857666015625,1299.82807424964,-768.793247733335,-3.65449062987582,408.781946817949,1022.00445253711,4.53287505132566,-142.276355337179,876.581224840437,4.0417619915099,-145.127300964706,591.229281267386,2.90715324100563
187.340030707419,-9.48611450195313,-0.294526666402817,-0.022796630859375,1300.39939201123,-769.109683868897,-4.1936613656992,410.090887011081,1022.3217810712,4.53269739786787,-142.648141243469,876.612067459517,4.02810591455127,-145.423061661219,591.728651733035,2.90814691343041
187.520030736923,-9.50347900390625,-0.293826580047607,-0.020660400390625,1300.96666777121,-769.680093561321,-2.77494509567376,410.147730116392,1022.6360641099,4.5310018345051,-143.01954529001,876.644554813059,4.05948918939414,-145.706273235592,592.22492745222,2.90913197784212
187.700030766428,-9.52230834960938,-0.293664366006851,-0.020050048828125,1301.53061087673,-770.139133790767,-2.03738568573903,410.567333458155,1022.94727041689,4.53159968299995,-143.391315736823,876.674272216886,4.03843054953019,-146.004068349851,592.71829062957,2.91010896576947
187.880030795932,-9.54104614257813,-0.29357898235321,-0.013641357421875,1302.09055327772,-770.579793950496,-3.96877524167869,410.266668446038,1023.25551768458,4.53224446746316,-143.762214418201,876.704098241121,4.04381749767805,-146.297712157838,593.208509440388,2.91107764953403
188.060030825436,-9.55966186523438,-0.294419080018997,-0.0255126953125,1302.64693647136,-771.426667999269,-2.77103324704294,410.360579684232,1023.56061600142,4.53389186752845,-144.13340767187,876.7339803819,4.03044235509056,-146.588334174386,593.695820604489,2.91203811253578
188.24003085494,-9.5777587890625,-0.294605225324631,-0.02056884765625,1303.19971369118,-771.899858636563,-3.53004119312058,410.664645061363,1023.86276348345,4.53435266692574,-144.505092518504,876.763427009721,4.04811611222734,-146.878657208729,594.180176500109,2.91299027707569
188.420030884445,-9.59548950195313,-0.29460009932518,-0.02142333984375,1303.74890533867,-772.388892375498,-3.57289212075221,411.28348296046,1024.16225896818,4.53393163309156,-144.874759240862,876.79200697016,4.01506349919992,-147.172017985633,594.661610848222,2.91393471989748
188.600030913949,-9.61398315429688,-0.294318348169327,-0.022247314453125,1304.29420989655,-772.83324076482,-3.0618913196395,411.646982464066,1024.45863279559,4.53391863963263,-145.245424583406,876.820068294864,4.04700998824074,-147.463656185737,595.140004051771,2.91487088107709
188.780030943453,-9.63247680664063,-0.29486820101738,-0.023406982421875,1304.83626742562,-773.250553793394,-4.66052613571041,412.414217218035,1024.75202204176,4.53585169660902,-145.615784160239,876.847865652845,4.01197446225957,-147.756141990318,595.615706766913,2.91579912059783
188.960030972958,-9.65103149414063,-0.294121980667114,-0.019439697265625,1305.37462956276,-773.819968484376,-2.27727377178505,411.90430693384,1025.0421374051,4.5338008830928,-145.990538935393,876.87420048443,4.06395530558805,-148.052140591356,596.088443086443,2.91671928362109
189.140031002462,-9.6689453125,-0.29462057352066,-0.021697998046875,1305.90964022084,-774.161398256696,-3.47361404892351,413.480079058141,1025.32972264858,4.53474320982478,-146.361578658986,876.902339121486,4.05072531474124,-148.336808863248,596.558497561321,2.91763222077142
189.320031031966,-9.6871337890625,-0.294649600982666,-0.016387939453125,1306.44112249877,-774.964307051169,-2.66963773015763,412.456930050424,1025.6142714129,4.53631846246412,-146.733262717119,876.92884559621,4.04116472668649,-148.628086360724,597.025549721957,2.91853638508762
189.500031061471,-9.70449829101563,-0.294420808553696,-0.023284912109375,1306.96902352017,-775.363955822464,-2.74400863213364,412.788479218964,1025.89591788367,4.5356805357768,-147.104893986905,876.957615141779,4.06618882003553,-148.902368042657,597.489662395863,2.9194332545444
189.680031090975,-9.72320556640625,-0.294721335172653,-0.024169921875,1307.4935718605,-775.812372456965,-2.73954772219736,413.494709888378,1026.17512023659,4.5346128632623,-147.473552156871,876.98176647244,4.05006708059004,-149.203374651749,597.950996823979,2.92032197525393
189.860031120479,-9.74252319335938,-0.294077575206757,-0.018585205078125,1308.01446903974,-776.152719383394,-2.83558768316092,414.024978867241,1026.45183318801,4.53700328196614,-147.840501862573,877.003453940672,4.04546399323187,-149.514026630296,598.409530526329,2.92120305786309
190.040031149983,-9.76080322265625,-0.294502764940262,-0.025360107421875,1308.53199484039,-776.853604349967,-1.60562901647236,413.465663957274,1026.72486627827,4.53820931457409,-148.21230349846,877.029198088559,4.04211492453345,-149.799349266048,598.865289950582,2.92207669765634
190.220031179488,-9.7786865234375,-0.294702559709549,-0.0260009765625,1309.04621594607,-777.140249578599,-3.29161134035172,414.303134601528,1026.99538064358,4.53779292518571,-148.583826775102,877.052926784766,4.05285368330591,-150.093029019682,599.318196935771,2.92294236189441
190.400031208992,-9.79757690429688,-0.294929683208466,-0.02117919921875,1309.55723236294,-778.227373836845,-3.59451072553586,411.561652441168,1027.26215274036,4.53813400102353,-148.961186062552,877.077563685383,4.05970635227301,-150.379162462489,599.768614398863,2.92380106368441
190.580031238496,-9.81524658203125,-0.295503407716751,-0.019500732421875,1310.06479687781,-778.150266873886,-2.67860753408843,414.732143596614,1027.52737552948,4.5379443711533,-149.329983083942,877.101183605244,4.07593605035338,-150.668477819915,600.216068866315,2.92465187101765
190.760031268001,-9.83273315429688,-0.296505779027939,-0.022003173828125,1310.56893129081,-778.539362262368,-3.44225434688434,415.77139416533,1027.78988838729,4.53924129606665,-149.697759863012,877.126351227577,4.03840672409542,-150.948090929946,600.660948727207,2.92549496287702
190.940031297505,-9.85076904296875,-0.295809060335159,-0.02166748046875,1311.06951354871,-779.119135318594,-2.861098318713,415.275292317533,1028.04988367479,4.53804093129835,-150.063446544427,877.148905084603,4.06775952111815,-151.238201063505,601.102621302565,2.9263306207861
191.120031327009,-9.87017822265625,-0.295511960983276,-0.0203857421875,1311.56679209414,-779.572936617306,-2.91154323322814,415.529184437944,1028.30695478312,4.53862590160329,-150.430875327822,877.168634022011,4.06160535731101,-151.543198296711,601.541847580279,2.92715855892795
191.300031356514,-9.8883056640625,-0.296283781528473,-0.016693115234375,1312.06080143191,-779.980445979048,-3.40527823727587,415.266393359812,1028.56091541477,4.54002989043755,-150.800849892553,877.190989626559,4.05561741828722,-151.829974824273,601.978162235564,2.92797958784117
191.480031386018,-9.90682983398438,-0.296331614255905,-0.03265380859375,1312.5517260038,-780.444025159482,-3.24273177160126,416.085169233874,1028.81261365033,4.53857571786417,-151.169254295297,877.211020790427,4.07633403044655,-152.127810641449,602.411935221666,2.92879305140777
191.660031415522,-9.9251708984375,-0.296051532030106,-0.020477294921875,1313.03938302167,-780.831021221136,-2.6310568367995,416.749006551338,1029.06148022343,4.53933108235019,-151.538757988435,877.231303299465,4.05813332987498,-152.422547287628,602.843217292444,2.92959990210821
191.840031445026,-9.94424438476563,-0.29591491818428,-0.028289794921875,1313.52401574173,-781.597235386982,-3.10920673280046,414.627121968808,1029.30708750124,4.54179827753178,-151.91228676274,877.250527164675,4.04430509997977,-152.721448465292,603.271938602145,2.93039983415695
192.020031474531,-9.9627685546875,-0.29571345448494,-0.024444580078125,1314.00545382948,-781.820013001661,-2.88290636782796,416.592094127642,1029.55035819839,4.54235226714073,-152.283024389622,877.269637729786,4.04859655166934,-153.016658959805,603.697961935143,2.93119213776849
192.200031504035,-9.98141479492188,-0.29541802406311,-0.022003173828125,1314.48373176932,-782.324738210509,-2.79103008258701,415.893099573952,1029.79047852883,4.54333905675328,-152.657782725677,877.288581885657,4.04711586539835,-153.311590562289,604.12124355779,2.93197722228835
192.380031533539,-9.9993896484375,-0.295684427022934,-0.020660400390625,1314.95873471049,-782.665281758967,-1.40585838652748,417.00942848659,1030.02834657844,4.54387447573031,-153.02983606675,877.307904688022,4.06818560833138,-153.601841599771,604.542072163846,2.9327549401885
192.560031563044,-10.0173034667969,-0.295909821987152,-0.026580810546875,1315.43091888408,-783.198060967227,-2.98630954116493,417.009423892214,1030.2635242828,4.54523007467932,-153.40202867874,877.32794741734,4.05795073364298,-153.886869884401,604.960522527648,2.9335259467587
192.740031592548,-10.0351867675781,-0.295961022377014,-0.028717041015625,1315.89966844259,-783.333511744935,-1.72636199667735,418.217933710448,1030.49667591393,4.54658596160508,-153.769371771509,877.347738420174,4.04222043606846,-154.170248779219,605.376049672437,2.93428938332854
192.920031622052,-10.0538635253906,-0.295614391565323,-0.014556884765625,1316.36526107959,-784.063390174496,-1.0920181977975,417.296002328741,1030.72740710257,4.54740269270386,-154.137192192144,877.363904539527,4.06720253686175,-154.47196689868,605.78912081554,2.93504618903074
193.100031651556,-10.072265625,-0.296461373567581,-0.02789306640625,1316.8279854701,-784.346720916665,-3.05249807091712,418.502286836447,1030.9554320176,4.54959491459416,-154.504916528116,877.381628458863,4.03015472879301,-154.763850615401,606.199743325548,2.93579609655552
193.280031681061,-10.09130859375,-0.296410143375397,-0.025726318359375,1317.28746201694,-784.948059777307,-3.36794511156168,417.466650991454,1031.1806431407,4.5514854370688,-154.875150082433,877.397820207231,4.03887309916605,-155.060690525679,606.607659667244,2.93653939396491
193.460031710565,-10.1094055175781,-0.29648357629776,-0.02288818359375,1317.74406983591,-785.31129599453,-3.06688598371301,417.738845802835,1031.40354964465,4.55226400317033,-155.244142367327,877.41392561714,4.05257652218545,-155.355665894781,607.013173016023,2.93727545059125
193.640031740069,-10.128173828125,-0.296425521373749,-0.02239990234375,1318.19779264007,-785.760445591981,-2.87376177489926,418.058785514076,1031.62346146178,4.55383236686324,-155.61600863418,877.429763623596,4.04570899920416,-155.651426636187,607.41615685571,2.93800483845262
193.820031769574,-10.1470642089844,-0.296577483415604,-0.024383544921875,1318.64859439002,-786.012866959995,-2.1592969692577,419.183857736323,1031.84128729781,4.55539442519251,-155.986019689535,877.444105220685,4.07129022540791,-155.951530472039,607.816744342168,2.93872797034508
194.000031799078,-10.1656188964844,-0.296715795993805,-0.02978515625,1319.09638641997,-786.683336963187,-2.02792903487492,417.942337754051,1032.05588168754,4.55625369034245,-156.360675222886,877.460340889184,4.06108009820713,-156.241033506615,608.215106843926,2.93944418294798
194.180031828582,-10.1840515136719,-0.296534806489944,-0.024444580078125,1319.54129541072,-786.915912735759,-1.88278229681168,419.253205016412,1032.26852168648,4.55638465393601,-156.731894914638,877.475142997946,4.0775192983793,-156.534937177289,608.610930259409,2.94015364622094
194.360031858087,-10.2027587890625,-0.297248542308807,-0.023834228515625,1319.98351172962,-787.325600954464,-4.1747613495794,418.69477820077,1032.47829965771,4.55818792167503,-157.106615838135,877.489310835361,4.0476431838514,-156.832004019753,609.004387199923,2.94085671757009
194.540031887591,-10.2207641601563,-0.296826779842377,-0.032012939453125,1320.42277671373,-787.673851427495,-3.69736419269606,419.700013843207,1032.68582875525,4.55894472307688,-157.479548489755,877.505038687296,4.06114951078858,-157.116962192105,609.395643726367,2.94155327686107
194.720031917095,-10.2388916015625,-0.296992421150208,-0.029510498046875,1320.85930449294,-788.289811894102,-1.94926053847627,418.928733933034,1032.89123422335,4.55953733373163,-157.849994917054,877.518650656933,4.05961669364948,-157.413543337434,609.784391328482,2.94224298046094
194.900031946599,-10.2569885253906,-0.296562105417252,-0.02276611328125,1321.29278406918,-788.449953609299,-2.83977135505549,420.642500014495,1033.09463526621,4.56155759012124,-158.217902302923,877.53405474195,4.06769433687955,-157.696701521101,610.170642312851,2.94292613397282
195.080031976104,-10.2755737304688,-0.296536505222321,-0.032012939453125,1321.72328480231,-788.72950635394,-1.940951818428,421.569528298522,1033.29592080605,4.56210438227859,-158.583032598939,877.545985465649,4.06026659404306,-157.997847351249,610.554453030664,2.94360258936792
195.260032005608,-10.2938537597656,-0.29679262638092,-0.025421142578125,1322.15088800495,-789.081610855596,-3.28042953319797,421.660662705926,1033.49448823167,4.56497979493081,-158.950474099687,877.558108598861,4.04016868861338,-158.296057438994,610.935794356155,2.94427217424857
195.440032035112,-10.3131713867188,-0.296575784683228,-0.024688720703125,1322.57585859034,-789.690379827027,-1.83708955625582,420.909046694588,1033.69024408094,4.56580045123918,-159.321237740241,877.570920289652,4.06334577874375,-158.587571649904,611.314862255966,2.94493625276787
195.620032064617,-10.331787109375,-0.296959966421127,-0.033843994140625,1322.9979735695,-789.833077322074,-2.7688810831969,422.065012455896,1033.88397532262,4.56808341440164,-159.690553484029,877.581622797218,4.06090376649669,-158.889169059462,611.691871382216,2.94559364031104
195.800032094121,-10.3509216308594,-0.297047048807144,-0.029266357421875,1323.41756985027,-790.468197956141,-3.446039671618,420.746153042569,1034.07462446491,4.5678273993639,-160.064980910661,877.593174097761,4.04857957874002,-159.184682740471,612.066479263456,2.94624550697547
195.980032123625,-10.3686828613281,-0.297270745038986,-0.019989013671875,1323.83448527808,-790.71635094628,-2.7868852679249,422.027054137725,1034.26389853425,4.56938344735514,-160.433138527335,877.607897299898,4.05227318013087,-159.460770728779,612.438952572509,2.94689070283673
196.16003215313,-10.3876037597656,-0.297724992036819,-0.021820068359375,1324.24855385422,-790.840875575076,-3.48699879705484,423.155811503537,1034.45078308685,4.57274797936522,-160.80193738202,877.616628899752,4.02640460328088,-159.768911666566,612.809015305166,2.9475297042556
196.340032182634,-10.40576171875,-0.297861576080322,-0.031646728515625,1324.66016023259,-791.38313420798,-3.4000502513907,422.539367547429,1034.63486352728,4.57289259820364,-161.17331776127,877.628009847093,4.03057208937698,-160.059281420911,613.176902047567,2.94816236690733
196.520032212138,-10.4245910644531,-0.297137558460236,-0.027679443359375,1325.06869870294,-791.664088798062,-2.02086399551371,423.639798856713,1034.81743126746,4.57211159792587,-161.539515789805,877.638105170578,4.07538958885621,-160.354222172795,613.542579921175,2.9487891631124
196.700032241642,-10.442138671875,-0.297699362039566,-0.029998779296875,1325.47450103715,-792.233528023203,-3.99795463805748,422.609850671776,1034.99788938409,4.57472074630192,-161.904143592726,877.64995520463,4.0565349599906,-160.639396975965,613.905566687282,2.94940894852975
196.880032271147,-10.4603576660156,-0.297873556613922,-0.027435302734375,1325.87775355186,-792.367948172673,-2.92054668683929,424.242466062918,1035.17647372475,4.57529283554529,-162.267351511019,877.660051284042,4.05563954052102,-160.931567392583,614.266551985396,2.95002336972452
197.060032300651,-10.4791564941406,-0.297624230384827,-0.023284912109375,1326.27837064565,-792.857465794719,-3.16119655817076,423.541885594518,1035.35232540936,4.57621071076697,-162.633644261696,877.66921948084,4.05167181583727,-161.226728313753,614.625179087036,2.95063143990142
197.240032330155,-10.497314453125,-0.297497868537903,-0.021820068359375,1326.67615160315,-792.920107542082,-2.61589852953765,425.037388350256,1035.52637359149,4.57612294986307,-162.997753782793,877.678196998294,4.07154845670192,-161.52143927717,614.981699598212,2.95123434691485
197.42003235966,-10.515625,-0.297692537307739,-0.026702880859375,1327.07151604426,-793.185515046507,-3.51914005181416,424.143314522494,1035.69742367967,4.57655602709224,-163.366328774758,877.688792158993,4.08505741084484,-161.804075603481,615.336114961239,2.95183065393253
197.600032389164,-10.5343933105469,-0.298279941082001,-0.025299072265625,1327.46427146116,-793.627983639988,-2.91519977361071,425.368302542927,1035.86747471967,4.57936986943449,-163.72837244575,877.695741112775,4.06327456669469,-162.106994538711,615.688187307934,2.95242145522576
197.780032418668,-10.5531616210938,-0.298153579235077,-0.03497314453125,1327.85443560857,-794.343103884659,-2.87019693759851,423.402317349897,1036.03411470427,4.57833174929148,-164.097641520464,877.703507855176,4.07527059113434,-162.402719414926,616.038247298643,2.95300694546845
197.960032448173,-10.5715637207031,-0.298276513814926,-0.025787353515625,1328.24231027278,-794.508393180572,-2.30048239581865,425.230152511773,1036.19904061343,4.57730567477872,-164.464476855419,877.711373161519,4.10382526489432,-162.695165480971,616.386185191239,2.95358589698877
198.140032477677,-10.5907287597656,-0.299236178398132,-0.02392578125,1328.62731479161,-794.909022779611,-2.01706960659928,424.192068464209,1036.36157269115,4.57703161706005,-164.833334444601,877.716220359889,4.09166840145281,-163.003864206432,616.73198944309,2.95416010187993
198.320032507181,-10.6088562011719,-0.298478007316589,-0.022003173828125,1329.01018600315,-795.174254121758,-4.02152595039391,425.025619104966,1036.52182942132,4.57846823311269,-165.202239356195,877.726572254565,4.0499669951551,-163.282100122599,617.075711637681,2.95472783747422
198.500032536685,-10.62744140625,-0.298349946737289,-0.03167724609375,1329.39035785317,-795.271820651058,-3.43025387219225,426.598447384417,1036.68068330962,4.57949506661223,-165.566968926254,877.731826862845,4.07098153874117,-163.583790433596,617.417198908501,2.95529019517942
198.68003256619,-10.6462097167969,-0.298655599355698,-0.030426025390625,1329.76806879896,-795.634999934748,-2.82962164576557,426.470087707103,1036.83652024523,4.58013432272698,-165.937696875215,877.738252793701,4.08421341816643,-163.878428016443,617.75698021468,2.9558467683575
198.860032595694,-10.6248474121094,-0.297473967075348,-0.024505615234375,1330.14339488369,-796.053719465055,-2.35684993856526,426.140158139981,1036.90906767593,4.577112643363,-166.571360976095,878.321845742698,4.19356701782658,-161.051206053522,618.093464336882,2.95638393480787
199.040032625198,-10.4583435058594,-0.302707701921463,-0.141876220703125,1330.46387747562,-777.379464124415,-7.81112502740161,590.207570867219,1037.24493238398,4.57858503287164,-165.680124812797,878.333496855751,3.98338029301237,-161.286773072026,618.379610586492,2.95682671362013
199.220032654703,-10.4699096679688,-0.301008641719818,-0.029083251953125,1330.7737383369,-781.552494479353,-0.490934312542777,551.839489138201,1037.48316959786,4.58080905290649,-165.334464362364,878.376614504701,4.09794202113289,-161.32074370378,618.661105194198,2.95730013903778
199.400032684207,-10.4772338867188,-0.300207823514938,-0.027435302734375,1331.08035715375,-784.311711447768,-1.43084225042116,533.300295902875,1037.70744399719,4.57670865697079,-165.092499573044,878.403433496852,4.15567122419939,-161.426856770364,618.937419516431,2.95778387007319
199.580032713711,-10.4931335449219,-0.299794554710388,-0.033416748046875,1331.38190399305,-786.112167687828,-3.01453359793851,517.684158633708,1037.91563176267,4.57797750007495,-164.959521414012,878.400361859109,4.14531280614947,-161.680974059009,619.208353552176,2.95827565679747
199.760032743216,-10.5102844238281,-0.300334185361862,-0.035369873046875,1331.67840094998,-790.050274392439,-2.28132694935061,492.89309386715,1038.10564082171,4.57974911023441,-164.944898252278,878.397466142427,4.10125863078453,-161.923060857513,619.47440060651,2.9587731748928
199.94003277272,-10.5299072265625,-0.300542503595352,-0.02423095703125,1331.97122152092,-792.177646038585,-4.04570505072601,477.820143396438,1038.28347090112,4.58219613365131,-165.011137719897,878.383161335428,4.11434807932573,-162.214933519346,619.737107890273,2.95927542811683
200.120032802224,-10.5531311035156,-0.299784302711487,-0.034576416015625,1332.26122277639,-794.093578424355,-0.561768901607138,464.350871371316,1038.44948116358,4.58162271294762,-165.155910817827,878.354825850142,4.1263781033631,-162.575516776098,619.99692719367,2.95978046012231
200.300032831728,-10.5763854980469,-0.301182836294174,-0.033355712890625,1332.55014677587,-791.689312511537,-2.84103904727351,450.111020701341,1038.61656245398,4.58401665597619,-165.378270351435,878.330273414674,4.08229174547605,-162.911689899181,620.256995844617,2.96029640577411
200.480032861233,-10.5954895019531,-0.301358729600906,-0.032135009765625,1332.87979437695,-777.286488728005,-3.02210061834438,441.281100896916,1038.85066607363,4.58501315277254,-165.645653015731,878.316294576456,4.11375806166182,-163.211288103565,620.560222672622,2.96093883802144
200.660032890737,-10.6164855957031,-0.300624459981918,-0.023895263671875,1333.30850114683,-763.058864319309,-2.01869660266502,435.997371965492,1039.15786363721,4.5857260952259,-165.947654380652,878.305372808203,4.11427362485758,-163.540945777737,620.953593251244,2.96180142293683
200.840032920241,-10.63671875,-0.300679087638855,-0.020782470703125,1333.83806967834,-749.645782893962,-1.76026411520112,429.452333840182,1039.53437923347,4.58839626482537,-166.286972989389,878.306642228749,4.13218979796081,-163.850611367044,621.436161974877,2.9628780845428
201.020032949746,-10.6536254882813,-0.301939278841019,-0.021881103515625,1334.46480043591,-736.071107349779,-2.06446469990058,426.685512637379,1039.98068860496,4.59532719143771,-166.645481410677,878.323927773223,4.08151690430305,-164.119139843021,622.005050879684,2.96416150885839
201.20003297925,-10.6725158691406,-0.301198184490204,-0.03289794921875,1335.18578641081,-722.798573380193,-1.96996431257645,424.281362186031,1040.49606826458,4.59979461034707,-167.015645934788,878.339153203622,4.09557276393228,-164.4394522062,622.657870246651,2.96564525507106
201.380033008754,-10.6917419433594,-0.302099794149399,-0.032958984375,1335.99885196948,-710.513463308409,-1.64215953419549,418.324334480631,1041.07626534005,4.60472165952597,-167.41425958925,878.365547058016,4.09402662950849,-164.740590023836,623.392628501618,2.96732432271744
201.560033038259,-10.6685791015625,-0.300566405057907,-0.03045654296875,1336.90159696675,-697.554693828905,-2.22916346712086,417.350133418396,1041.64046543027,4.60660711006387,-168.092855007083,878.992266530156,4.20204192717422,-161.850626057185,624.2069291313,2.96918052912914
201.740033067763,-10.4234313964844,-0.301917105913162,-0.053009033203125,1337.83361604441,-658.032741984291,-0.80575628616441,653.654305304028,1042.55015861814,4.61085019848162,-167.058174970376,879.253997895022,4.04939123965185,-160.917989831491,625.045229585842,2.97111641622065
201.920033097267,-10.4280395507813,-0.300209522247314,-0.019012451171875,1338.80897121434,-661.470152688747,-0.954047030651537,602.276008713204,1043.40362278068,4.60281229645277,-166.452527102854,879.345368519405,4.16748917858287,-160.897579319661,625.922640121847,2.9731908962689
202.100033126771,-10.4291687011719,-0.300288081169128,-0.030120849609375,1339.79658821134,-667.403728130072,-2.51424641394652,574.535034454836,1044.23099707908,4.60384850968385,-166.007637447081,879.423041972454,4.14251413837584,-160.93239983529,626.805263336011,2.97530483176337
202.280033156276,-10.4403076171875,-0.300660312175751,-0.026763916015625,1340.76080700208,-679.717086999669,-3.32587763256055,540.271426858413,1045.00363449181,4.60757300386273,-165.724069415356,879.473901745769,4.12592392931226,-161.079496161172,627.663385538949,2.97738305079986
202.46003318578,-10.4488525390625,-0.301377505064011,-0.026580810546875,1341.66866566732,-694.002847613562,-4.21677888854214,519.104587583641,1045.70321412092,4.61346787272548,-165.569250699354,879.521747705299,4.09402038881876,-161.196163846988,628.467871543562,2.97935209418805
202.640033215284,-10.47265625,-0.301042795181274,-0.0369873046875,1342.49319782276,-709.943135061074,-2.10474440143503,497.73847264061,1046.31453409761,4.6141648439026,-165.527527692678,879.51115329301,4.10205496627323,-161.575745773902,629.195034779409,2.98115269813923
202.820033244789,-10.4990234375,-0.300993293523788,-0.02960205078125,1343.21425274979,-733.192437262974,-1.9460021660085,467.774354851129,1046.81689292631,4.61705232532925,-165.637285594285,879.495553813009,4.11553914403286,-161.921815694868,629.827694832706,2.98273973178803
203.000033274293,-10.523193359375,-0.300814002752304,-0.0274658203125,1343.81550725052,-751.440368679707,-2.32582767782648,456.824404287097,1047.21178454992,4.61941218605867,-165.824198306676,879.460417679951,4.1128160467292,-162.309543633303,630.351765702829,2.98407689652965
203.180033303797,-10.5476379394531,-0.30049467086792,-0.018157958984375,1344.28704349363,-776.585047468237,-1.64105488303446,437.849772545572,1047.48965346241,4.62237938054404,-166.100545985073,879.425908945477,4.14671075150465,-162.627219504492,630.758372518777,2.98513917015601
203.360033333302,-10.5728454589844,-0.300614207983017,-0.027496337890625,1344.62068848787,-797.471158473293,-1.55920773297518,434.52153706509,1047.65803251197,4.6248687511726,-166.400047260683,879.361621731018,4.13695632915911,-163.039822408339,631.041261246976,2.98591113676989
203.540033362806,-10.5968933105469,-0.301328003406525,-0.0257568359375,1344.81591532137,-814.080636572578,-1.66752654952381,422.75672114234,1047.72538115997,4.62774053424085,-166.764121624726,879.307301575172,4.12077944451495,-163.334293401229,631.200889245992,2.98639687675425
203.72003339231,-10.6083068847656,-0.302253484725952,-0.03564453125,1344.92428893464,-811.894960409755,-1.83693039195592,434.747367489989,1047.78909746312,4.62897940941164,-167.08957887934,879.256308803984,4.13267995628139,-163.578035965895,631.293055326436,2.98674738575132
203.900033421814,-10.6364440917969,-0.301836848258972,-0.02691650390625,1345.02575998861,-813.998311554432,-4.15289971973874,421.854041596887,1047.84607066037,4.62966656355107,-167.45288378854,879.181478234999,4.12237405678241,-163.947064805534,631.381098863193,2.98709306225705
204.080033451319,-10.6504821777344,-0.301935881376266,-0.0338134765625,1345.12623342958,-813.149345168965,-2.57392801851663,427.221434080515,1047.90367312212,4.63322075717432,-167.810777630342,879.130975770393,4.12446746241364,-164.185738177684,631.468635476268,2.98743741396926
204.260033480823,-10.6698608398438,-0.302519857883453,-0.0302734375,1345.22647332335,-813.160917637239,-2.41599040691048,427.288369395434,1047.96084930526,4.6375726142991,-168.165988590281,879.069789633904,4.07578427785674,-164.481360919599,631.555912900545,2.98778024669759
204.440033510327,-10.6878356933594,-0.302316665649414,-0.031951904296875,1345.32571086282,-813.06549244779,-3.06587958504323,428.230748069987,1048.01691602799,4.63924214387501,-168.5221186674,879.0124806229,4.11206524660956,-164.754075918661,631.642349892511,2.98812066369751
204.620033539832,-10.7066955566406,-0.302359342575073,-0.02490234375,1345.42414549742,-813.258774148912,-2.1801301308962,427.337336282008,1048.07285508464,4.64138610435358,-168.876776769158,878.951587870872,4.11145321363469,-165.044933079742,631.727923557611,2.9884594116665
204.800033569336,-10.7248229980469,-0.30221763253212,-0.023651123046875,1345.52229345424,-813.193423317313,-2.60980758149785,427.566708307922,1048.12757353006,4.64477841416589,-169.23372343683,878.894454246392,4.0920274759774,-165.317390870426,631.813141747317,2.98879746111692
204.98003359884,-10.7439270019531,-0.302719682455063,-0.026519775390625,1345.61941110077,-813.331237839751,-3.95734155519409,426.631742037329,1048.18198736374,4.64966137683973,-169.588777937079,878.834060525978,4.08256471373574,-165.604560717384,631.897904404129,2.98913414312775
205.160033628345,-10.7618103027344,-0.302531808614731,-0.027923583984375,1345.71614752324,-813.273572895139,-2.76794020420738,427.088653882373,1048.23591938129,4.65149454436682,-169.943105423632,878.7754833361,4.09630217896261,-165.881331048015,631.981882467879,2.98946829858312
205.340033657849,-10.7811584472656,-0.302145898342133,-0.02978515625,1345.81188323564,-813.072551391784,-2.30137918374626,428.021239372776,1048.28905086717,4.65207887478518,-170.299669975991,878.712201634108,4.13241818171243,-166.181252115559,632.065315501461,2.98980190844521
205.520033687353,-10.7993469238281,-0.302118569612503,-0.031768798828125,1345.90726919074,-813.080245997319,-2.74674114402475,428.129769221548,1048.34049308687,4.65427000350597,-170.660920169179,878.654285969062,4.13713407427301,-166.45354886721,632.148343852895,2.9901336645004
205.700033716857,-10.8180847167969,-0.303011655807495,-0.02764892578125,1346.00231334611,-813.394952701994,-4.05879716851271,426.693876124511,1048.39150945387,4.65977203231018,-171.020780373546,878.594556968105,4.07138074592134,-166.736363296238,632.230727135724,2.99046391413015
205.880033746362,-10.8363952636719,-0.303126066923141,-0.02813720703125,1346.09629168566,-813.233186562912,-3.08612669058505,427.642123664772,1048.44247493054,4.66237941346838,-171.377650207247,878.533265009165,4.11080363229554,-167.024054970299,632.312620167328,2.99079245808342
206.060033775866,-10.8546752929688,-0.302729904651642,-0.030609130859375,1346.18989504286,-813.030912807266,-2.3975046973224,428.969435289871,1048.49287909641,4.66349849365623,-171.733189627251,878.474515921524,4.13001906447933,-167.298843439927,632.393987551142,2.99111964283303
206.24003380537,-10.8731689453125,-0.302728205919266,-0.0244140625,1346.28258213834,-812.903207791356,-1.78726900847047,429.737931717295,1048.54316700081,4.66650332393887,-172.086069726916,878.413417708869,4.12756064292381,-167.585183519734,632.4744963656,2.99144467989546
206.420033834875,-10.8917846679688,-0.303102165460587,-0.03387451171875,1346.37462597389,-812.764191307321,-2.2285690392265,430.321608223793,1048.5921171844,4.67021843753537,-172.442561812288,878.354487150478,4.12313475445394,-167.859273904185,632.554527886783,2.99176851803888
206.600033864379,-10.9100952148438,-0.30293995141983,-0.028594970703125,1346.46601103518,-812.807755126972,-2.96530761603654,430.298437602218,1048.64056084747,4.67170004303716,-172.797694932711,878.294060361911,4.13106068791081,-168.140450039713,632.633928016261,2.99209118317002
206.780033893883,-10.9291687011719,-0.30301508307457,-0.026519775390625,1346.55681476022,-812.749617144802,-2.19517446272184,430.638016659836,1048.68876007602,4.6742257386179,-173.151485543676,878.229675647614,4.15499519327892,-168.441120098432,632.712867779549,2.99241181070406
206.960033923388,-10.9485473632813,-0.303255826234818,-0.024078369140625,1346.64686696584,-812.75149231205,-1.89693456560607,430.437034625935,1048.73533709917,4.67694434994111,-173.510950291231,878.167600379493,4.14119513167687,-168.729996738501,632.791231891278,2.99273133459859
207.140033952892,-10.9668273925781,-0.303325861692429,-0.032867431640625,1346.73653363614,-812.973898125703,-2.56260845427971,429.272175708487,1048.78103943501,4.67963809669909,-173.872444680167,878.107161878298,4.1472459014768,-169.009033062507,632.869067740699,2.99304982837662
207.320033982396,-10.9846801757813,-0.303283154964447,-0.020477294921875,1346.82583594805,-812.956251610333,-1.84330319670386,429.38556429046,1048.82660152877,4.68324041223135,-174.231463890696,878.048113589969,4.13197562147624,-169.280712961132,632.946688082261,2.99336696928088
207.5000340119,-11.0039367675781,-0.303418040275574,-0.03411865234375,1346.91438668851,-812.582809256402,-2.04299718226869,431.299441625845,1048.87199393757,4.68590072729227,-174.587071379304,877.982499970732,4.13194310483041,-169.585543890984,633.023555891469,2.99368191051292
207.680034041405,-11.0223083496094,-0.304102808237076,-0.029052734375,1347.00227919018,-812.762921308774,-2.92244343755826,430.406882308198,1048.91517843649,4.69003284256042,-174.951274868635,877.924544078357,4.10888603739628,-169.851219248033,633.099975256737,2.99399569319827
207.860034070909,-11.0407104492188,-0.303739070892334,-0.030120849609375,1347.08975644824,-812.393629256721,-1.6228621653886,432.636056534914,1048.9594278952,4.69194714046483,-175.306061191222,877.862292370235,4.14280999028214,-170.136725905992,633.175744947763,2.99430754552091
208.040034100413,-11.0601501464844,-0.303824454545975,-0.033050537109375,1347.17642164641,-812.679493871447,-2.84865970144759,431.203780518551,1049.00218705609,4.69579600705567,-175.665479466647,877.798309797493,4.13465752950069,-170.431338157178,633.251170702547,2.9946182488657
208.220034129918,-11.0786743164063,-0.303877383470535,-0.028228759765625,1347.2624414972,-812.555099771221,-2.55329816220348,431.652777819112,1049.04414465785,4.69973087264638,-176.02632427764,877.737231043182,4.12476281555137,-170.710706867598,633.32586020749,2.99492757474788
208.400034159422,-11.0970153808594,-0.303841531276703,-0.03466796875,1347.34809509502,-812.648871118716,-2.47308699911031,431.447057662524,1049.08610408227,4.70334830750642,-176.383104141387,877.67517099984,4.12765671026136,-170.994196389481,633.4002838878,2.99523506067109
208.580034188926,-11.1156005859375,-0.303841531276703,-0.029937744140625,1347.43308972811,-812.429243694895,-1.83874721671577,432.57286266761,1049.12736901815,4.70571819808507,-176.739778115644,877.612715072249,4.13029030583163,-171.279254215354,633.473986167419,2.99554117330879
208.760034218431,-11.1346130371094,-0.304568976163864,-0.0296630859375,1347.51733215881,-812.540298495039,-3.04565860755486,431.623905894205,1049.16763671266,4.71056566531542,-177.099717103184,877.549163929807,4.11483551047582,-171.569165538874,633.547154590322,2.99584591585478
208.940034247935,-11.1537170410156,-0.304232567548752,-0.030242919921875,1347.60127032929,-812.541674275376,-2.36046589158997,431.63684413128,1049.20703744408,4.71317463792313,-177.461805067847,877.485241147637,4.12868944066047,-171.860129837581,633.62008963426,2.99614951344844
209.120034277439,-11.1725463867188,-0.304498970508575,-0.0367431640625,1347.68500807143,-812.496948882479,-2.03890103273966,431.942999372967,1049.24580702727,4.71567155028816,-177.824161471498,877.421655314754,4.13178399960904,-172.148872117137,633.692730915495,2.99645172777406
209.300034306943,-11.1916809082031,-0.30480632185936,-0.030029296875,1347.76823595281,-812.433744880892,-2.87384650046434,432.320276534614,1049.2836964454,4.71828631767667,-178.188236511733,877.35890382874,4.12921762567571,-172.43372475535,633.764968068458,2.99675311432392
209.480034336448,-11.2097473144531,-0.304755091667175,-0.02313232421875,1347.85095308385,-812.46428549222,-1.8999758188512,432.041308701654,1049.32138997668,4.72200277674595,-178.54991983636,877.298640377363,4.14992690014481,-172.704842224697,633.83664923912,2.99705279647877
209.660034365952,-11.2280883789063,-0.304898530244827,-0.036651611328125,1347.9330029197,-812.288407690494,-1.91267437117983,433.588839468581,1049.35918799143,4.72527702602351,-178.906462911631,877.235112338993,4.1492406764719,-172.991869966991,633.908144622843,2.99735061873505
209.840034395456,-11.2469177246094,-0.305171728134155,-0.036651611328125,1348.01443106338,-812.344372442901,-2.75056877228195,432.976496421646,1049.3962016975,4.72823146316563,-179.264085339876,877.171904284877,4.13110545532048,-173.277222670593,633.978706247536,2.99764655306109
210.020034424961,-11.2656555175781,-0.305579870939255,-0.030426025390625,1348.09518543401,-811.960849869254,-2.88561612653513,435.259318880658,1049.43240337463,4.7310991121767,-179.622581212853,877.109244254473,4.12285550231024,-173.559202781749,634.048859862732,2.99794184033418
210.200034454465,-11.2837524414063,-0.305455207824707,-0.03289794921875,1348.17544128815,-812.118538172167,-3.74889927024105,434.34602048665,1049.46867701637,4.73347850170341,-179.976652456271,877.046133232263,4.11657095558715,-173.842503148059,634.118460560381,2.99823508042886
210.380034483969,-11.3020935058594,-0.305711358785629,-0.035980224609375,1348.25487865369,-811.871487380114,-3.45433482159257,435.539631444244,1049.50415552929,4.73563023362968,-180.331993649492,876.98444694572,4.13556560674498,-174.117430228248,634.187252952786,2.99852710041565
210.560034513474,-11.3212890625,-0.305692553520203,-0.031219482421875,1348.33396045021,-811.932655561985,-2.09321532805654,435.202448987543,1049.53930530685,4.73724522311441,-180.687197048185,876.918108788858,4.13645623535907,-174.415610420139,634.255924861398,2.99881795937464
210.740034542978,-11.3390197753906,-0.305900871753693,-0.032806396484375,1348.41239316352,-811.930077369937,-2.00641599566896,434.955443628692,1049.57326441892,4.73980084635819,-181.045267198291,876.858148263774,4.1514485208654,-174.680591431206,634.324102962462,2.99910778527936
210.920034572482,-11.3569641113281,-0.306218475103378,-0.034454345703125,1348.49057398133,-811.810408375959,-2.63008588535411,435.728724980611,1049.60723504722,4.74296539866055,-181.399932748013,876.795495970258,4.15000051562296,-174.959208077655,634.391801348974,2.99939625258606
211.100034601986,-11.376953125,-0.306092113256454,-0.03668212890625,1348.56787382735,-812.017848683717,-3.25017584617882,434.637715899429,1049.64014531645,4.74501980981473,-181.757141260769,876.72844234619,4.13498407240683,-175.259634701135,634.458985859812,2.99968321367719
211.280034631491,-11.3956298828125,-0.306145071983337,-0.034820556640625,1348.6448984039,-811.8942123887,-2.95933271529373,435.121793053428,1049.6723779627,4.74743038004745,-182.115496296039,876.663750401554,4.15092759991662,-175.546165588299,634.525703541872,2.99996860254634
211.460034660995,-11.4149475097656,-0.306616336107254,-0.033935546875,1348.72123485645,-811.849209065645,-2.35236977739939,435.819033974695,1049.70391703833,4.74954904222726,-182.474629009799,876.598870229091,4.14592179437663,-175.834373177849,634.591937963422,3.00025337507283
211.640034690499,-11.4332885742188,-0.306392669677734,-0.037567138671875,1348.79746000184,-811.636156790975,-2.37132946061061,436.534135053738,1049.73478022531,4.7509945854571,-182.83403224738,876.535029895393,4.1545405648488,-176.116546876803,634.65794530302,3.00053621583022
211.820034720004,-11.4525146484375,-0.307132035493851,-0.033721923828125,1348.87293882822,-811.818048752601,-2.80328883237303,435.48012850961,1049.76514460804,4.75434283288366,-183.193268911411,876.469177043161,4.14549507198946,-176.407933774844,634.723306923684,3.00081825836228
212.000034749508,-11.4711608886719,-0.306730777025223,-0.0235595703125,1348.94792490312,-812.046094698442,-2.40912398386945,434.872806329776,1049.79429087072,4.75488586739055,-183.556620679853,876.407528785879,4.16204489437478,-176.678143923797,634.788453687234,3.00109847356181
212.180034779012,-11.4891967773438,-0.306947648525238,-0.028472900390625,1349.02259719043,-811.4634776616,-2.47346409459229,436.839853384551,1049.82406208644,4.75766296872664,-183.913806352455,876.341480613351,4.15803335181636,-176.969519440017,634.853210487209,3.00137841214668
212.360034808517,-11.5092468261719,-0.306968122720718,-0.035675048828125,1349.09694927371,-811.461974544462,-2.60549862094317,436.800553862916,1049.85226585072,4.75961555369617,-184.276552857839,876.27432096727,4.14295584489806,-177.266364906019,634.917748312991,3.00165654851695
212.540034838021,-11.5274963378906,-0.30718669295311,-0.030548095703125,1349.1708948379,-811.589481309596,-2.45475490291363,436.061259907925,1049.88017293796,4.76074757776086,-184.637872981914,876.209713759768,4.15046974047229,-177.550152642554,634.981598918741,3.00193350547286
212.720034867525,-11.5463562011719,-0.307068884372711,-0.0345458984375,1349.24431931759,-811.387388724391,-2.4638322215487,437.343243397547,1049.90744155258,4.76402950782738,-184.999180311776,876.144977355186,4.16861478069196,-177.833566708013,635.045147401329,3.00220944849012
212.900034897029,-11.564697265625,-0.307256698608398,-0.0322265625,1349.31737896216,-811.505735001824,-2.07172495706197,436.796792490304,1049.93434309308,4.76655764050664,-185.359540079889,876.080124064455,4.14825483763814,-178.117490711734,635.108549537743,3.00248387861794
213.080034926534,-11.5834350585938,-0.307818472385406,-0.040435791015625,1349.38993940848,-811.459414007096,-3.32708484937029,437.07201016676,1049.96070533379,4.76853715766524,-185.719203684347,876.015633689279,4.12363975100878,-178.39936638126,635.171352148217,3.00275659246078
213.260034956038,-11.6018676757813,-0.308057546615601,-0.036651611328125,1349.4617844942,-811.301135009276,-3.17593777984496,437.863933224643,1049.98683961708,4.77009018702025,-186.077712481734,875.950917322367,4.1470891286531,-178.681240752114,635.233740208846,3.00302828742282
213.440034985542,-11.6206359863281,-0.307975590229034,-0.029296875,1349.53338443049,-811.151290937078,-2.75353557410651,438.337452109814,1050.01250916536,4.77115868138576,-186.435346072599,875.886543181923,4.1422761470556,-178.9608975985,635.295711532901,3.00329845345444
213.620035015047,-11.6383666992188,-0.308212965726852,-0.0322265625,1349.60437581402,-811.001133263269,-2.37067260158233,439.036932307791,1050.03825788863,4.77357005219182,-186.78925491139,875.822969706883,4.1575558372439,-179.236298872696,635.357308332422,3.00356797230184
213.800035044551,-11.6574401855469,-0.30792436003685,-0.035675048828125,1349.67497891792,-810.770818016954,-3.19275533108512,440.04583269418,1050.06307337037,4.77542733537647,-187.146212597638,875.755691997808,4.17559078624043,-179.528438925955,635.418188471073,3.00383609051253
213.980035074055,-11.6766357421875,-0.308679103851318,-0.03558349609375,1349.74501757903,-811.012238458402,-2.57324453028127,438.983932535056,1050.0870300126,4.77499171592835,-187.504239152853,875.689892875293,4.18523445527301,-179.813337393089,635.478889972327,3.00410287392008
214.160035103559,-11.6949768066406,-0.309368968009949,-0.036773681640625,1349.81460612051,-811.025061744323,-3.34382878764416,438.550183624052,1050.11070327977,4.77571621609003,-187.861579363835,875.624504954653,4.18389447593532,-180.096444015753,635.539255273014,3.00436880837653
214.340035133064,-11.7135925292969,-0.309227228164673,-0.032135009765625,1349.88350782423,-811.000794660797,-3.30148292921245,438.705778503357,1050.13313808004,4.77549904456888,-188.22236749388,875.558615281414,4.19147380099102,-180.380278899631,635.599097314144,3.00463288481356
214.520035162568,-11.7330017089844,-0.30990344285965,-0.040924072265625,1349.95266247791,-810.748439305599,-3.44393840050455,439.878393234084,1050.15575038917,4.77659903539033,-188.578587391471,875.491142900755,4.16394507497077,-180.672647381703,635.658502311701,3.00489612014817
214.700035192072,-11.7517395019531,-0.309818089008331,-0.032470703125,1350.02062319075,-810.852083005709,-2.73523679274149,439.466077655826,1050.1775455959,4.77523952215613,-188.937389705712,875.424024214925,4.18719475398894,-180.961589679507,635.717721611454,3.00515829420831
214.880035221577,-11.7719116210938,-0.310403764247894,-0.042724609375,1350.08856399864,-811.019094902968,-3.61521738844849,438.406458607613,1050.19783419486,4.77485103970108,-189.300960208347,875.354396315273,4.19594307742857,-181.262443356317,635.776448023897,3.00541882516939
215.060035251081,-11.78955078125,-0.310898989439011,-0.037872314453125,1350.15587708134,-810.885838208009,-3.69596457685842,439.044582715709,1050.21741046584,4.77350130364313,-189.66433518856,875.291983072043,4.18912307351674,-181.528218984244,635.834477404288,3.0056781345575
215.240035280585,-11.8085327148438,-0.310695767402649,-0.030426025390625,1350.22258552274,-810.720538363617,-2.83327307505866,440.295490668458,1050.23729716564,4.77147287977532,-190.022510703808,875.22391715831,4.19192034317749,-181.821035501418,635.892500379972,3.00593578459238
215.42003531009,-11.7859497070313,-0.309563636779785,-0.033538818359375,1350.28832435844,-810.515346960367,-3.9659322997959,440.770401654419,1050.16629432794,4.76963188495299,-190.65103355569,876.029690199392,4.2149693935969,-177.85440766685,635.948369366712,3.00617698228103
215.600035339594,-11.1269226074219,-0.301128178834915,-0.01947021484375,1350.23837733012,-703.343662422171,3.40793434281829,1110.68873158466,1050.58423976657,4.75050423757744,-188.180124505285,877.192162591102,4.14752814472232,-171.92259888605,635.894956808055,3.00617786294959
215.780035369098,-10.692138671875,-0.418574988842011,-1.20144653320313,1350.02407144613,-682.013848858124,-38.8781391268826,1328.68365917963,1051.04023534257,4.53892428884868,-184.778659836328,878.293553699813,5.64794939620347,-165.894464275284,635.69069633868,3.00594743630967
215.960035398602,-10.7122497558594,-0.423573017120361,0.144927978515625,1349.70707964107,-733.657504099297,31.1209978003137,1056.95245658393,1051.49816465272,4.72495682148668,-181.621196483765,878.268767126404,5.85826654459878,-165.627341909335,635.402935460567,3.00572589867781
216.140035428107,-10.7098693847656,-0.425022751092911,-0.028411865234375,1349.39991962122,-749.20983717629,20.9438688429233,927.956230602935,1051.8696067666,4.85093722014315,-179.207434829337,878.206186414699,5.90858816554553,-165.499557828039,635.124111813163,3.00565255772344
216.320035457611,-10.4635314941406,-0.430731132626534,0.024993896484375,1349.09310045286,-855.303632984939,13.6741928367479,585.474234971478,1052.17863067358,4.96706327206283,-177.026481673188,878.853009905473,5.72152354761931,-161.505562248779,634.838101547189,3.00564206600726
216.500035487115,-10.4329833984375,-0.431236565113068,-0.020050048828125,1348.72565250927,-748.754406941732,14.467665790906,952.561285321107,1052.54640231875,5.08055809440373,-174.517367963775,878.792692758513,5.98325730491631,-161.19794344955,634.496807196652,3.00562281476347
216.68003551662,-10.3893127441406,-0.432496726512909,-0.03106689453125,1348.33666411791,-757.115254844565,17.4098801455765,883.88331701454,1052.84301629051,5.18295119041128,-172.467457651475,878.798613879861,6.10006776750318,-160.460517467302,634.131849900461,3.0056524659196
216.860035546124,-10.2544250488281,-0.429716825485229,-0.040618896484375,1347.93105628219,-821.087344098456,14.0782385565942,603.618746108709,1052.95449319572,5.27386630138005,-171.185376449248,879.718827433435,6.24482318056374,-154.538546322838,633.749555769131,3.00571133040643
217.040035575628,-9.785888671875,-0.439354300498962,0.02850341796875,1347.39348235977,-733.932472464313,13.8362806876006,1163.40196466421,1053.52094098933,5.38847836584856,-167.10547859458,880.092130390371,6.0956655529629,-151.460188537219,633.243905798144,3.0056012484461
217.220035605133,-8.79177856445313,-0.441365793347359,0.030548095703125,1346.7267890905,-826.203716408548,5.27266820822632,1073.03765252164,1053.92623805781,5.45565203059419,-162.737525770351,882.510645171238,6.00299519577444,-135.429481182562,632.619251730979,3.00532323588902
217.400035634637,-8.28237915039063,-0.429937094449997,0.0350341796875,1345.76597950053,-779.640656073905,5.46019628197899,1502.48033152352,1054.45522693752,5.49405755183456,-156.091902521806,884.159601086552,6.48552901520022,-122.412892714307,631.720539525988,3.00464831790625
217.580035664141,-6.79876708984375,-0.429344579577446,0.03594970703125,1344.30044223724,-617.718597763084,8.25832094519893,2944.1675433676,1055.44322991881,5.52512711585526,-143.91457596025,885.814168532522,6.69632112651509,-107.134929291107,630.344687861375,3.00315578707554
217.760035693645,-6.60079956054688,-0.442643061280251,0.009613037109375,1342.43422334751,-678.618075910941,3.99916366183891,2496.06925532685,1056.11288915329,5.56535930630532,-133.137313577456,885.844784665529,6.07873883669083,-103.48252237016,628.63403604047,3.00144543482329
217.94003572315,-6.56982421875,-0.433429047465324,-0.069091796875,1340.53250007899,-726.657097030329,-0.645403455022944,2023.42338886088,1056.64866684927,5.57088354518465,-124.345548693357,885.478726814363,6.34216552969499,-102.741931664269,626.911451857339,3.00016925338386
218.120035752654,-5.8060302734375,-0.431257054209709,0.053863525390625,1338.72047263446,-855.920061123578,0.419926463839062,1607.54473893749,1056.91320801762,5.58385582148602,-117.034533991805,886.508593385689,6.54850684655685,-88.7636232790562,625.249266941269,2.99927963407649
218.300035782158,-5.40634155273438,-0.435041010379791,0.12652587890625,1336.68836291948,-791.763814411105,9.20669312785537,1977.81337340171,1057.26003927483,5.65885198417157,-107.673811515517,886.728011175068,6.57165271947133,-80.8488531993072,623.377301386957,2.99823018221075
218.480035811663,-4.95083618164063,-0.427560180425644,-0.015228271484375,1334.44477316718,-773.54889029523,-2.40785345565672,2139.64748849056,1057.64544646935,5.6677690700592,-97.7657597302119,886.430571048011,6.78166002753691,-77.4956803609148,621.309441843393,2.99710870894756
218.660035841167,-4.94158935546875,-0.434880495071411,-0.073455810546875,1332.18437138156,-786.029326853196,8.01162373524272,1774.47298632405,1057.8689183222,5.7318731916369,-90.1188247371708,885.840556455421,6.46382593404717,-77.0460329799777,619.246406359293,2.99639140887808
218.840035870671,-4.75372314453125,-0.43184956908226,-0.063568115234375,1330.00739135649,-866.86858900285,4.95149809881116,1204.00970940766,1057.99854275904,5.75764709871497,-84.1378506773096,885.424746199411,6.47346604514425,-74.2594320012931,617.249270100629,2.99608141244251
219.020035900176,-4.74996948242188,-0.441656097769737,-0.046722412109375,1327.84555375979,-800.64083023738,6.81572256419184,1355.13706070403,1058.12718730696,5.82851630662255,-78.8185984535282,884.810604417147,6.47360707160772,-73.4960666398697,615.262213232378,2.99602474187686
219.20003592968,-4.18255615234375,-0.433077290654182,-0.010406494140625,1325.7064339769,-895.326946843075,1.89865466563339,934.069740264766,1058.05376477568,5.87040865421134,-74.770709115587,885.071012229738,6.74516298770254,-60.8391165486063,613.279835055236,2.99610823218074
219.380035959184,-3.58590698242188,-0.445059269666672,0.049530029296875,1323.32156347788,-769.780653166831,16.644101545635,2115.41791403664,1058.20465260259,5.93962740247738,-66.6300975072258,884.656719740629,6.67584473725706,-55.8351439902277,611.079482804684,2.99591847752597
219.560035988688,-3.35617065429688,-0.447523266077042,0.017181396484375,1320.81895709963,-807.072379510869,0.592165499818549,1734.65475616372,1058.20210303068,5.9867953853464,-60.1394843709078,884.106404086049,6.38550696623811,-52.03645807312,608.78020915017,2.99577267683557
219.740036018193,-3.35662841796875,-0.454129815101624,0.0025634765625,1318.27591173633,-820.071595594428,4.82031426331525,1439.71790638796,1058.20279044167,6.01725855162402,-54.3418658899781,883.293245569385,6.98375069464198,-51.9619437314543,606.452511097806,2.99582918365526
219.920036047697,-3.37045288085938,-0.45568710565567,-0.033966064453125,1315.77290664565,-819.669606897852,0.388244435508852,1164.94856815702,1058.19749331816,6.04592415859683,-49.9500449213297,897.954542698435,6.73690074197072,-52.6123604179327,604.158045930087,2.99617063567626
220.100036077201,-3.38735961914063,-0.457305878400803,-0.022247314453125,1313.35713106424,-819.160781587841,-3.80966840640593,958.221830000669,1058.25646276308,6.117995895369,-46.8135713933536,897.346486851928,6.51842487169792,-50.8999765573229,601.948958961167,2.99688709969996
220.280036106706,-2.81887817382813,-0.434105262160301,-0.131256103515625,1310.95157009898,-826.907479272098,15.3356971437298,1183.87303510539,1058.28263701841,6.15231725684176,-42.4278523982232,896.969366335999,6.79095402284769,-44.378682017293,599.732838540351,2.99765565907201
220.46003613621,-2.8360595703125,-0.436012595891953,-0.051422119140625,1308.4879588599,-821.883039036386,12.7288649678868,1060.67142842814,1058.33391826049,6.2026169813739,-38.5813220215295,896.249642968151,6.78209591257307,-43.9962190179172,597.473127474184,2.99852988129076
220.640036165714,-2.62716674804688,-0.438625171780586,0.032867431640625,1306.01290464732,-811.70228448228,13.0196723002316,1179.81676139389,1058.36848727038,6.26303065574974,-34.9709918690239,895.656139802906,6.74673585555522,-40.665122667414,595.20333866943,2.99950056517054
220.820036195219,-2.62130737304688,-0.434759259223938,-0.004425048828125,1303.52020322174,-819.022637858173,12.249900445673,912.810083080625,1058.42642003721,6.31785507891412,-31.9846384310011,894.900213447549,6.63854829098821,-40.532997970904,592.921348751572,3.00059059992383
221.000036224723,-2.51052856445313,-0.430061742663383,0.006134033203125,1301.05305699749,-840.245072961655,5.64380269636445,574.652248594341,1058.4034599976,6.36826125297459,-30.2047094900688,894.385977438455,6.74063289983872,-34.4331995215007,590.661252363374,3.00181104707908
221.180036254227,-1.98721313476563,-0.435580596327782,0.071136474609375,1298.47340856647,-823.740918215562,8.04458919268836,1189.99852479401,1058.47016075558,6.42624539830104,-25.5867270990873,893.733438120043,6.57641524707716,-30.7382434038785,588.301036683009,3.00289763255359
221.360036283731,-1.51638793945313,-0.431719794869423,0.033050537109375,1295.83094212817,-898.446192845726,-0.918989529200587,773.848782630201,1058.41401410771,6.45153676126838,-21.8646057348543,893.167860567494,6.57663777146802,-22.6456299488342,585.891519033779,3.00400276383287
221.540036313236,-1.37667846679688,-0.437170341610909,0.023773193359375,1293.05209169739,-837.788432715653,8.36555196107065,1199.19806519581,1058.39723898852,6.50224087509711,-16.730355561891,892.373092518617,6.62439859313331,-21.2769551510993,583.371662736822,3.00503047940034
221.72003634274,0.2576904296875,-0.42848739027977,0.039276123046875,1290.15304548463,-936.194645545615,-3.03824084410044,1512.7032435173,1058.03808288998,6.47436982592964,-11.2845709553001,891.706262344035,6.80365939396904,9.71428399580697,580.731202048245,3.0058117694831
221.900036372244,1.31658935546875,-0.429836347699165,0.120391845703125,1286.66166382355,-983.045859385155,0.583332349406845,2730.41743499827,1057.32278935351,6.47229226863765,1.87261172708486,890.583991612481,6.88924053919011,20.618323970663,577.568709000635,3.00560443029972
222.080036401749,1.47064208984375,-0.36116486787796,-1.61956787109375,1282.71397712746,-966.971193089899,-54.6940301412687,2295.06830043001,1056.55108468342,6.21719295312182,13.0779244471997,889.549181036351,6.48384351430985,21.6043730173983,574.039610003103,3.00501543371087
222.260036431253,1.48727416992188,-0.419324606657028,-0.36920166015625,1278.84221307515,-925.458012242368,-24.0273163857951,1789.20040189144,1055.97091734652,6.11387486023845,21.6380943773992,888.486314844396,6.20585757695641,23.003640952317,570.618200151213,3.00515015239412
222.440036460757,2.05096435546875,-0.395616769790649,-0.1419677734375,1275.08640442611,-931.203666402515,3.57411116698324,1988.07133689452,1055.34600913739,6.07973897990051,29.7141142286522,887.188087677448,6.28676231633619,31.2110751654041,567.279014712419,3.00570742861281
222.620036490262,2.0517578125,-0.386284917593002,-0.050567626953125,1271.31512710007,-914.789679506803,-0.623938323521116,1567.42769799051,1054.81409434809,6.0610309645054,36.9793394298114,886.112510104913,6.07897335384838,31.4105161279125,563.929841980014,3.00655882655136
222.800036519766,2.01681518554688,-0.388494521379471,-0.040618896484375,1267.61240453377,-887.367652676548,0.392351591878594,1301.96903559879,1054.42301919016,6.04469499847722,42.7292477220632,885.046391871202,6.02412078423337,31.0224011346257,560.647686317803,3.00782591945143
222.98003654927,2.00244140625,-0.39986863732338,0.007049560546875,1263.99608435661,-864.715915880463,9.7286519088442,1083.21046235164,1054.15981270025,6.08123874938204,47.1269579713006,883.958975464039,6.0887947179185,31.0579984118193,557.440837808583,3.0094639461001
223.160036578774,1.99191284179688,-0.391725212335587,-0.01080322265625,1260.4441475875,-846.510928699582,11.6451559508773,907.133630545397,1054.00067159879,6.12586891570892,50.4551088178226,882.868304697305,6.01551483774628,31.1122189911825,554.291316213346,3.01138350681403
223.340036608279,2.21475219726563,-0.400377482175827,0.05401611328125,1256.92959659142,-839.468611601981,7.55315876397179,924.237005992493,1053.8846185444,6.21724728532782,53.1370413221691,881.648181243932,5.38419812307636,34.6380279223968,551.177032847542,3.01347831565468
223.520036637783,2.212890625,-0.389059722423553,0.03082275390625,1253.40830900524,-829.96997894033,3.27591000548614,773.57644176769,1053.79711131202,6.25835217594963,55.8100741848711,880.551243968425,5.73380568378459,34.5597598512956,548.06392808925,3.01567428622184
223.700036667287,3.32009887695313,-0.400570422410965,0.076751708984375,1249.82920022845,-887.296184573374,-6.05391429405518,1528.09923713161,1053.49154442792,6.26159990540075,59.5568234660273,878.562123687455,5.7911257686483,52.2847166561214,544.901470640746,3.01775773784417
223.880036696792,3.59426879882813,-0.363854289054871,0.119537353515625,1246.04570147272,-911.733818351052,15.3564443099373,1213.04254466291,1052.95264623629,6.29600883295896,65.2199130374084,876.955920520058,5.68650920482394,59.5777176790634,541.574816855633,3.01959775119623
224.060036726296,4.53292846679688,-0.365710407495499,0.07684326171875,1241.98886562335,-981.826957255744,-11.4574049791335,1850.72430966254,1052.07807114779,6.22850093000244,73.6659491924135,875.107737564663,5.88080129742718,68.6128091286915,538.020156116578,3.02101620969343
224.2400367558,4.81906127929688,-0.373537927865982,0.08453369140625,1237.79440016541,-973.182953493955,-7.69933519596435,1323.43841376416,1051.2434702278,6.1673242827208,80.5668494326905,873.33380191375,6.03589068090389,75.3663094348857,534.376308016724,3.02251877037401
224.420036785305,5.02633666992188,-0.370131313800812,0.059906005859375,1233.50327277195,-962.531546033888,-3.20930528837025,1607.31054269649,1050.37847879048,6.16398783301055,88.3864195735395,871.877123920061,5.63013574700626,77.8732514095931,530.665409272117,3.02411790957856
224.600036814809,7.31857299804688,-0.387528032064438,0.1168212890625,1229.03469663077,-1142.21584064684,-29.8263332764512,2670.48495802507,1048.88206972228,6.04241015357039,97.4971680079638,866.519573224608,5.80809062158353,114.581951542356,526.795464604852,3.0253376717937
224.780036844313,8.14736938476563,-0.36166176199913,0.127166748046875,1223.94083936222,-1266.55865585785,-18.1516268222015,2572.68730174704,1046.44906378977,5.98215356935544,111.300625225898,863.522544732076,5.67123539652236,126.250215739395,522.405974824547,3.02553137123775
224.960036873817,8.55569458007813,-0.35322293639183,0.10113525390625,1218.35947505065,-1259.84825790884,-18.0721057495162,2493.41304327654,1043.92621772657,5.86646708204139,125.296734985086,861.792076791428,5.66654992491901,128.140953889454,517.659052199652,3.02529103993566
225.140036903322,8.58444213867188,-0.372033536434174,0.02362060546875,1212.85234860977,-1154.41770747068,-8.64529586223308,2152.19682806351,1041.91328948834,5.77822721927524,136.17305721235,860.199989176469,5.91340822191846,128.966990060562,513.024708465599,3.02586716163093
225.320036932826,8.66357421875,-0.37141540646553,0,1207.60902253436,-1080.07192205238,-14.1353043303561,1673.31036537732,1040.31052252172,5.72041992257443,144.822401764705,858.421930117644,5.56041182581882,131.051337877111,508.60929105523,3.02737283777995
225.50003696233,8.73779296875,-0.363073945045471,0.053985595703125,1202.50673827922,-1033.3698583529,-8.74300937275188,1573.48675272673,1038.96370109533,5.67695659388815,152.569504449703,856.916756130345,5.67835619651189,131.296011717813,504.3130140622,3.02948108046289
225.680036991835,8.711669921875,-0.349240899085999,0.04168701171875,1197.53746701206,-968.52306838161,-14.4924731426641,1279.22111401574,1037.94915195299,5.64998882523966,158.624423731104,855.467902666589,5.29093606243609,131.200197428666,500.135165950082,3.03213835871084
225.860037021339,9.18209838867188,-0.318934828042984,0.12054443359375,1192.60636901078,-1002.84644694567,-9.35232679078942,1519.40288416659,1036.89907820137,5.64368528661081,164.532132670573,852.97487850296,4.57672243708698,137.703950179988,495.991088705511,3.035017299853
226.040037050843,9.17111206054688,-0.305180281400681,0.094268798828125,1187.66335038648,-942.43447657666,-7.2896537781634,1148.3622355667,1036.00908255397,5.62930444153987,169.892020063894,851.535671385037,4.6179903136653,137.437890497231,491.854218438718,3.03813043844596
226.220037080348,9.15643310546875,-0.318535268306732,0.070068359375,1182.77857142692,-898.880884787972,-6.18136211116082,966.440445380918,1035.35369347721,5.66923817887433,174.236185151046,850.109597083325,4.54031372166178,137.108548192888,487.780402992656,3.0415791856071
226.400037109852,9.33270263671875,-0.317324578762054,0.110321044921875,1177.94431828262,-915.151845369091,9.67056060900961,1177.28656588029,1034.82171718725,5.69460500657221,177.978137546001,848.180298746666,4.82805110273958,139.869903162347,483.757698494336,3.04527444971217
226.580037139356,9.32943725585938,-0.337878674268723,0.081146240234375,1173.13156888136,-855.085158252453,-9.81960471620149,798.692528849569,1034.40431831257,5.67772573002744,181.325841907808,846.78955871678,5.01492887512678,139.349448892269,479.766564064808,3.04916936450759
226.76003716886,9.5025634765625,-0.311267822980881,0.066009521484375,1168.34621917986,-847.889683970518,-5.97478866099004,787.103970750207,1034.05869078102,5.66806423534874,184.331671924354,844.918945804744,4.65417626017615,141.756446288946,475.810061714684,3.0532377871118
226.940037198365,9.50262451171875,-0.320845603942871,0.06427001953125,1163.5686851761,-814.859451140716,-5.37623123767698,645.952687444388,1033.81636588433,5.63506775790483,186.989277548346,843.47552695741,4.65032128975594,141.607745638772,471.877228260446,3.05746183855799
227.120037227869,9.75753784179688,-0.313110291957855,0.103240966796875,1158.82735088484,-784.93901144692,1.17799638131731,321.522061642213,1033.69518129914,5.5967310159049,188.528783336008,840.498771229168,5.02564839368902,150.3138220139,467.981422784247,3.06181176170531
227.300037257373,10.6676025390625,-0.296924114227295,-0.4725341796875,1153.93693336965,-941.71108067897,-15.0575292331083,1161.78875790193,1032.84598027624,5.54571342216687,193.907005854036,837.690290291536,4.88705253418171,157.563347308444,463.984171686291,3.06590794965852
227.480037286878,10.6339416503906,-0.309589266777039,-0.213531494140625,1148.9892625496,-888.234691963076,-17.2993343058296,956.314730438844,1032.17271782608,5.48550440640971,198.258646483886,836.236304777203,4.5023656474809,157.404969269854,459.965005973302,3.07010936430781
227.660037316382,10.8268432617188,-0.317766845226288,-0.007720947265625,1144.03173494169,-882.061130420519,-18.1090518476094,944.146460503525,1031.54734458203,5.42209416061405,202.391973552897,834.335182254973,4.74551999936627,159.582311784562,455.955499621977,3.07445290058023
227.840037345886,10.8181762695313,-0.320697039365768,0.04931640625,1139.10216746915,-841.75302563207,-10.1507557976712,792.381538638939,1031.10827983135,5.3341177040038,205.894820312707,832.897809483062,5.1951745099885,159.336534959638,451.984800364734,3.07904632818834
228.020037375391,10.8175354003906,-0.315278917551041,0.088104248046875,1134.21945019931,-804.92468239291,3.21354718935504,662.225525999779,1030.86749002221,5.32025735188773,208.496562713475,830.994021376009,4.88696065984103,161.574145829112,448.064278508858,3.08387315714547
228.200037404895,11.3335571289063,-0.31841915845871,0.106292724609375,1129.29579360747,-853.238836926118,-7.10379586097684,842.885249704847,1030.34761397439,5.27611178005931,212.324405122245,828.622378537744,4.80600427203719,166.114774207275,444.12408526572,3.08867896340849
228.380037434399,11.3453369140625,-0.312997579574585,0.106658935546875,1124.3685815329,-819.277481022935,2.20842787097934,728.087366238296,1029.99968290653,5.26004897314497,215.513748539708,827.122875843223,4.88129141136233,166.251079275836,440.203298966453,3.09368135299484
228.560037463903,11.3338928222656,-0.302414000034332,0.090301513671875,1119.46976252154,-790.752589552825,-5.00055475261765,638.493981088322,1029.80549248218,5.25163836478334,218.129130144262,825.530246694461,4.32660267375448,166.907703053122,436.319451448421,3.09887533201957
228.740037493408,11.5148010253906,-0.321707934141159,0.12689208984375,1114.57480053991,-793.640823326842,5.81894001543731,661.108942945409,1029.58180091192,5.24894387014156,220.911576741697,823.825769462779,4.9966850513952,168.103565710667,432.452224400256,3.10417354949951
228.920037522912,11.5011901855469,-0.32340869307518,0.10906982421875,1109.70031952271,-770.477941950821,-6.34708041744155,592.645759789258,1029.49769702962,5.25797991556279,223.244165772226,822.471265825784,4.59653648268875,167.656870044371,428.619483920599,3.1096657831414
229.100037552416,11.7129821777344,-0.316359788179398,0.109344482421875,1104.85044988642,-733.741906445148,-2.59266129845398,393.260970238201,1029.51884055705,5.25060170783628,224.90703062925,819.917129171818,4.79846511817357,173.022735963132,424.81733729468,3.11528046014754
229.280037581921,12.017578125,-0.319045811891556,0.136810302734375,1099.94160323361,-794.638064260275,-3.32725181243873,696.705308398709,1029.20395246467,5.27009690691108,228.320774321556,818.167994006272,4.64775155913365,174.495622689252,420.991460260602,3.12088612918345
229.460037611425,12.3982238769531,-0.322148501873016,0.148468017578125,1095.04273227321,-779.065959631658,-4.33721137225908,409.80446202682,1029.02782136624,5.27626210366059,230.797343830537,815.36353499712,4.61293321691656,180.798398022294,417.187694380298,3.12660801388082
229.640037640929,12.5498352050781,-0.313511550426483,0.122711181640625,1090.07625811734,-821.494766507856,5.40475724505666,805.39284853904,1028.5791485996,5.31409020568322,234.643338238973,813.806379615235,4.54737632856189,181.372938942899,413.354793121345,3.13233611843911
229.820037670434,12.5699157714844,-0.323927819728851,0.09716796875,1085.12956146592,-785.486577794046,-9.12233320835971,694.421519487373,1028.35925846369,5.29514931389255,237.463582137671,811.917233198932,4.73148618309823,183.444063203893,409.550720547658,3.13824656053042
230.000037699938,13.0607604980469,-0.323063760995865,0.1561279296875,1080.1317623004,-825.214709533374,-1.51776697154358,807.060578484858,1027.86927361463,5.28378984162368,241.311236500527,809.517113553138,4.407876060504,187.722339866076,405.724707394352,3.14413641017528
230.180037729442,13.0794677734375,-0.310151040554047,0.13690185546875,1075.13076803746,-794.373650862327,-6.4067007095521,731.650969140064,1027.56202866958,5.2336703570738,244.445732888681,807.568826320192,4.41957254142567,190.002840748165,401.918201155789,3.15022774703821
230.360037758946,13.5998840332031,-0.30589747428894,0.1329345703125,1070.07999937373,-830.756037896128,-13.3431512998316,833.775401548693,1027.01299690878,5.18997169653304,248.463967979486,805.03668589038,4.28927245034167,194.689489042694,398.089152426248,3.1562916504091
230.540037788451,13.6279296875,-0.293278425931931,0.1282958984375,1065.02525246214,-788.010088810627,-1.56745973231102,648.357430571819,1026.62525676201,5.16857766767452,251.965227329478,803.56474136576,4.35840515459345,194.955553563099,394.279448778223,3.16256965663222
230.720037817955,13.7040100097656,-0.291227638721466,0.108154296875,1059.98634685932,-777.991516955663,-3.37393057359714,697.898913308421,1026.38313878752,5.12894592724711,254.803479408733,801.184066997507,4.40263843791122,198.95900567844,390.496669738289,3.16901927655794
230.900037847459,16.9840698242188,-0.289089739322662,0.122833251953125,1054.70237178074,-1185.97733649858,-10.245724913397,1875.67555501486,1024.73523683946,5.05474246503147,260.864253116381,786.079835369155,4.1735017235901,247.512943488451,386.539936366047,3.17464821338489
231.080037876964,18.3375244140625,-0.296381115913391,0.2274169921875,1048.74516105288,-1535.16296538537,-10.1079903461045,2619.65515791701,1020.44671183175,4.98000507583467,274.64457758631,781.330044415552,4.26397069296992,257.574880670488,382.113790401496,3.17871939834646
231.260037906468,18.466064453125,-0.293797552585602,1.03347778320313,1042.2830293916,-1398.60421225902,15.3896304495763,2177.66290718245,1016.67264236772,4.95967061652247,286.088741378493,779.325999727297,4.22099066879153,258.892293184202,377.386051383243,3.18211341179283
231.440037935972,18.4611206054688,-0.270500957965851,0.462310791015625,1035.90521209419,-1268.01383334537,-7.16883896137762,1832.88218266059,1013.57894999149,4.9755934235709,295.829437864512,777.770247249131,3.63776817440061,258.906660365625,372.770051435357,3.18638611092897
231.620037965477,18.4864501953125,-0.267751753330231,0.258636474609375,1029.75021957544,-1166.11061939997,-11.1269624766474,1591.81316099537,1011.06408837362,4.92045391092902,304.181989813742,776.250179328452,3.62697705811189,258.884061927513,368.330754191693,3.19164821594107
231.800037994981,18.4772644042969,-0.248216897249222,0.127960205078125,1023.75783220883,-1071.05320098103,-15.5580766408964,1355.67384671411,1009.02524401454,4.84255147145016,311.340264338917,774.899956698941,3.68225090163258,258.41813266335,364.019063784489,3.1976483499058
231.980038024485,18.9714660644531,-0.279773145914078,0.2020263671875,1017.83828419874,-1128.99495827253,-20.0674236227516,1583.09329253862,1007.1410678441,4.75950812963911,317.931303216873,771.25197188043,3.7012335353298,264.784490528386,359.77374935859,3.20406509040923
232.160038053989,18.9496154785156,-0.279153287410736,0.147979736328125,1011.92590357732,-1013.53009178852,-4.17601519407489,1206.40226220635,1005.4333158358,4.74470652885623,324.168667086875,770.027610704201,4.00787689573315,264.032768288346,355.557398767163,3.21081063001114
232.340038083494,18.9321594238281,-0.298262864351273,0.14251708984375,1006.07573919476,-939.817162285158,-11.2397265272765,1030.347926779,1004.09759884053,4.71834559684599,329.5193118365,768.749101548015,3.89150602585164,263.498599867231,351.405818737895,3.21799878532616
232.520038112998,18.9183959960938,-0.259567260742188,0.196624755859375,1000.29316772164,-877.568026663396,-8.1670978971439,890.270817800882,1003.09401526995,4.72709919521267,334.082247463195,767.504791752551,3.33321964731851,262.932771764434,347.32237051514,3.22561032983577
232.700038142502,18.9216918945313,-0.257113456726074,0.171234130859375,994.563265500567,-823.234977278831,-4.47233788657444,762.008389715821,1002.36570690151,4.69450686948383,337.991639430107,766.180243812924,3.41849379379174,262.654099296147,343.295381344148,3.23356570649606
232.880038172007,18.9090576171875,-0.243555188179016,0.1536865234375,988.87958437594,-779.000846043369,-5.5102757537788,663.975512189904,1001.87093265252,4.66844766456088,341.38208654701,764.972482579823,3.39854066908482,262.100165695337,339.321537923609,3.24183967952346
233.060038201511,19.0634460449219,-0.238650977611542,0.17724609375,983.229663323409,-725.037852469888,-4.23803971525317,448.752907775595,1001.59204473567,4.64324632925107,344.043655968412,762.134250895111,3.63054119858859,266.315132345079,335.389596149243,3.25033532473356
233.240038231015,19.4028625488281,-0.242493063211441,0.2037353515625,977.533052496569,-796.769310191531,-7.35631789972372,722.576023599324,1000.93596666879,4.62710941817009,347.980973090557,760.253060375738,3.34347558005068,267.788487036108,331.451104109501,3.25887259668864
233.42003826052,19.3925476074219,-0.237735688686371,0.193389892578125,971.862334507543,-751.292650711988,-6.91704931182896,620.828783384256,1000.55859545095,4.62323390327298,351.163513408677,759.075834689477,2.93051067138572,267.318219923359,327.553905996067,3.26767908348944
233.600038290024,19.3802185058594,-0.242694556713104,0.172332763671875,966.215145225457,-717.33927086841,-5.19185189213594,552.439728574877,1000.40078054765,4.5879151351944,353.834723686893,757.692280006222,3.18369548532716,267.488128554526,323.694492374574,3.27671882782422
233.780038319528,19.5685424804688,-0.224720388650894,0.183349609375,960.571355990366,-708.876089164689,2.46941849999496,536.452636513581,1000.23619477609,4.58097103659556,356.546493879798,755.928575314224,3.13075116629404,268.786994135066,319.85851739294,3.28589349117642
233.960038349032,19.5552673339844,-0.22875714302063,0.1827392578125,954.947908822411,-681.902734152353,-2.26448324299241,485.628634778941,1000.22026219454,4.57336624750062,358.981502503796,754.821859052603,3.06779872108211,268.297206047322,316.060347457474,3.29530990358183
234.140038378537,19.7326965332031,-0.231091439723969,0.182464599609375,949.340584211875,-649.107219308369,-1.07316941256232,353.804003868419,1000.30832654364,4.5659594959927,361.13927594057,752.86472026132,3.01850919578692,270.247203921537,312.293568597789,3.30489000192168
234.320038408041,19.7373657226563,-0.23150297999382,0.183685302734375,943.730858237299,-656.2731392823,-0.981137931372274,445.41575728128,1000.40285854563,4.54379478798219,363.408130220648,751.723455819451,3.22301739106492,269.975067797808,308.550278752216,3.31462731539113
234.500038437545,19.7239379882813,-0.242207884788513,0.192108154296875,938.14885846998,-625.553330178352,-6.01457160774108,383.356803093485,1000.65483338713,4.51593095835549,365.333975751167,750.723781606015,3.27288318722761,269.37318947593,304.845161948001,3.32457286556553
234.68003846705,19.9102172851563,-0.237822771072388,0.20037841796875,932.573785335231,-645.213654016346,1.23287339658731,460.050912973342,1000.94204481169,4.52155275139607,367.163640110316,748.7574282259,3.18433803675843,271.513625199879,301.167225123897,3.33465522921401
234.860038496554,19.8982543945313,-0.246085822582245,0.186553955078125,926.999792571356,-624.83420672996,-1.85093327667892,398.753768152115,1001.27641246567,4.52301145519324,368.982111123906,747.795510825729,2.88369932583788,270.936879642569,297.514470106989,3.34489450358814
235.040038526058,20.29443359375,-0.217732906341553,0.219390869140625,921.432489506524,-602.866180570393,-2.2060499265329,240.274043676167,1001.64163058041,4.48781475688931,370.569505874919,744.487954972671,3.11076014669441,276.799286800555,293.884729251691,3.35522284829436
235.220038555563,20.4464416503906,-0.229740709066391,0.22210693359375,915.822448039265,-652.06282003234,-2.2196411403836,484.473544537551,1001.69181257104,4.51106634833866,373.180318528472,743.167476145431,2.70644608663667,277.303351994107,290.257228702842,3.36561673527888
235.400038585067,20.4408874511719,-0.224971413612366,0.189971923828125,910.23869575747,-617.911369618899,-6.18098277469416,412.954863076827,1001.94382040139,4.45846697012936,375.291929145324,742.174910910152,2.98400410374926,276.976689788088,286.66464850381,3.37621694763678
235.580038614571,20.945068359375,-0.232587277889252,0.22027587890625,904.62406225887,-724.966135110453,-2.6571245214684,717.096270779634,1002.04289907271,4.45235798200577,377.655823485397,738.761950481301,2.96457350656342,283.100416389588,283.07624531169,3.38682399227713
235.760038644075,20.9337463378906,-0.232361882925034,0.203338623046875,898.995575775195,-650.729758524643,-4.79287259279492,504.245460616384,1002.10807803382,4.43013137948295,380.256740729261,737.94395705537,2.84996956318466,282.423917860474,279.504987938569,3.39760463254051
235.94003867358,20.921630859375,-0.226767808198929,0.188568115234375,893.379498626323,-622.408553660102,-3.9816345650819,450.964387269684,1002.33393190676,4.40637511053587,382.510933214205,736.8419533182,2.96982430366067,282.544013643032,275.962883806931,3.40857855280552
236.120038703084,21.439453125,-0.215147584676743,0.208251953125,887.727985217927,-705.892454922089,-4.74040917682284,681.924180459995,1002.34882425851,4.37307302850645,385.174674103375,733.603159971052,2.99709601336364,288.208862485728,272.421409672594,3.41953921786919
236.300038732588,21.4250183105469,-0.197151184082031,0.227508544921875,882.070112444452,-640.619826588535,-7.36918504647761,504.446817953943,1002.43695455388,4.34594663522723,387.802347036974,732.797660558407,2.43801610987821,287.667385041552,268.902317180292,3.43071836529972
236.480038762093,21.4145812988281,-0.203424870967865,0.21978759765625,876.423582268806,-611.773200571942,-8.77401377274497,449.957233633462,1002.67431505312,4.32793945454246,390.147654717075,731.981251962632,2.43143036758412,287.204009743736,265.412052002918,3.44209777167889
236.660038791597,21.3997192382813,-0.205071002244949,0.2099609375,870.788104233953,-586.632113076897,-7.07308567293982,404.95862128828,1003.04540266194,4.28275257101578,392.242258567423,731.131565962418,2.63818406125324,286.879378128745,261.951391251537,3.45367855143723
236.840038821101,21.5901794433594,-0.208382040262222,0.21160888671875,865.144022179601,-594.616271034823,-9.2571042645896,439.445082408321,1003.41730485188,4.24775663648987,394.313872258625,729.425880998622,2.57155183896452,288.779900411534,258.508128195045,3.46535831113909
237.020038850605,21.5742492675781,-0.202485740184784,0.21478271484375,859.505205582498,-567.050494998381,-7.47265385033973,381.098042416417,1003.88446775467,4.21070823522028,396.277152353864,728.669138727151,2.51410982442502,288.327331339055,255.092450529057,3.47724457394823
237.20003888011,21.6103820800781,-0.198933929204941,0.2186279296875,853.875853088966,-540.18734346934,-5.40175760207025,300.288743009586,1004.48169480012,4.17700549799187,397.878781698567,726.989420831496,2.49354007091912,290.250087680701,251.70403425068,3.48928829049112
237.380038909614,21.9889831542969,-0.195001274347305,0.219268798828125,848.19941166171,-589.923123450109,-5.89990059701057,455.696594518092,1004.7909568755,4.15363188093757,400.238118302814,725.057226672963,2.49612626817092,292.784093488767,248.311919665479,3.50129291453277
237.560038939118,21.9668579101563,-0.190230250358582,0.224456787109375,842.534025204649,-561.058462946159,-5.10586460130288,391.78957567565,1005.25831615057,4.13515756648449,402.304905869303,724.273952022385,2.44921650903335,292.316704344512,244.95157864023,3.51354796898793
237.740038968623,22.008056640625,-0.199307888746262,0.23236083984375,836.873808365153,-527.386651281675,-6.23932841018972,298.194223820698,1005.89679665581,4.12128435393295,403.924799361912,722.48057263347,2.28635945500157,294.184919720325,241.616501111211,3.52595584165125
237.920038998127,22.4296875,-0.203457325696945,0.247344970703125,831.170802106914,-582.741093991357,-4.41666912910738,459.763088273596,1006.25475583855,4.08918573735236,406.293135604997,720.098642635529,2.49463369271649,297.299393145784,238.280659110571,3.53833790033627
238.100039027631,22.4193115234375,-0.202603548765183,0.222412109375,825.47827770638,-553.965685398779,-4.14450250254791,399.622212971639,1006.73677345058,4.07623000330351,408.422694123665,719.113053700792,2.50571239739986,296.856979112586,234.975922960395,3.55097030129215
238.280039057136,22.5195007324219,-0.190406113862991,0.22607421875,819.778991311076,-523.397511809579,-0.285118016332888,285.08762962892,1007.36988097495,4.05494488054153,410.082023217316,716.735475930734,2.53623485677308,299.611364368611,231.688831962235,3.56369530915224
238.46003908664,22.8352966308594,-0.195513606071472,0.24334716796875,814.031537476608,-567.547598299103,-6.40232740748213,447.260285998734,1007.72481354756,4.0374206072531,412.606458174671,714.820278305514,2.33634079976514,301.078780823358,228.400885508245,3.57642005974231
238.640039116144,22.8211364746094,-0.198332816362381,0.235076904296875,808.298587049534,-546.031874639241,-5.60036737546348,406.403178347278,1008.24559574175,4.02791411043614,414.73542474401,713.715042202614,2.17230414241847,300.467679230953,225.14490394707,3.58938376673396
238.820039145648,23.2031555175781,-0.192571401596069,0.2406005859375,802.534462871606,-586.450093193825,-3.77892614053715,526.311698160964,1008.72060529501,4.00425398376007,416.876248101514,710.46179206767,2.22854995604615,304.757807710044,221.894652493115,3.6023447499661
239.000039175153,23.1835021972656,-0.18652817606926,0.2353515625,796.748282985309,-552.658711937707,-2.44605303053052,434.878945183072,1009.17075079855,3.9801369328606,419.212241629879,709.337075811612,2.28250676756296,303.896617112004,218.659317273761,3.61544857002463
239.180039204657,23.6555786132813,-0.196083933115005,0.247406005859375,790.945722999109,-541.809502249499,-4.61347527887778,415.857002976821,1009.73272616174,3.96779292769084,420.899014624757,703.558509676041,2.19710163347642,313.540628963357,215.434632520365,3.62854060266628
239.360039234161,25.1261901855469,-0.202659904956818,0.2706298828125,784.983400628073,-781.510346172654,-2.57553041686464,924.114361718785,1009.18330050445,3.94087248152995,425.220201809618,696.068836508524,2.37376097179383,326.330609507877,212.155473030011,3.64118705093234
239.540039263666,25.1450500488281,-0.200981318950653,0.255767822265625,778.329906152802,-701.798477557562,-3.89337849546099,694.360419639915,1008.7437298994,3.91475594089832,429.134707510346,693.920001754498,2.27281443024215,326.590090839711,208.444609666935,3.64926828121693
239.72003929317,25.2214965820313,-0.194678574800491,0.243804931640625,770.688914895216,-684.169893595693,-5.88095581929332,688.743324174485,1008.36738842005,3.88753238374715,433.055069383037,691.958158421815,2.21060963112779,325.829606347198,204.355106276475,3.65455026534202
239.900039322674,25.2067260742188,-0.191900283098221,0.26141357421875,763.112664871457,-647.908370016494,-6.58771327321067,628.433404340699,1008.19808871904,3.86939429861939,436.555152697587,690.078979604815,2.12760487676043,324.77135939213,200.340720157264,3.66004087266494
240.080039352179,25.1919250488281,-0.189653098583221,0.256072998046875,755.598849519905,-614.940994462071,-3.77420128853524,575.690215677134,1008.19664495813,3.85187723746242,439.765141068324,688.156456724194,2.16719101326704,323.688732802599,196.398128057569,3.66570112039756
240.260039381683,25.1768188476563,-0.192643105983734,0.252105712890625,748.149906658036,-585.556455000535,-1.21600313110997,529.859380481859,1008.34895333094,3.82832241501822,442.711233732684,686.201342670458,2.27029827178346,322.566427444296,192.527638404441,3.67152612850603
240.440039411187,25.16064453125,-0.193467855453491,0.2586669921875,740.764214707891,-559.193493183584,-2.2145768143869,490.588250020252,1008.63476630432,3.8158926538001,445.434452733187,684.210193855344,2.25554997627017,321.419903513282,188.727683160086,3.67749891416388
240.620039440691,25.1452331542969,-0.1956587433815,0.260223388671875,733.440964975681,-535.342649117154,-4.84067375769008,456.029518776508,1009.04137939317,3.80939145880916,447.957394630924,682.18036162979,2.07718764060437,320.262157225275,184.997053348557,3.68360365666359
240.800039470196,25.1318969726563,-0.188896596431732,0.26080322265625,726.179688533082,-505.759575516193,-3.3222442433694,407.113564660449,1009.57651570414,3.7886634659715,450.259983835152,680.099282359264,2.20527657245882,319.123005088446,181.334416595694,3.68982940389684
240.9800394997,25.1169738769531,-0.194731503725052,0.262298583984375,718.980100469894,-488.63190356259,-1.9361169964142,386.502804222221,1010.22232842499,3.77585026396515,452.378004467853,678.003533969938,2.144252178331,317.934948418682,177.738946415452,3.69616594526554
241.160039529204,25.1019897460938,-0.198776841163635,0.265533447265625,711.841531270277,-468.507181201127,-5.35084162470194,358.264916355847,1010.96563922918,3.75274061064404,454.335898818191,675.882593541058,2.22443423058665,316.723945947293,174.209335824587,3.7026010450448
241.340039558709,25.2353820800781,-0.202463537454605,0.27008056640625,704.758643351481,-444.80703274044,-5.1629019099099,264.111164491843,1011.79523399787,3.75855569221865,456.019731513577,672.352500646158,2.20466540544893,318.435692033565,170.741381009454,3.70907427429058
241.520039588213,25.3944702148438,-0.201881259679794,0.27093505859375,697.706601608002,-465.116288784921,-1.45998650140457,368.46447517614,1012.44705784247,3.74344499211798,458.257776874297,669.774512655526,2.20946034057632,318.056945123136,167.325501358087,3.7155436673101
241.700039617717,25.3802185058594,-0.200151413679123,0.270477294921875,690.72647328432,-450.433844101261,-1.90830992181614,349.268093142892,1013.23832238134,3.73763532694718,460.188695897807,667.580182662139,2.20909226794509,316.808705912207,163.977282401552,3.72214907521325
241.880039647222,25.3686218261719,-0.204504102468491,0.268157958984375,683.79741210374,-430.676524455924,-2.68372744139157,320.409187261299,1014.11018192357,3.7258072101186,461.986842577117,665.344734213792,2.31410140307877,315.590702879066,160.68712881789,3.72880957535519
242.060039676726,25.4939270019531,-0.203911602497101,0.273712158203125,676.920116515408,-412.032340005577,-1.60674303754423,242.680470791284,1015.07016824942,3.71630626211321,463.508977243054,661.763623181265,2.28381308987855,317.145500116548,157.453905385469,3.73549385756833
242.24003970623,25.6659851074219,-0.206705182790756,0.276947021484375,670.070938681287,-433.972784959946,-4.40074536251988,343.154852621795,1015.84382934201,3.70051383539395,465.58477738489,659.066454989931,2.34712043632972,316.794255757676,154.268693587899,3.74215687594948
242.420039735734,25.6532897949219,-0.208464026451111,0.274505615234375,663.287161686512,-416.455214675918,-2.88870733541994,317.92715720103,1016.75268960343,3.71331512738826,467.361485351463,656.784002146663,2.14356500223168,315.53673970106,151.145088913103,3.74893905644833
242.600039765239,25.6376953125,-0.197984486818314,0.271636962890625,656.55112334309,-403.988242957751,0.744565171499744,302.351388878784,1017.72503950813,3.69120482380545,469.037959488748,654.504976742967,2.2343836255101,314.226539266095,148.075137843408,3.75576244532502
242.780039794743,25.6941833496094,-0.200959146022797,0.272064208984375,649.866046835878,-380.393980022155,-4.06479008649021,235.476746413434,1018.79953326403,3.69427310780444,470.435207252544,651.164063321656,2.11663846002414,315.074389612121,145.059286300263,3.76261241574338
242.960039824247,26.3344421386719,-0.200834482908249,0.28155517578125,643.191087122606,-456.500119767082,-0.892371355466679,435.595784063865,1019.58304128037,3.68795917495345,472.435419563663,645.892754651893,2.11376830099508,319.794003762253,142.080293406829,3.76927203886658
243.140039853752,26.3178405761719,-0.208732157945633,0.280853271484375,636.57813569398,-421.014223200407,-3.11688168870305,352.484723335819,1020.4141266847,3.68634910773889,474.392758516302,643.589279502515,2.00321919987273,318.410194487299,139.160139684654,3.77609674674159
243.320039883256,26.30419921875,-0.196481794118881,0.278961181640625,630.012024778861,-401.600037563393,-0.628674412324287,323.877664015152,1021.31721465833,3.66591957087583,476.221254031913,641.248580473183,2.2113583277725,317.063059809463,136.289728542022,3.78292776291648
243.50003991276,26.2896118164063,-0.196555197238922,0.280364990234375,623.494525212624,-389.421868038779,-1.84964718980316,309.901136313174,1022.28060187612,3.67190117574274,477.953701669836,638.864885305716,2.07272694610174,315.772299477204,133.470518985033,3.78980000076593
243.680039942265,26.5994567871094,-0.202192038297653,0.28594970703125,617.013914046895,-415.220457124348,-0.617830658573794,382.403124571764,1023.21863746389,3.67243894862609,479.663099231839,634.698119674477,2.05653436401028,318.037053784774,130.696553248148,3.79660994017605
243.860039971769,26.5929260253906,-0.20100525021553,0.282196044921875,610.578339612016,-387.125094227505,-1.59294004782635,318.654708297141,1024.15839820556,3.66163671812291,481.46127315276,632.340065647353,2.0702969967076,316.643364049477,127.971976010101,3.80347928615047
244.040040001273,26.5781555175781,-0.202034950256348,0.28369140625,604.195798705298,-373.802146197911,0.593369588969438,301.164978204448,1025.15838341184,3.65345979889957,483.147571358289,629.967121930041,2.17996352049538,315.255081080499,125.297225269587,3.81038452705819
244.220040030777,26.6226196289063,-0.20441871881485,0.286163330078125,597.858139248572,-355.501103804832,-0.539385042981834,249.394845604137,1026.23800248004,3.64995690486821,484.616933809512,626.735806082144,2.07106018417231,315.560598391459,122.66941926981,3.8172927027475
244.400040060282,26.8731994628906,-0.201712161302567,0.28863525390625,591.547656015664,-375.397827481175,-2.18098525733176,322.205231648292,1027.17354021692,3.65016784451374,486.45043171987,623.441481209089,2.0679832546522,315.968066266007,120.081468699526,3.82411796199574
244.580040089786,26.8582763671875,-0.202820420265198,0.288177490234375,585.294053064892,-358.423739975622,-1.69015847605026,291.962906031082,1028.20674972495,3.64360354495157,488.094352667747,621.040364310066,2.01841084846125,314.5915908583,117.544229440224,3.831042625901
244.76004011929,26.8992309570313,-0.201551645994186,0.288787841796875,579.084068008129,-344.224952989078,-0.741612628844734,260.630399711945,1029.31920140853,3.62951091247535,489.52340865985,617.840337805404,2.21476575356446,314.77871491414,115.051101351669,3.83794510024173
244.940040148795,27.1539001464844,-0.208798736333847,0.29571533203125,572.901762367736,-367.466496524859,-0.918444469753311,331.443904354409,1030.29588361343,3.64448329137617,491.28637246429,614.498750473322,2.10678996598008,315.234201403624,112.596499397765,3.84475412490408
245.120040178299,27.1388244628906,-0.210733443498611,0.2921142578125,566.775697423146,-346.40745841706,-1.53200668860917,287.822434484548,1031.35753756675,3.64367047819654,492.887898151995,612.102151339651,1.98214519664671,313.835364746507,110.1904637528,3.85165290940125
245.300040207803,27.1247253417969,-0.204353839159012,0.290557861328125,560.693705657298,-332.911951755076,-1.6183159116366,269.15270992403,1032.47075276484,3.6416058581639,494.400376358856,609.594281819961,2.00515759777473,312.423832849497,107.827342152625,3.85853906960827
245.480040237308,27.603271484375,-0.2021664083004,0.298431396484375,554.644342538071,-327.220914578151,-0.497421783408569,195.745441364583,1033.63310116104,3.64036984491784,495.566844949073,600.980133637896,2.01374452848461,316.910020044317,105.501804392323,3.86527693975578
245.660040266812,28.0845642089844,-0.207270443439484,0.304107666015625,548.600989216505,-383.437317714163,-2.16768644635793,375.554271766469,1034.35331250791,3.64553702456324,497.790875120323,594.474784097296,1.92718732809177,317.309112215577,103.206682625136,3.87184509362639
245.840040296316,28.0689697265625,-0.207237988710403,0.299896240234375,542.613778349475,-361.788542703747,-0.660281917176221,330.835364936665,1035.21773801273,3.64165101792538,499.642634227551,589.720402535798,1.92513529740068,314.529157123621,100.956165361404,3.87845522306297
246.02004032582,28.0545654296875,-0.210712969303131,0.296142578125,536.655851418263,-346.750967428089,-3.12142974970243,309.317703930143,1036.12345682765,3.64813807981715,501.386947077357,584.999917891809,1.88185041985171,311.826732034229,98.7416501067337,3.88497400250463
246.200040355325,28.0404052734375,-0.20845890045166,0.29827880859375,530.733845531596,-340.824243424579,-2.07709355051833,301.312012821565,1037.07474278222,3.64207939142986,503.025895143922,580.33449595369,1.90279364170551,309.159905390063,96.565228296318,3.89144051851072
246.380040384829,28.0256958007813,-0.208327412605286,0.30059814453125,524.846664428716,-324.546061166904,-1.33861749303831,282.064787400821,1038.05975198218,3.64291723476338,504.583055198122,575.729969519203,1.8650274562313,306.517177380307,94.4259050161586,3.8978574863719
246.560040414333,28.0098266601563,-0.214997291564941,0.2984619140625,518.994289840404,-314.486576084306,-1.98593413685891,271.861230439872,1039.07041149411,3.65507649820297,506.07323569922,571.186067780042,1.803156212431,303.901929593465,92.3231875960113,3.90421904842891
246.740040443838,28.0353698730469,-0.20853579044342,0.296539306640625,513.177076404953,-302.072735196076,-1.28206188566617,239.78495901896,1040.1250400343,3.64451518341212,507.411293189427,566.113221690597,1.92173015333391,302.424848614142,90.2567153659358,3.91050692830362
246.920040473342,28.2142333984375,-0.217654347419739,0.300872802734375,507.385306556139,-310.739480212896,-1.43440282328097,281.668086269235,1041.08150374527,3.64938339583127,508.954618753577,561.063134002028,1.87662476935039,301.060590150956,88.2230796736025,3.91665700408858
247.100040502846,28.197998046875,-0.218689143657684,0.29949951171875,501.638235893248,-298.035093144462,0.107877797438618,258.055839201243,1042.10430553803,3.64415911706906,510.347449627145,556.704136988278,1.97151930089937,298.549491759859,86.2282186912476,3.92280136773266
247.280040532351,28.18359375,-0.208339363336563,0.295928955078125,495.929104753175,-287.869477915638,1.37022491402823,246.607614960746,1043.15901958512,3.64879311427897,511.655111170228,552.334900111591,1.8923481806844,296.215520855726,84.2692306182697,3.92886463554914
247.460040561855,28.6444702148438,-0.207424134016037,0.30401611328125,490.248515326859,-284.456436937296,1.07785279990088,189.924572618363,1044.23150795711,3.65515334636934,512.741148392207,545.133262427355,1.79101176661908,299.273093340739,82.3423300889854,3.93472581916967
247.640040591359,28.8787841796875,-0.20157727599144,0.308624267578125,484.592975681615,-306.942231995858,-1.12831069381144,288.108480703278,1045.04293472787,3.64348379234324,514.457594011682,540.299494546702,1.78463948994251,298.117754618255,80.447773363817,3.94047472078254
247.820040620863,29.1702270507813,-0.211187660694122,0.311431884765625,478.983725266527,-298.043792083625,-1.05828508184185,232.467067556353,1045.9649243648,3.64780827117415,515.784972149737,534.380111724863,1.73025304185976,299.061175489668,78.5892170130609,3.94611804268582
248.000040650368,29.2671508789063,-0.209729373455048,0.312591552734375,473.401218202873,-308.947472892632,-0.483769988143067,292.544816292777,1046.73823302676,3.65363226354504,517.471370365922,530.130694407655,1.72255849478177,297.164333056971,76.7623898431743,3.95163086009115
248.180040679872,29.2655944824219,-0.214184522628784,0.311431884765625,467.867591102513,-299.707083336759,-0.0623313786950348,279.592431227835,1047.60539021649,3.6295505521035,518.909552929211,525.965752087791,1.99675639921685,295.266626679757,74.9721245653267,3.95709054867503
248.360040709376,29.6333923339844,-0.234240233898163,0.318511962890625,462.36187457758,-324.675863398304,0.113028383042305,339.095634607871,1048.39306854144,3.65310464342695,520.421896866061,520.326900991592,1.84007675758837,296.151260296741,73.2123490943955,3.96234413769652
248.540040738881,29.6274719238281,-0.219298779964447,0.31463623046875,456.899552624532,-300.364556632025,0.949682881533221,285.984124525928,1049.19072122136,3.65196107406833,521.949418085441,516.578522635005,1.79586766154301,293.844625722738,71.4876842701242,3.96756221044409
248.720040768385,29.6129760742188,-0.21379691362381,0.316131591796875,451.483073194562,-289.470664622283,0.590101017435885,272.699850161706,1050.02195722664,3.6374112366038,523.3904317849,512.900615273498,1.88599098301193,291.569672611542,69.7974882682609,3.97269843500401
248.900040797889,29.5989990234375,-0.225495666265488,0.31494140625,446.109710333062,-277.936916171079,0.844359131642037,258.578048352593,1050.88760646518,3.65052700626379,524.756492899579,509.279283767199,1.87187872641543,289.353744716641,68.1409954406975,3.97775202647945
249.080040827394,29.5841064453125,-0.22275322675705,0.314849853515625,440.781708104012,-267.560504827557,0.214421537208878,246.18220069256,1051.79024385953,3.65342850428303,526.045860815361,505.724621233681,1.87456921125505,287.159870261119,66.5182907398622,3.98273249857897
249.260040856898,29.5683288574219,-0.219290226697922,0.314727783203125,435.49887691468,-260.80913194892,-2.8286681457578,240.22455362281,1052.71540900209,3.65389671189477,527.281732994342,502.191246272785,1.73631284098643,284.973021556073,64.9287820700724,3.98763286397635
249.440040886402,29.5537719726563,-0.213228225708008,0.315216064453125,430.260623580455,-251.618737533296,3.03405748594017,229.548628034308,1053.66798374098,3.66374475438954,528.455873090739,498.628807683079,1.75897695228193,282.784298953222,63.3718125258891,3.99244776885315
249.620040915906,29.5388488769531,-0.217432349920273,0.316680908203125,425.066545154613,-242.642349259688,-1.95515430302359,219.334837937884,1054.64548761208,3.65482673501948,529.571001520983,495.008509845585,1.81905162454739,280.564401129167,61.8467792065462,3.99717268907762
249.800040945411,29.5233154296875,-0.220367729663849,0.314300537109375,419.833012275746,-236.237119880159,2.21298987649072,213.493452274067,1055.6428661596,3.66621086169836,530.634590267339,491.303151949177,1.77230359369655,278.284943351975,60.3246328327508,4.00069305315079
249.980040974915,29.5061950683594,-0.22307425737381,0.314239501953125,414.567019081404,-229.171161993193,2.45904709480556,206.346324387418,1056.65357397137,3.68478233083422,531.656846978139,487.484455362228,1.63607515918672,275.933096573943,58.8183588485417,4.00374367004111
250.160041004419,29.4906311035156,-0.221469134092331,0.315582275390625,409.35470753502,-221.888487353704,-1.87841320830081,198.770450747646,1057.67921075399,3.67925015276178,532.632466370618,483.519578862706,1.65204102823338,273.519150682071,57.3462192874705,4.00676530871547
250.340041033924,29.475830078125,-0.222794234752655,0.315277099609375,404.194535819443,-215.036642717673,-2.85137494902928,191.866747156553,1058.72107920938,3.68309480950294,533.55665914569,479.396289374979,1.63055564979562,271.024979551861,55.9072877634063,4.0097559355877
250.520041063428,29.4608459472656,-0.216199487447739,0.31488037109375,399.084809393485,-209.279158429988,-2.98974886608839,186.524250811552,1059.77321087722,3.66744428018615,534.436705667449,475.106761463655,1.7871020813884,268.431613925477,54.5004913168147,4.01270953189187
250.700041092932,29.4443664550781,-0.240898162126541,0.31451416015625,394.023760727283,-203.889811227776,-1.45963568026964,181.997332001184,1060.83152594646,3.68750560043828,535.276901969365,470.641188619819,1.75700730514518,265.73653105465,53.124819816576,4.01561994789521
250.880041122437,29.4296569824219,-0.232460916042328,0.31488037109375,389.011243351097,-196.575168419997,-3.06464731974867,173.664300560994,1061.90158944538,3.68730982454951,536.065457228498,465.986162759503,1.70417482563545,262.948614210521,51.7797341812745,4.01848351932088
251.060041151941,29.4139709472656,-0.233307898044586,0.31494140625,384.048070374286,-192.823985956752,-3.99857844453585,171.69319175706,1062.97152053318,3.68522867460782,536.820169460821,461.14826829816,1.68484237049372,260.050702817491,50.4648976625178,4.02129618520855
251.240041181445,29.3992919921875,-0.243095815181732,0.315155029296875,379.134162650555,-185.667699618527,-0.986213774080387,163.467341692123,1064.04463671521,3.69718649425681,537.530579108811,456.116342035034,1.71904104011188,257.063424960917,49.1798570588443,4.02404947751723
251.420041210949,29.38525390625,-0.233338624238968,0.314361572265625,374.27028611847,-179.368929109544,-1.44764279326337,156.78070856077,1065.1244382802,3.69638327530027,538.189560281262,450.898871092347,1.7706230512787,253.977831793543,47.9242329122589,4.0267412738814
251.600041240454,29.3697204589844,-0.239327162504196,0.315277099609375,369.456835091261,-175.922337005104,0.283641922412983,155.025134491327,1066.19961623332,3.7000835290238,538.813420531803,445.511504310867,1.69760390382401,250.777735821923,46.6976859528996,4.02936670267868
251.780041269958,29.3538208007813,-0.239967525005341,0.314910888671875,364.694084500786,-171.249157800858,-1.54390214563357,150.362143275426,1067.27163086508,3.6983026307422,539.396261100859,439.948308242794,1.67316153726705,247.487040935701,45.4997426732104,4.03191898192316
251.960041299462,29.3395080566406,-0.237897902727127,0.31414794921875,359.982225683576,-165.377428958128,4.86016488972894,144.2801102321,1068.34125123821,3.7203746846818,539.933635613739,434.211741393384,1.7211826175465,244.119031227247,44.3299774333558,4.03439381041061
252.140041328967,29.3241882324219,-0.236601829528809,0.3133544921875,355.32164366313,-160.474441591724,0.727016636854358,139.792050793581,1069.40262022066,3.72422280840158,540.434850904295,428.324439943596,1.59274321105031,240.655557116316,43.187993439258,4.03678661279846
252.320041358471,29.3079528808594,-0.226366490125656,0.313446044921875,350.712674373929,-156.013266233275,-2.056993831444,135.746459023347,1070.45468217479,3.72281405493496,540.898598737965,422.291449357258,1.52263945450881,237.108159159054,42.0733423260586,4.03909447672793
252.500041387975,29.2932434082031,-0.229341149330139,0.313568115234375,346.155344006968,-152.044017359015,1.05744972612735,132.415151992848,1071.49716846401,3.73588765756245,541.322950591646,416.113998149098,1.5065302586822,233.499767968159,40.9855960304388,4.04131270974421
252.68004141748,29.2782287597656,-0.233459860086441,0.3135986328125,341.649896916586,-147.397239486758,1.16626797817506,127.776643722211,1072.52894979134,3.737305610073,541.706862752634,409.810889374259,1.62425516571563,229.82121113334,39.9242756709385,4.04343675700794
252.860041446984,29.26220703125,-0.255940347909927,0.313751220703125,337.196399317394,-143.303218349902,3.17262211794582,124.012547032302,1073.54550156861,3.7444380439701,542.0577304748,403.397096435704,1.75697087126665,226.073031517537,38.8889190905284,4.04546358437197
253.040041476488,29.247314453125,-0.254024416208267,0.3131103515625,332.794870952392,-140.001349929021,0.364680747351294,121.335513789354,1074.54910018831,3.75266414603132,542.368606619902,396.872306979169,1.66772543101342,222.28421141233,37.879086944844,4.04738975208723
253.220041505992,29.2322082519531,-0.247293084859848,0.31231689453125,328.445333435981,-135.236214744108,1.48999335492252,116.72402738726,1075.5376933346,3.77070586702915,542.642023218597,390.256784976016,1.54689466760276,218.444204227536,36.8942731935684,4.04921346796849
253.400041535497,29.2169494628906,-0.29700094461441,0.31475830078125,324.147571889332,-131.850514904534,0.775272261705368,113.946430492291,1076.48332581932,3.76500658762303,542.86480810218,383.570948612084,1.88741830383566,214.539891565806,35.933984739212,4.0509200827621
253.580041565001,29.2004699707031,-0.272182941436768,0.313140869140625,319.895127672681,-128.990608921373,-0.637947700065972,111.969625482676,1077.43500213362,3.77976302155338,543.068140651476,376.80360509871,1.72970255442422,210.635900287716,34.9961951860018,4.05243836980321
253.760041594505,29.1858215332031,-0.277534484863281,0.312469482421875,315.698893079647,-124.780197103033,0.179654121820896,107.65112698569,1078.36862571938,3.7918097841189,543.236234248818,369.973468936766,1.69428510995547,206.696694757614,34.0833560759022,4.0539352892466
253.94004162401,29.1705322265625,-0.276494562625885,0.311798095703125,311.555322207477,-121.764152089932,-1.03426700418683,105.195488857224,1079.28226992286,3.79861331892831,543.369638979503,363.09836870372,1.67444017939116,202.725882938525,33.193662104387,4.0553207051553
254.120041653514,29.1552429199219,-0.285336464643478,0.311737060546875,307.462259063603,-118.966447261159,-0.67615659444332,102.918804430581,1080.1760389292,3.80169045642457,543.466902002021,356.183067401288,1.69500473790229,198.739479935601,32.3264244570908,4.05659133319852
254.300041683018,29.1399536132813,-0.2912737429142,0.31103515625,303.418994895155,-115.193531835457,1.73384557757004,99.319683218821,1081.04867405637,3.81344614233783,543.52975574162,349.238588212444,1.69910636218463,194.739916943581,31.481079575976,4.05774609244622
254.480041712523,29.1244812011719,-0.284605592489243,0.309844970703125,299.424932129099,-112.22261002112,0.54332953419523,96.8495403473765,1081.8982498078,3.82120020545295,543.560999607073,342.271613952974,1.68524348166171,190.736078477304,30.6570652163384,4.05878375315324
254.660041742027,29.1087036132813,-0.285814583301544,0.309112548828125,295.479186287378,-110.244779015667,0.98112109612741,95.7457736855073,1082.72216450819,3.83973316077175,543.564311834268,335.29370258931,1.57706725464374,186.727102338488,29.8538097432665,4.05970377654165
254.840041771531,29.0940246582031,-0.266571789979935,0.307220458984375,291.580722807503,-107.124108319911,1.5546873446322,93.1892368044661,1083.52304506847,3.83532705285121,543.534361344085,328.308208742701,1.53221062919559,182.723582445465,29.0707044471034,4.06050384882078
255.020041801035,29.0775756835938,-0.278501003980637,0.30767822265625,287.727291522079,-103.899919037611,3.07162920013175,88.9203134255318,1084.27916155407,3.84679299379024,543.459838943736,321.328850904954,1.55730752509459,178.719589020962,28.3068249577714,4.06115209332567
255.20004183054,29.0627746582031,-0.292202651500702,0.308746337890625,283.915386427474,-101.686377067111,1.95587239804595,88.4683926952076,1085.03151474447,3.85174848421435,543.366517190113,314.353749494763,1.61749515718974,174.73251516134,27.5614740451621,4.06166367258926
255.380041860044,29.0474243164063,-0.29049676656723,0.307952880859375,280.151763992615,-99.3194877732015,0.773442726511988,86.7034905088252,1085.75757066424,3.86028440948596,543.246318711677,307.390097728905,1.57222741622612,170.754334763311,26.8352518540242,4.06210411320365
255.560041889548,29.0323181152344,-0.298906624317169,0.307891845703125,276.430181308282,-96.5466794388279,-1.12255907091454,84.0884148918717,1086.46025613101,3.86271740862667,543.091759242277,300.443878822237,1.57483080415243,166.789519801088,26.1267182674769,4.06242532294743
255.740041919053,29.0167846679688,-0.305089771747589,0.30755615234375,272.748810993014,-93.9189945161928,-2.32270868134107,81.6717350009484,1087.13856296259,3.87898880654817,542.905819760028,293.518871985261,1.49617109526827,162.840958688876,25.4352395695271,4.06262594007564
255.920041948557,29.0002136230469,-0.271137893199921,0.305450439453125,269.105347624938,-91.5839368038193,-3.18651222866271,79.3793626149238,1087.77394260724,3.8787406837173,542.677000050887,286.621178760372,1.31995906663388,158.906517636398,24.7599711272972,4.0626847601557
256.100041978061,28.9867248535156,-0.270326763391495,0.304718017578125,265.494432932005,-89.2991266880944,1.53760321051151,77.7895714123601,1088.40280757923,3.88764833073457,542.427502607414,279.743034056303,1.25620560706899,155.004928743986,24.0999360509537,4.06259597212287
256.280042007566,28.9706726074219,-0.265639454126358,0.304168701171875,261.922110432463,-87.3334891630136,-0.17651874408002,76.443875909603,1089.00325570468,3.89605056429043,542.153747673325,272.896470276828,1.21220629627249,151.111303211343,23.4556810551294,4.06243666990391
256.46004203707,28.954345703125,-0.269237339496613,0.304351806640625,258.384777204086,-85.6652811185346,-1.29170880331116,75.2539242378784,1089.57624806861,3.89596868679104,541.853721605567,266.084694743517,1.22797910170049,147.240332996271,22.826346811381,4.06215776140721
256.640042066574,28.9387817382813,-0.275201916694641,0.3046875,254.883379387416,-82.8928589145331,-2.6149778423902,72.3669961979079,1090.12430104574,3.9022408237587,541.52251862517,259.311826911218,1.20973805882582,143.40178957628,22.2118839992759,4.06175898033611
256.820042096078,28.9231262207031,-0.277698427438736,0.304412841796875,251.418652993995,-80.7686398336443,0.121144245891756,70.7121675650033,1090.64638438126,3.90458753813268,541.163617635875,252.588535419262,1.19616380708468,139.589742101837,21.6121260716461,4.06124237405995
257.000042125583,28.9070129394531,-0.273436307907104,0.303863525390625,247.991202277668,-78.513241838395,-0.0275656506848136,68.5212850537733,1091.14344201447,3.91260243661512,540.774498414643,245.916828893599,1.13589168060216,135.814291042237,21.0269236947849,4.06060875651834
257.180042155087,28.8918762207031,-0.274814307689667,0.3035888671875,244.601627146896,-76.5379154190625,-0.196357358875339,66.9369707438986,1091.61478484893,3.91453107610901,540.357568906716,239.302116907863,1.12195756090983,132.077652776587,20.4561202060515,4.05985840336969
257.360042184591,28.875732421875,-0.274284988641739,0.303497314453125,241.250409885473,-74.7073795111263,-0.150964867706083,65.4163553341865,1092.05869371688,3.91651913803794,539.915705642119,232.752675938422,1.0909730030177,128.376937992833,19.8995294502543,4.05899185796714
257.540042214096,28.8602294921875,-0.261648803949356,0.30230712890625,237.938137676109,-72.8327459830251,-1.86395167815563,63.8370029838704,1092.47654141857,3.91654108193426,539.447251227253,226.270103407989,1.01731144898696,124.720528866818,19.3569615358293,4.05801034534642
257.7200422436,28.8444213867188,-0.268064230680466,0.302825927734375,234.665210684242,-71.2732946727877,-4.29454101723567,62.4184682477927,1092.86787588327,3.91454060179485,538.95349054977,219.859458258929,1.01477289306591,121.108532860011,18.8282308008872,4.05691426764858
257.900042273104,28.8287353515625,-0.265516519546509,0.302642822265625,231.432075520187,-69.3550196118925,-0.714979215710713,61.0460351962344,1093.23328776886,3.92340123328428,538.434363003772,213.525601425416,0.97256500570331,117.542395087659,18.3131399330517,4.0557057894238
258.080042302608,28.8132934570313,-0.268542349338531,0.30255126953125,228.239254691663,-67.3556315005548,-0.232884510410466,59.065728336832,1093.57412473241,3.92910775022276,537.888879502505,207.270481485194,0.937354471922738,114.02694654553,17.8115067818464,4.05438694074497
258.260042332113,28.7974853515625,-0.268586754798889,0.302581787109375,225.087166164176,-66.330439869767,-0.10772014015923,58.6469670780185,1093.88828103893,3.92727383277826,537.32083906237,201.099689361155,0.92786566530729,110.559681745076,17.3231118392274,4.05295947267169
258.440042361617,28.7819519042969,-0.274904817342758,0.302703857421875,221.975941012359,-64.5598575680039,1.3516341752462,57.0058728324759,1094.17653586082,3.94027144374696,536.729144089007,195.014543805074,0.895159082767444,107.145930450812,16.8477373858563,4.05142310436077
258.620042391121,28.7659912109375,-0.276313573122025,0.302276611328125,218.905906993321,-62.8640645564654,2.86126247482787,55.2222810497919,1094.42945950812,3.94478785990324,536.106259346614,189.021292648213,0.87053433308221,103.781150015938,16.3851157732706,4.04977079651216
258.800042420626,28.751220703125,-0.269713759422302,0.302001953125,215.875353820325,-61.4102877675157,0.37478217982369,54.1959262293667,1094.66851420832,3.93739089814522,535.466010046392,183.17776602408,0.84396546184606,100.514103276244,15.9348251928531,4.04798835315708
258.98004245013,28.735595703125,-0.271221548318863,0.301788330078125,212.888256596306,-60.1800401814309,1.12220027180842,53.24779699028,1094.88211058888,3.94133232207299,534.805844237929,177.544939413033,0.811537817084031,97.3601505905393,15.4971735931677,4.04613699530132
259.160042479634,28.72021484375,-0.266494959592819,0.301483154296875,209.943323934846,-58.1578684795085,-0.271216547385242,51.1416520956071,1095.07435576342,3.94130520560792,534.121251243934,172.118998400225,0.777305756430205,94.3245685922775,15.0716480092314,4.04418722297662
259.340042509139,28.7044372558594,-0.267994225025177,0.301422119140625,207.04056682578,-57.2236592928046,-1.2572730576892,50.6178268373936,1095.24333085889,3.93898136045483,533.417373486059,166.898599802021,0.765971733266498,91.4036036902683,14.6580300925112,4.04214360237612
259.520042538643,28.6889343261719,-0.275394916534424,0.301727294921875,204.180019794875,-55.9431334425865,1.29355348540872,49.5059129111371,1095.38999010739,3.94196948357312,532.694972317007,161.879634724628,0.760624795383001,88.5977147110781,14.2560667849053,4.04000920925807
259.700042568147,28.6732482910156,-0.27667048573494,0.301605224609375,201.361709974618,-54.692154811146,-0.90535597297767,48.5052540889324,1095.51634996993,3.94488948434953,531.953040617389,157.059023518831,0.733643076227349,85.9037395896926,13.8655204236756,4.03778778722122
259.880042597651,28.6579895019531,-0.281858116388321,0.30169677734375,198.585717350832,-53.1830744884119,0.11394160034305,47.0541818038055,1095.62427285769,3.94118433195243,531.190396196124,152.431928263843,0.74161641980446,83.319880611629,13.4861472038554,4.03548455611633
260.060042627156,28.6423034667969,-0.276340901851654,0.301116943359375,195.851925969487,-52.0160068780796,-1.61132803539004,45.961079793231,1095.7139483399,3.94313185412626,530.409108675304,147.995002274249,0.700490946236607,80.8419818218266,13.1177021143344,4.03310324897336
260.24004265666,28.6269226074219,-0.276672184467316,0.30072021484375,193.16020996573,-50.5869089143639,0.729244149126906,44.6990355579388,1095.78638751208,3.94828486994007,529.610418539369,143.742005652326,0.674135442232004,78.4688253942533,12.7599269301602,4.03064772214859
260.420042686164,28.6113891601563,-0.275386333465576,0.300537109375,190.510399017683,-49.4066748201404,-0.714669159296434,43.6694381154381,1095.84189084658,3.94299323843696,528.795249908107,139.668528886656,0.66217691647906,76.195727141815,12.4125567833944,4.02812223292174
260.600042715669,28.5957336425781,-0.272351980209351,0.300262451171875,187.901507614995,-48.367385657992,-1.93116369055799,42.6922756779927,1095.8744736682,3.94390718411384,527.95992940122,135.768924094327,0.641439058537777,74.0208376314268,12.0752326849695,4.02551137482104
260.780042745173,28.5806274414063,-0.279820948839188,0.30047607421875,185.333778811702,-47.2297922575913,-2.27612676623606,41.7754118694691,1095.89792380068,3.94183300766269,527.114304888777,132.036848282097,0.647960678996986,71.9406261178259,11.7478055912469,4.02284592466691
260.960042774677,28.5650634765625,-0.297842800617218,0.300994873046875,182.80715124458,-46.050887503375,2.37057262996997,40.1175233139816,1095.90050164101,3.9575732613846,526.250410383343,128.467358170263,0.640540451469642,69.9511211410214,11.4299914818861,4.02011867637134
261.140042804182,28.5487976074219,-0.259744822978973,0.2984619140625,180.319956714468,-45.2834577855558,-2.39314144308985,40.166381260493,1095.87752062748,3.94640217681112,525.367504694448,125.058113070034,0.544622714278498,68.0433754268967,11.1214014031326,4.01731543971478
261.320042833686,28.5339660644531,-0.259702146053314,0.298095703125,177.870744941257,-44.1439432945681,-0.819740345912349,39.2156090563507,1095.85899543422,3.94845484473224,524.479890601923,121.793541931096,0.532140226054031,66.2307411370336,10.8216796959431,4.01443280088112
261.50004286319,28.5186462402344,-0.258122652769089,0.29791259765625,175.462793982013,-43.016747526733,-0.373497759248641,38.1738588106041,1095.82871779517,3.94711370484742,523.579137829871,118.675716876931,0.514437103164307,64.4936588541527,10.5310196820051,4.01155268145204
261.680042892694,28.5031127929688,-0.257871627807617,0.298004150390625,173.093270001633,-42.1273310048404,-0.974287338789274,37.4389924087293,1095.78655490006,3.9453450487813,522.666049935875,115.696641271364,0.503258432791821,62.833971392184,10.2488461369236,4.00862456527636
261.860042922199,28.4877624511719,-0.248008579015732,0.29736328125,170.761063205173,-41.0220489316799,0.0592146460467138,36.3941844294729,1095.73342532001,3.94975702243777,521.74068439574,112.850211323704,0.461958415103324,61.2489581219031,9.97485824722999,4.00565078291043
262.040042951703,28.4724426269531,-0.250865370035172,0.297698974609375,168.464869434677,-40.2187436732888,1.79815296356645,35.6304585109997,1095.66443427244,3.9492201091493,520.801595489983,110.124358490439,0.453849481766808,59.7313300269587,9.70872919113861,4.00231717771959
262.220042981207,28.4570007324219,-0.240228772163391,0.297210693359375,166.099951628023,-39.3568172306944,-1.30485231597222,35.0815297944766,1095.58970911505,3.93947723762905,519.854695744099,107.412545692792,0.437056384661113,58.2227998498291,9.43725871525376,3.99650498098439
262.400043010712,28.4415588378906,-0.246319741010666,0.297576904296875,163.758699686089,-38.6115500337542,1.07030233147211,34.5477922232845,1095.50456864799,3.94340018218235,518.897817917916,104.8243524437,0.431634792035312,56.7833124308564,9.17374717514509,3.99064064936056
262.580043040216,28.4261779785156,-0.241588026285172,0.297393798828125,161.45267813076,-37.6738117889096,-0.0471248220381639,33.7506726089029,1095.4102574561,3.94481145018502,517.929998520853,102.354159179799,0.408342323042438,55.4096468771702,8.91785660090995,3.98472172512511
262.76004306972,28.4109191894531,-0.244246751070023,0.297607421875,159.180678856165,-36.6315292392678,0.30637616758295,32.7260462357117,1095.3073437126,3.9422726809177,516.951868719897,99.996318810168,0.406730457603186,54.0985007922576,8.6692836936008,3.97875109781749
262.940043099225,28.3956298828125,-0.25099515914917,0.29791259765625,156.941439657356,-35.7696851895909,-0.367118274607151,32.0169145954494,1095.19660074955,3.94030528938031,515.963324265048,97.7453806914681,0.413174902638234,52.8468614806451,8.42773860300662,3.97273443172104
263.120043128729,28.3802795410156,-0.232020378112793,0.296600341796875,154.733245091166,-34.8451642856781,0.788199437013823,31.0949982878481,1095.07456746895,3.94663715675097,514.962847148647,95.5971743685302,0.351884618189046,51.6503813446279,8.19287820280838,3.96666242654027
263.300043158233,28.3645935058594,-0.227213472127914,0.29620361328125,152.554130057261,-34.007689539209,1.07739062584799,30.2690400974797,1094.9355444448,3.94165799283229,513.947606663914,93.5447231373135,0.346616627825559,50.5088618711659,7.96436734365466,3.96052434367347
263.480043187737,28.349609375,-0.22176793217659,0.295928955078125,150.403447330507,-33.3351304550734,0.984375633449694,29.8530309542964,1094.80236610015,3.93788833679909,512.932672975919,91.5829909656436,0.331506144325789,49.4196918365307,7.74204239851807,3.9543668168513
263.660043217242,28.3342590332031,-0.229382127523422,0.296722412109375,148.280471897581,-32.56124522299,0.290393889215935,29.2565703681277,1094.66264456434,3.93430036400726,511.909437475326,89.7086969423289,0.341790551528824,48.3771648332423,7.52565581687586,3.94819202417115
263.840043246746,28.3188781738281,-0.228482246398926,0.2967529296875,146.185399009027,-31.7451131074136,0.122295661300711,28.5049826808032,1094.51662689344,3.93521134123629,510.878090389162,87.9192953810332,0.329256469355877,47.3816708422146,7.31510189120288,3.94198471156565
264.02004327625,28.3036193847656,-0.229576796293259,0.296966552734375,144.119631316389,-31.2197913595909,0.897231206460845,28.1231278957532,1094.36481058783,3.93515589515921,509.839314988513,86.2127521367141,0.323479900312748,46.4321584792954,7.11041023656619,3.93574784773852
264.200043305755,28.2882080078125,-0.229344576597214,0.297027587890625,142.08318023099,-30.4961326198032,-0.0973160832766187,27.5999311839958,1094.2065904497,3.93032958430825,508.794735157436,84.5860498309993,0.321297039536233,45.5266692580482,6.9114702580958,3.92948358667012
264.380043335259,28.2728881835938,-0.235848814249039,0.297454833984375,140.076038677545,-29.8316772165513,1.33458300021476,26.723025022649,1094.04065701227,3.93482536034195,507.741581873762,83.0359470572306,0.318416932167139,44.6638292720456,6.71814389645706,3.92319154313741
264.560043364763,28.257568359375,-0.234513461589813,0.2974853515625,138.09786492411,-29.0877519594444,-1.09821647197125,25.9986074563933,1093.86805527841,3.92825763299924,506.679956148526,81.5595565218644,0.319179776250273,43.8417711928467,6.53029339417098,3.91686604768769
264.740043394268,28.2423095703125,-0.231142669916153,0.297332763671875,136.14913406724,-28.5432349871562,-1.91221206783377,25.8011534155506,1093.69292106984,3.92250337506737,505.613921420973,80.1542520983017,0.311210503731738,43.0581387994223,6.34784437761265,3.91052569863493
264.920043423772,28.2270202636719,-0.248216897249222,0.2984619140625,134.229888899922,-27.843768030038,1.92285800770793,24.8803157474279,1093.51184063427,3.9264333786287,504.54009465348,78.8164958833743,0.324716775970054,42.3123122279662,6.17067345988062,3.90416768283884
265.100043453276,28.2117919921875,-0.246919125318527,0.298309326171875,132.339843271394,-27.122601246341,-0.400728838391727,24.6083100229512,1093.33111969878,3.92308455311092,503.462993917741,77.5438351444975,0.320351499282861,41.6023965908939,5.99865263967997,3.89779624427308
265.28004348278,28.1964416503906,-0.248664289712906,0.298095703125,130.479582618243,-26.6363288542809,0.103129476935111,24.2795702456186,1093.14632597121,3.92252066547281,502.380856500412,76.333551794971,0.316255275280766,40.9266017510899,5.83170759823448,3.8914226169725
265.460043512285,28.1811828613281,-0.243246078491211,0.297607421875,128.648489575965,-25.9772130072278,-0.622451063230448,23.6585094695359,1092.95803252894,3.91971621288707,501.293442770757,75.1828433041384,0.304437270400915,40.2837297629758,5.66967665773678,3.88503808790123
265.640043541789,28.1659240722656,-0.24569308757782,0.297454833984375,126.846479366338,-25.5847661328404,0.925644824354933,23.3309338837655,1092.7659342016,3.92007040574156,500.201570881245,74.0891732598925,0.301010868550801,39.6721390701896,5.51244609057952,3.87864450144612
265.820043571293,28.1506652832031,-0.243377566337585,0.29718017578125,125.073427613989,-24.8776407213802,0,22.7459214814556,1092.57110501109,3.91642728025618,499.104571587097,73.0500952782,0.295517954385718,39.0904212612218,5.35989760558064,3.87224443910796
266.000043600798,28.1354675292969,-0.239651620388031,0.296875,123.329235936573,-24.2096507950442,-0.70440976993266,22.0621614520709,1092.37432698971,3.91360724216085,498.001650949438,72.0629841733275,0.286650094036779,38.5374735782815,5.21191697175077,3.86584034726533
266.180043630302,28.1201782226563,-0.241461634635925,0.296844482421875,121.613766177328,-23.6780508741146,-0.578878092151298,21.5987008562624,1092.17487790799,3.91231686689797,496.894421295666,71.1256240207368,0.285818790297799,38.0116379732543,5.06838974629651,3.8594335813775
266.360043659806,28.1049499511719,-0.244311630725861,0.29693603515625,119.926819669095,-23.3035022382138,-0.497696280811427,21.3513330692456,1091.97294049974,3.91048654936717,495.783113670268,70.2357051164783,0.286568757541214,37.5118381428153,4.92920146395368,3.85302551585829
266.540043689311,28.0897521972656,-0.244951993227005,0.29681396484375,118.26818418474,-22.6944115172522,0.494004107108758,20.7825505220327,1091.76896736438,3.90807306813833,494.667574275976,69.3909678305659,0.283166144535529,37.0368765132029,4.79423586000742,3.84661810386972
266.720043718815,28.074462890625,-0.244122087955475,0.296661376953125,116.637708314519,-22.29057536457,-0.0617444724234266,20.5494657409151,1091.56246204589,3.90780131706289,493.548819046154,68.5893317362794,0.277027937670985,36.5854827278501,4.66338274379399,3.84021279203362
266.900043748319,28.0592651367188,-0.243944495916367,0.2965087890625,115.035094715659,-21.726838927906,0.590045763340274,19.9416775357088,1091.35398269192,3.90521010893513,492.426575344731,67.8287724810969,0.274658763583948,36.1564556811874,4.53652788202916,3.83381059850843
267.080043777823,28.0440673828125,-0.243768632411957,0.29638671875,113.460143729471,-21.2506266985396,-0.0458379537716844,19.5607637939416,1091.1440935567,3.9025693732809,491.300387188515,67.1072618051592,0.272900567722309,35.7487988310892,4.4135645334611,3.82741370325539
267.260043807328,28.02880859375,-0.246031165122986,0.296356201171875,111.912593175859,-20.8611182990145,0.473520204580144,19.2285787305446,1090.93250094474,3.90037592813702,490.171084139378,66.4229081419254,0.272900425270801,35.3614322617218,4.29438350992112,3.82102360382873
267.440043836832,28.0136108398438,-0.24608239531517,0.296234130859375,110.392108520644,-20.4049682381212,-0.470025310958555,18.8614349041053,1090.71925383103,3.89874096539902,489.038895101612,59.3068579136383,0.242810382052694,31.5538448630342,4.17887474195295,3.81464103907361
267.620043866336,28.0142517089844,-0.0521773099899292,0.303466796875,108.911726529648,-20.6005606194656,-1.73733549215371,20.2004738684666,1091.1213937894,3.87087453615385,488.221869751329,211.656319618061,-0.242582755630157,112.608457328145,4.06829892451867,3.80913773264688
267.800043895841,28.0048522949219,0.766930520534515,0.24700927734375,107.516854845528,-21.7741265660771,-4.67393190150995,20.8898312581889,1091.70520119815,3.79091300512249,487.505199127646,211.644785157677,-4.00687409313639,112.571438163599,3.96524639805773,3.80554022818432
267.980043925345,27.9945983886719,2.15423375368118,0.161041259765625,106.154504080255,-23.7318722847129,-7.12632300486641,23.0755229437198,1092.27918712296,3.66564457694915,486.795298998907,211.533567774127,-10.1251857730276,112.40828980127,3.86558022736783,3.80203694157592
268.160043954849,27.9759216308594,4.09163337945938,0.06451416015625,104.8144784302,-24.5448021882792,-10.0134061158523,22.585572200412,1092.84941692355,3.48725262011443,486.076089394986,211.144178081722,-18.5252206340192,112.080849061463,3.76877867851165,3.79852213569907
268.340043984354,27.9592590332031,6.57491499185562,-0.032806396484375,103.496310908444,-26.5163147694825,-14.1705818814158,23.5896510957325,1093.40771001168,3.23821311004028,485.354852667736,210.253339212913,-29.1897724092998,111.495059732793,3.6747446857803,3.79498646658543
268.520044013858,27.9334411621094,9.64090067148209,-0.156494140625,102.199389547825,-28.9320411357641,-20.4142656196718,23.7096252840477,1093.94764082409,2.90421706752295,484.630344754128,208.600139431058,-42.2231439305398,110.431974760611,3.58337166560081,3.79141517936896
268.700044043362,27.8984069824219,13.3288641571999,-0.323577880859375,100.922713250905,-32.9264346009431,-28.8763023757897,23.3255436984248,1094.45430787733,2.45031688598616,483.895671775553,205.795612127079,-57.6686275252641,108.704985563456,3.49452234512247,3.78777403214508
268.880044072866,27.8406677246094,17.666203558445,-0.586822509765625,99.6644388452474,-39.5786743787685,-43.3829104679565,21.3615502023499,1094.90738196491,1.82996267724507,483.136983403562,201.39770679153,-75.4679372620178,106.018676533057,3.40801381516164,3.78399566089422
269.060044102371,27.7402648925781,22.6941538453102,-1.05865478515625,98.422741639817,-45.9256624970743,-50.7505942795216,18.2278986328421,1095.2926419601,1.06184890055465,482.342805767627,194.865056928824,-95.5035872129816,102.005283882905,3.32367459819016,3.78002145663512
269.240044131875,27.5508422851563,28.4763060212135,-1.85238647460938,97.1956632422639,-57.6986800811063,-60.3848272856966,12.3761906967763,1095.57498677968,0.133450074386104,481.502648540524,185.549797252134,-117.580327592511,96.158174879053,3.24131853948941,3.77576729746809
269.420044161379,27.1768188476563,35.0945540070534,-3.1590576171875,95.9801389950311,-73.8291384442077,-70.246643359771,6.27910815296354,1095.70900190499,-0.97098757616029,480.602626223443,172.716430801815,-141.284650080533,87.8043602765759,3.1606945922704,3.77110507838572
269.600044190884,26.4094543457031,42.6098700165749,-5.407470703125,94.7723367689315,-95.0001391761698,-78.2746438462907,-2.28433932227927,1095.64150923528,-2.25179055912306,479.621273463854,0,0,0,3.08151800082797,3.76587272280544
269.780044220388,24.9234313964844,50.7710295319557,-9.12265014648438,93.5458191108619,-117.884400716302,-77.0343436191445,-9.20059394502323,1094.54533067541,-2.67877362471183,478.161945263561,0,0,0,3.00173427058419,3.75850428350121
269.960044249892,22.1715698242188,59.1973562836647,-15.072265625,92.2793201104002,-148.966211068721,-73.9173521659573,-16.8123432678376,1093.29778848508,-3.0930893003842,476.663606381177,0,0,0,2.92087564186882,3.74916489265874
270.140044279397,16.42724609375,67.7376318573952,-25.2357788085938,91.0224211653213,-176.971981462697,-63.9711733017482,-17.0523403841125,1091.89538455363,-3.46075872542729,475.155939289958,0,0,0,2.84180182951549,3.73938452951203
270.320044308901,1.58554077148438,75.8387289643288,-46.0760650634766,89.7783011446704,-211.676488226416,-48.3518400667613,-12.6921095065036,1090.32474579119,-3.74935733589187,473.673094569485,0,0,0,2.76458129280222,3.72920568315073
270.500044338405,-41.9820556640625,80.5260534882545,-98.0250549316406,88.5448286642911,-239.35458712378,-30.8326485307233,6.62894532420478,1088.54568321885,-3.94215661633891,472.265537932458,0,0,0,2.68904383854504,3.71854220290457
270.680044367909,-89.3631286621094,76.4815817475319,-156.757499694824,87.3227332459025,-277.48471084998,-10.7281297688833,23.1759425077996,1086.58486700481,-4.01817525744006,470.964953411102,0,0,0,2.61525731870804,3.70750216328127
270.860044397414,-104.855804443359,68.1479330658913,-184.927925109863,86.1141884710488,-264.572386128403,22.4556378864722,-5.75300815881747,1084.64483420681,-3.93218957409127,469.543721647093,0,0,0,2.54333962853123,3.69622628226573
271.040044426918,-109.669281005859,58.832255423069,-202.698692321777,84.9264846331198,-240.751605011837,48.1788031922895,-23.0410419237123,1082.82459629324,-3.70114558410376,468.032475788325,0,0,0,2.47370459140472,3.68508059638498
271.220044456422,-111.038055419922,49.0428114533424,-216.833766937256,83.7642965420655,-213.820790155475,70.2870021741946,-35.620677131019,1081.15320669038,-3.35011140052018,466.434428585652,0,0,0,2.40653424295296,3.6742549413295
271.400044485927,-110.887954711914,39.1043844819069,-228.919998168945,82.6288339760473,-178.436913797441,101.386198209923,-32.4362465521181,1079.66173096055,-2.82859120610979,464.844864562226,0,0,0,2.34186063587103,3.66388164444789
271.580044515431,-109.978668212891,29.3668470978737,-239.610494613647,81.5230489715444,-142.911421280529,123.093362084141,-21.6033609483675,1078.37050007892,-2.19151394824198,463.302454835662,0,0,0,2.27979355993726,3.65414695163133
271.760044544935,-108.61865234375,20.0166769623756,-249.108835220337,80.4460767858871,-112.920573168478,99.457588570259,-4.51342506219862,1077.24012454093,-1.58718585768196,461.845707618291,0,0,0,2.22018830887549,3.64503784438931
271.94004457444,-106.947067260742,10.9693356156349,-257.250765800476,79.3959143791946,-94.5035777805634,55.83701322402,13.2427147353405,1076.23707437701,-1.23420905398124,460.491375421088,0,0,0,2.16286771131477,3.63652738004016
272.120044603944,-105.015594482422,2.04369765520096,-264.354187965393,78.3672829826319,-89.451924788883,19.021546528487,22.1907403662467,1075.27638353071,-1.09017294397458,459.199007592042,0,0,0,2.10746634691281,3.62839002133071
272.300044633448,-102.775039672852,353.112326681614,89.2456665039063,77.3530649312723,-93.0723972910221,-12.8935828958797,19.9653350166975,1074.30462627012,-1.12605442270612,457.908557795591,0,0,0,2.05356831721886,3.62036669935816
272.480044662952,-100.110641479492,344.083243429661,83.22900390625,76.3478378448068,-101.894050740435,-41.4730173181043,6.35969743747501,1073.29172686736,-1.32241554744511,456.55926828692,0,0,0,2.00088477085293,3.61227060292644
272.660044692457,-96.8076171875,334.87801271677,77.2765502929688,75.3494032394363,-117.378524915135,-66.9683620018345,-19.8202142564992,1072.20131649407,-1.66268962055602,455.081550536972,0,0,0,1.94929159307755,3.60392928318494
272.840044721961,-92.4207611083984,325.404746115208,71.044189453125,74.3550661578445,-137.030215065337,-87.4147409215791,-57.939563692817,1071.00995740652,-2.12161903988649,453.411060507782,0,0,0,1.89864268882414,3.59517494901093
273.020044751465,-86.1114196777344,315.618308126926,63.7789611816406,73.3634661325887,-143.083151391907,-92.4785546537735,-96.9834761564202,1069.77057672497,-2.63375021949322,451.525455228461,0,0,0,1.84889364263277,3.58598087022938
273.20004478097,-76.3078155517578,305.829917013645,52.8952941894531,72.378479205192,-140.468799904114,-65.4323636574661,-119.159581402988,1068.52856425138,-3.03113393225813,449.495482873236,0,0,0,1.80023827771468,3.57654393143415
273.380044810474,-59.6776275634766,297.084799826145,34.7689208984375,71.4053916282141,-131.164093116517,-30.2146525194574,-129.780028576989,1067.33426392026,-3.24071050318638,447.400513974439,0,0,0,1.75290188261553,3.56710402156915
273.560044839978,-31.5329895019531,291.810019552708,4.89852905273438,70.4477523848698,-124.876516044885,7.01094372345722,-135.855118455763,1066.17538788829,-3.25141343492476,445.259787268331,0,0,0,1.70697924237305,3.55776541759655
273.740044869483,2.61685180664063,293.422995626926,-31.1524047851563,69.5062787402209,-112.513158013555,44.4822881741081,-128.90952212821,1065.07168429545,-3.05581855852048,443.136733951211,0,0,0,1.66245652858466,3.54856734245348
273.920044898987,26.8902893066406,301.46102052927,-57.3351135253906,68.5849374168456,-99.6284984974009,77.7481270248433,-112.223849368889,1064.05422885703,-2.67369881922631,441.107001615409,0,0,0,1.61946223129622,3.53971018777494
274.100044928491,40.8817443847656,312.744681417942,-73.5520324707031,67.6861585378421,-76.9599201637186,93.6272442217934,-74.6600669341999,1063.13892916588,-2.17451321015127,439.245429246415,0,0,0,1.57802631117117,3.53128214676221
274.280044957995,49.4114990234375,325.38909059763,-84.5896453857422,66.8138416353531,-58.8945816065915,78.0319307389447,-31.0140983632919,1062.33763423585,-1.73842275474326,437.647880864079,0,0,0,1.53826111446903,3.52349649706639
274.4600449875,55.2554626464844,338.548789083958,-93.1133422851563,65.9678055821755,-49.4438342522133,55.2574840078675,-0.441190577056432,1061.59427235326,-1.42459410336309,436.230026634729,0,0,0,1.50005126662227,3.51626182693084
274.640045017004,59.7282409667969,351.832388937473,-100.394958496094,65.1488403114776,-46.7152395674242,27.8923438536909,16.9398380244477,1061.43033939032,-1.07828934558432,435.888384312222,206.00127285211,41.0794995485178,363.496664685175,1.46356688044465,3.51014703004137
274.820045046508,63.5382080078125,4.80174738168716,-106.760452270508,64.4094053958892,-49.7812589911354,5.65725705902099,20.4937579060152,1061.62354803685,-1.096769266551,436.427532021749,181.995033437153,-53.4442316542849,374.539543870834,1.43091115524025,3.50762049529517
275.000045076013,67.201416015625,17.3404131531715,-112.382507324219,63.6975288424749,-55.5896679460253,-9.87344025178201,14.1243505799794,1061.65756688677,-1.65945284954328,436.933898337485,150.319136642354,-142.287034594659,365.268491826595,1.39941424539789,3.50533573394617
275.180045105517,-288.804979085922,29.4294996857643,-117.164138793945,62.9851433395985,-63.5683172353571,-18.6035969561569,5.66814120823847,1061.48541731148,-2.69172153901224,437.293244191582,0,0,0,1.3681609670486,3.50244449746397
275.360045135021,-283.961554527283,41.1703100800514,-120.904006958008,62.2505178105679,-71.3252921632588,-19.7300060279938,-2.90983904486757,1060.63448143799,-2.80376015049384,435.893417435892,0,0,0,1.33606264150796,3.49715896698488
275.540045164526,-277.35066318512,52.649264395237,-122.977813720703,61.4803863856535,-77.8675487477155,-14.2301991866859,-8.56049093261777,1059.74619478545,-2.89347528572751,434.458291006745,0,0,0,1.30306598679094,3.48990437311095
275.72004519403,-266.553241729736,63.6029043793678,-121.049911499023,60.7188219418386,-83.8244951214225,-4.86198536624508,-9.86780132864294,1058.82486091986,-2.93609593490405,433.011244992971,0,0,0,1.27086936594299,3.48256325731349
275.900045223534,-244.125667572021,73.0461493134499,-107.716506958008,59.9681607642314,-92.775502566882,5.11595283982399,-6.41118138780439,1057.85276352187,-2.9181978296534,431.581331331476,0,0,0,1.23950199896974,3.4751567859603
276.080045253038,-195.505218505859,76.979529440403,-68.3265838623047,59.2276656302195,-103.047474104233,16.5116401503806,3.69596526322448,1056.83247902192,-2.84344669310969,430.196675913544,0,0,0,1.20893335830421,3.46767324533528
276.260045282543,-152.053619384766,71.4325018525124,-34.2197875976563,58.4967406518953,-121.981934406968,24.8912073736966,13.4473000611342,1055.70860020172,-2.71859360333157,428.870018981267,0,0,0,1.17913161964957,3.46007736373447
276.440045312047,-132.466278076172,61.6990347504616,-24.4150695800781,57.7749180674012,-107.368686491545,26.1135367043509,9.99384846580642,1054.63419147888,-2.57900723371793,427.539472218525,0,0,0,1.15010550344573,3.45245875095201
276.620045341551,-122.078262329102,50.7965269684792,-24.1906585693359,57.0662868507949,-102.24905760215,27.1943082793698,6.19092334039033,1053.59749293856,-2.43473607924058,426.186771557726,0,0,0,1.12198991697458,3.4450137798597
276.800045371056,-115.100677490234,39.462252676487,-27.6637725830078,56.3694162778709,-94.6086452472156,28.2486938567093,-0.131888692610119,1052.59939011887,-2.28428102014481,424.804132936175,0,0,0,1.0947140767132,3.43767705447292
276.98004540056,-109.567749023438,27.9154730439186,-32.73095703125,55.6839838138103,-88.9690413414439,32.0970806136864,-1.40836171130059,1051.63751002641,-2.11323162070316,423.409096783007,0,0,0,1.06826057325918,3.43046230439643
277.160045430064,-104.597396850586,16.3128615021706,-38.6058807373047,55.0097088712157,-84.831395178728,38.9605346148501,0.825857677797558,1050.69856837165,-1.90890185553086,422.023052348282,0,0,0,1.04260621040237,3.4233707236566
277.340045459569,-99.6471710205078,4.78982645273209,-45.0162658691406,54.3459747794301,-81.0461753013101,42.4933748883532,4.68462300326564,1049.77434416582,-1.68263075389453,420.655233602374,0,0,0,1.01771271390329,3.41637823941931
277.520045489073,-94.3540649414063,353.467246115208,-51.8108367919922,53.6929076702452,-75.9667243826497,42.0037886482189,8.20452707164804,1048.88228597676,-1.45088924574723,419.310606623018,0,0,0,0.993574249632692,3.40952446821543
277.700045518577,-88.3926239013672,342.453116476536,-59.2339172363281,53.0505923605237,-71.0114189483144,24.8945145732747,2.55723574978856,1048.01708921383,-1.29684742669709,417.947028921154,0,0,0,0.970164768526661,3.40279343133597
277.880045548081,-81.3099670410156,331.848654806614,-67.5605621337891,52.4182534080234,-66.218460221291,14.696962225392,-3.08095578547682,1047.18081217769,-1.21205911895769,416.548270513742,0,0,0,0.947437775869332,3.39614617955087
278.060045577586,-72.4314270019531,321.864432394505,-77.3132934570313,51.7958031342198,-60.3483886336427,7.88901346502632,-11.5367003026947,1046.373186057,-1.16619634545711,415.109119831392,1.66197756941818,4.18991921713659,-4.81825643461573,0.925371264217682,3.38957728915908
278.24004560709,-60.6984405517578,312.912070333958,-89.4899597167969,51.1833855049327,-56.7272230119816,7.53356035365954,-19.0466414291516,1045.62178581591,-1.05450823668592,413.56636729509,15.3186702750175,33.0467740785541,-25.3665732928827,0.903944567155241,3.38308811319542
278.420045636594,-44.6729888916016,305.774619162083,-105.532928466797,50.5816977327866,-48.9136903088742,11.9670221679675,-23.2301279701651,1044.98378372254,-0.768948826960586,411.930514009622,35.0276741479063,67.2967706172154,-31.578330855117,0.883165902337313,3.37674217822718
278.600045666099,-23.7408447265625,301.642905294895,-126.008071899414,50.0059040290337,-43.0598209445072,17.9277799288917,-22.2502022781159,1044.47815734805,-0.299348383423138,410.306114086685,47.2232396396144,82.4284351044854,-17.3742993563315,0.86366726562998,3.37210163488071
278.780045695603,-0.411285400390625,301.631308615208,-148.371192932129,49.4724923298333,-38.0405734546463,22.8304357372423,-16.3756296941611,1044.03584390543,0.2225385362184,408.800460041556,54.6865060041816,87.4226243661971,3.32141346864048,0.845636250928022,3.36906474926866
278.960045725107,20.3807983398438,305.667258322239,-167.634780883789,48.9523912720891,-35.1330374669624,25.0076586637927,-7.06247933648979,1043.68206909834,0.829423388145157,407.462490992428,77.1562782999039,112.969461963863,33.9855967243224,0.828228534411826,3.36637434192898
279.140045754611,36.2949523925781,312.544394552708,-181.428680419922,48.4477117459002,-34.4415406337994,22.2191753288371,4.68008318328111,1043.41102184083,1.49141175347463,406.350860504844,79.4277886590579,105.657324464332,64.228336699193,0.811492405516774,3.36418623410027
279.320045784116,48.0716857910156,321.024313986301,-190.444671630859,47.9567293427959,-37.9178726669223,15.7969149470011,15.707361607246,1043.11473920565,2.05407017037647,405.436335154106,74.9900397380294,88.9028777753534,89.8360792950604,0.795326872307695,3.36230536689036
279.50004581362,57.0948486328125,330.313284933567,-196.020637512207,47.4752007681384,-43.5716826461526,6.41831553097001,24.2296990786029,1042.75834395772,2.47489726532574,404.686885298199,67.4712983636774,68.4857797334422,111.154452402844,0.779588909690209,3.36049710596984
279.680045843124,64.4345397949219,339.955588400364,-199.051025390625,47.0011488987178,-51.8480977427514,-4.26806298218014,29.083371367414,1042.31508201755,2.72943186353233,404.060107575449,57.3264232432307,45.5027452805806,127.441813056006,0.764207559219131,3.35864337566629
279.860045872629,-289.202953696251,349.681937277317,-200.030746459961,46.5325002699608,-62.3659310039721,-14.0449829078416,28.636602101489,1041.75525942535,2.80876890777061,403.505278070586,45.1107166742412,21.0942932493064,138.269811576471,0.749111340050464,3.35660375197163
280.040045902133,-283.301532268524,359.31502443552,-199.206321716309,46.0678631868583,-62.8372413318583,-16.0197546905469,17.9744780060848,1041.1194723305,2.74742075413184,402.937659001183,31.3176488685482,-3.62565232801729,143.543678576391,0.734261601868217,3.35432214370067
280.220045931637,-277.475033760071,8.74358946084976,-196.848449707031,45.6070140999131,-68.255505697633,-16.214165306404,7.18574180530209,1040.38616037291,2.56308101629372,402.320282412877,16.5140187337734,-27.6941036060452,143.385093737522,0.719647926459055,3.35176848533004
280.400045961142,-271.406642913818,17.8723765015602,-192.96410369873,45.1486379380986,-72.6504237123577,-14.5999729208935,-2.15112401894976,1039.55119376107,2.27145398635973,401.63374620417,1.31153230652366,-50.2572735562946,138.100262673359,0.705232526045588,3.34886467774127
280.580045990646,-264.782621383667,26.5859995484352,-187.434501647949,44.6923859232999,-72.0724276035077,-5.60960416329743,-18.0844205243011,1038.63585415912,1.91493186265614,400.829841019299,-13.6676473536783,-70.5849670574489,128.181084454834,0.691010155159297,3.34560266122437
280.76004602015,-257.239009857178,34.7595701813698,-180.040863037109,44.238372794785,-73.0352560768757,-2.76298391067736,-22.0757265857249,1037.64597951763,1.49399266088124,399.922339404538,-27.8584952081267,-88.1535819571484,114.24758692694,0.676988073493297,3.34200369682514
280.940046049654,-248.29663848877,42.2143812775612,-170.376655578613,43.7869328743284,-71.4983965890485,0.849396841734915,-24.5831159970219,1036.59190141857,1.014806627524,398.924907451473,-40.8186340208397,-102.581768200637,97.0088168629068,0.663181028283914,3.33810591640144
281.120046079159,-237.353942871094,48.6665259003639,-157.90966796875,43.3385349223045,-68.7815120665186,5.32630291217208,-25.3932134213246,1035.49111710902,0.498756077636711,397.827885321637,-52.2357888617556,-113.614490183013,77.222284406785,0.649603485307399,3.33395367914377
281.300046108663,-223.866889953613,53.7230711579323,-142.313758850098,42.8934645885175,-63.7454939168257,13.2184474341694,-22.4385054555494,1034.3601937573,-0.0240501428381199,396.638077634442,-61.8434828073611,-121.166748003784,55.6266276943248,0.636266008763573,3.32958403452765
281.480046138167,-207.743537902832,56.9233351349831,-123.614059448242,42.4525042966952,-58.2283857514636,20.8618716070872,-17.8773167932175,1033.21734775394,-0.52177609813684,395.36725804514,-69.4479728284268,-125.298357267046,32.8299220654911,0.623191236559793,3.32507322385858
281.660046167672,-189.987762451172,57.8666639924049,-102.965301513672,42.0160250820079,-52.5681695330074,24.3500756368286,-13.0243522786,1032.07245987312,-1.00445436598558,394.010399055565,-74.8863661075707,-126.112664362698,9.39650222779646,0.610385737133864,3.32045278905802
281.840046197176,-172.628074645996,56.4653616547585,-82.5712738037109,41.5841500371362,-47.5245918454774,26.034577286542,-7.18767654244857,1030.93394656723,-1.46861166080503,392.571707158003,-78.0524415683544,-123.729716820391,-14.1272811277951,0.597852543858017,3.31575205881227
282.02004622668,-157.386428833008,53.0515432953835,-64.3337707519531,41.1570207113056,-43.4875268732804,25.5622835174964,-1.59431301390691,1029.80818898445,-1.91143526277242,391.052677334264,-78.8827517285336,-118.288269680785,-37.2336106464015,0.585592133424465,3.31099413065982
282.200046256185,-144.869766235352,48.1269484162331,-49.0334320068359,40.7342107264848,-42.1052943598351,23.224675757445,2.59319428507001,1028.67827138894,-2.41335391318677,389.411441820877,-77.5139569865008,-109.902773967514,-59.2795584579906,0.573586174227256,3.30614233774
282.380046285689,-134.789993286133,42.1670027375221,-36.5441131591797,40.3154211669462,-39.9266667128416,20.3921347598975,7.0993280169705,1027.58156212671,-2.81606013429982,387.721293582909,-73.9889369326606,-98.7919094715534,-79.7934022744989,0.561832935183869,3.30123812067428
282.560046315193,-126.399932861328,35.5230970978737,-26.2955932617188,39.9020990759945,-38.9889011040979,16.4760239625188,9.71669842613164,1026.51567599003,-3.1600382868158,385.965457342203,-68.2067286940443,-85.2004628067753,-98.4377290536567,0.550363388282821,3.29638597178536
282.740046344697,-119.174026489258,28.392594397068,-17.9048614501953,39.4934799224827,-39.4305140617059,12.3039648496058,10.7105234194069,1025.4800667621,-3.45448063191814,384.132713089786,-60.2534107334803,-69.3679176615456,-114.712485619959,0.539151635842504,3.29153565127942
282.920046374202,-112.724258422852,20.894360601902,-11.1615905761719,39.0894087278487,-41.0452730106092,8.36705608618182,10.5032663978009,1024.48013328704,-3.69163112429232,382.229236776482,-50.296029884231,-51.5857338712951,-128.103887604098,0.528191766860937,3.28670733158287
283.100046403706,-106.747711181641,13.1245499253273,-5.95623779296875,38.6898404074978,-43.154135236775,5.11909972247682,9.02248029034672,1023.51947848531,-3.85959888538309,380.260745015479,-38.5504475586709,-32.2557417310318,-138.111824983374,0.517479988494468,3.28191662987681
283.28004643321,-100.995559692383,5.17128521203995,-2.24502563476563,38.2947818731294,-45.752281271511,2.0137503484452,6.00851533089144,1022.60454077933,-3.94874756901289,378.235632160298,-25.3012805424835,-11.8862802665891,-144.291568915525,0.507012778368647,3.27718744543815
283.460046462715,-95.2453155517578,357.128317892551,-0.051727294921875,37.9129590875984,-48.1085130604396,-0.527150450594519,-0.0193947931196199,1021.74403520803,-3.95070135780747,376.161313671853,-10.9097298511007,8.90233946861917,-146.298591598011,0.497087253781423,3.27379913498692
283.640046492219,-89.2718811035156,349.122366964817,0.5068359375,37.5555456159905,-50.142509129458,-1.48444163566527,-4.99904839979254,1020.93945298951,-3.85163443704545,374.05768323455,4.22601411371723,29.3579861561868,-143.950951299377,0.487809217725569,3.27166495626242
283.820046521723,-82.7881317138672,341.336752951145,-0.5533447265625,37.202030912879,-51.774820880698,-1.07264673973438,-8.67283415947715,1020.20647834778,-3.62737245159824,371.869229379174,19.7427126460477,48.6481660973993,-137.278138784162,0.478732335679804,3.26963840453758
284.000046551228,-75.5123138427734,333.919394552708,-3.2518310546875,36.8529026581024,-51.3989805422923,0.257668104188362,-14.1590567914271,1019.56301507161,-3.29754969723033,369.698856537126,35.144450753873,66.1570151162702,-126.451185630682,0.469869037208134,3.26781418395271
284.180046580732,-67.1096496582031,327.058890402317,-7.83523559570313,36.5091534957629,-49.7588346803772,1.48693266438428,-17.7539394799838,1019.01843693574,-2.86931566608687,367.576768618076,49.9412903052063,81.3090101938247,-111.788177874466,0.461235293916993,3.26628211269089
284.360046610236,-57.2492980957031,321.013571798801,-14.77685546875,36.17120078761,-47.3300077902009,2.97275559745486,-19.0550042322823,1018.55789114778,-2.38100146589317,365.563696179092,63.6016919868013,93.6214104041703,-93.7648502441977,0.45283415550682,3.26509914666634
284.54004663974,-45.760009765625,316.127310812473,-24.3719329833984,35.8394170704859,-42.863251105127,5.0783554416746,-18.8814920331442,1018.23721223645,-1.80546264171275,363.64657025989,75.4938554932135,102.706055254282,-73.1729712520497,0.444669219587066,3.26434375920137
284.720046669245,-32.786376953125,312.745596945286,-36.4944305419922,35.5142731009745,-36.6800745604589,13.404702060961,-20.1050106083742,1018.01297556937,-1.15681017347253,361.847977889483,85.2016275916123,108.40822335379,-50.8983174220764,0.436738057174932,3.26403861329215
284.900046698749,-18.8403015136719,311.138968527317,-50.4189300537109,35.1943222000439,-30.3179642059303,21.9126717863104,-19.2102562318895,1017.83028436203,-0.489408622472667,360.191770081857,92.5599477286153,110.752283143808,-27.7310807618884,0.428998332095619,3.2640756632257
285.080046728253,-4.77603149414063,311.372092306614,-64.9186248779297,34.8793821315144,-25.6401277398396,25.7251651951404,-15.6196393040797,1017.69444543758,0.185216802044287,358.675070903841,97.4894551567558,109.909156810687,-4.28294909794742,0.421443254160218,3.26436647151911
285.260046757758,8.45938110351563,313.307852804661,-78.9105987548828,34.570365721084,-21.9605770303114,27.1460140390349,-11.0253441715192,1017.59797728404,0.855254769521552,357.297889216104,99.9635723670367,106.092052513204,18.8272373120629,0.414089905687545,3.26493485438917
285.440046787262,20.2646789550781,316.635550558567,-91.6822052001953,34.266715379736,-20.7250398943017,28.2605422105451,-6.78894892345704,1017.5172042889,1.5034021603648,356.056003432948,100.006611786306,99.5831399627186,41.0452219687283,0.406918918141209,3.26572539057261
285.620046816766,30.5067443847656,321.002707540989,-102.996231079102,33.9676419028829,-20.0368512782701,28.6807569852414,-2.36208388715022,1017.4356088241,2.11529536338629,354.94397417077,97.7093495594858,90.6836584984809,61.9057058666652,0.399907311482633,3.26667305907921
285.800046846271,39.3429870605469,326.109488546848,-112.92024230957,33.6724880244133,-19.9380992456542,26.5144193601283,1.56161026659674,1017.33813339785,2.66496599016022,353.951371946309,93.2131602149058,79.7005584421384,81.0074486516329,0.393037625643494,3.2677245104707
285.980046875775,47.0440673828125,331.702292501926,-121.60710144043,33.3830451964181,-20.5022151786412,24.4110657247592,4.55568316234314,1017.69008494953,3.49616123846362,353.567247889758,247.539694271489,191.583966636526,279.950791851023,0.386382533313812,3.26939868070655
286.160046905279,53.9581298828125,337.479056417942,-129.031372070313,33.1201891760584,-22.0937619810089,21.4156374149552,7.36866792627814,1018.31413702997,4.41565552373822,353.771636454628,222.81025179213,152.568837609155,321.609384055,0.38037496983627,3.27343458514104
286.340046934783,60.2394714355469,343.294425070286,-135.124740600586,32.8671022476699,-25.094125399019,19.4070895027371,9.17753256942768,1018.84235286652,5.2330873977473,354.370168975636,193.805307725207,111.63204771911,355.434153234762,0.37457768972428,3.27792199286771
286.520046964288,65.8019714355469,349.236441671848,-139.824554443359,32.6142787628344,-28.1409044027582,17.1635847297011,9.93534234475248,1019.13539575216,5.8463050599943,355.150050929596,163.332086540964,68.5443439310134,380.764000869737,0.368807250695548,3.28217330724952
286.700046993792,-289.286663413048,355.300162374973,-143.336578369141,32.3580444711308,-30.7073080763259,15.0347556716826,9.96594562598034,1019.2353926969,6.20133217979887,356.047934431404,132.803588152826,23.9453207639583,397.678293336103,0.363000875068898,3.28597809679036
286.880047023296,-284.898097515106,1.40971833467484,-145.831901550293,32.0986901531224,-32.4918059457479,12.9248308225771,9.200500671594,1019.15235782113,6.2886607534585,357.011387306048,103.051455779311,-21.1553015230632,406.561488345086,0.357166840099459,3.28934472029411
287.060047052801,-280.926005363464,7.50917154550552,-147.45809173584,31.8360601934184,-34.0546236564269,11.2614829561561,8.40506147218207,1018.89598362416,6.11207287249898,357.995667612339,74.7597288938705,-65.8642641634508,407.962508711894,0.351305147974042,3.29224824129562
287.240047082305,-277.280638694763,13.5617285370827,-148.297386169434,31.5702416795708,-33.4513095337972,9.53563879349549,7.49028210054394,1018.48626870951,5.67738943064387,358.960451982093,48.4330047890122,-109.430525897961,402.543009454617,0.345420365122971,3.29468990662656
287.420047111809,-273.88006401062,19.5392714142799,-148.378196716309,31.3014686488839,-33.3721922545528,8.48249521366679,6.51613214141526,1017.93469222286,4.99640546427813,359.869225791992,24.4284559071483,-151.214913552612,391.024319359642,0.33952024064685,3.29667784539525
287.600047141314,-270.66374206543,25.4265776276588,-147.766021728516,31.0298637294201,-33.1425046970612,7.70229509417148,5.43212689919369,1017.25544173423,4.08308779530073,360.689482029015,3.07239787997977,-190.734519420826,374.131812902747,0.333610093913144,3.29821144473709
287.780047170818,-267.584369659424,31.2195253968239,-146.519981384277,30.7556909162291,-32.8936901619228,7.29381417028773,4.58524579805999,1016.46382635735,2.95394944632868,361.394707111509,-15.3739021548895,-227.642026122305,352.572552501027,0.327697718170285,3.29930314494907
287.960047200322,-264.604412078857,36.9219503998756,-144.703392028809,30.479294780444,-32.386884499648,7.04250676118339,3.96151292670777,1015.5718877004,1.62471643088787,361.961299240144,-30.6467366928212,-261.688861188572,327.024836120158,0.321792559928217,3.29997082903723
288.140047229826,-261.78536605835,42.5395918488503,-142.525695800781,30.2007005290114,-31.7329616014209,6.63100104706959,3.25224675010713,1014.56589026995,0.110712204355312,362.362912716537,-41.9051706719332,-292.696154753207,298.227068562344,0.315895945897515,3.30018571191525
288.320047259331,-259.318046569824,48.1127577424049,-140.386917114258,29.9198764717858,-31.3289030105561,6.38025478740104,3.15773087836783,1013.49663675369,-1.5658088168955,362.592383348342,-48.2591916226947,-320.66175395702,266.860189067081,0.310012320443446,3.29996434142029
288.500047288835,-257.295703887939,53.6638670563698,-138.467712402344,29.6383770051582,-30.9341655407235,5.93879286781903,3.29141673217816,1012.41049009532,-3.39402993425626,362.638920248656,-49.6988337923397,-345.481848782645,233.538571512867,0.304175315079346,3.29945906037843
288.680047318339,-255.748687744141,59.2257567048073,-136.860046386719,29.3575115045272,-31.1846771108301,5.39287731231339,3.65037826046432,1011.35120979878,-5.35473860037993,362.50511961363,-46.7351507637748,-367.073402807063,198.598644031289,0.298410934176805,3.29879788812072
288.860047347844,-254.780536651611,64.82731539011,-135.705062866211,29.0781550664984,-30.7409839845216,4.403809090558,3.89567062504329,1010.32131874757,-7.43390856919551,362.175371307926,-39.6794468754392,-385.285599229213,162.325260449228,0.292733453784303,3.29803571713127
289.040047377348,-254.811100006104,70.4864721894264,-135.459747314453,28.8005264991202,-30.2590380257597,3.1955105486764,4.1658955357517,1009.34261685918,-9.61474717727206,361.643081396225,-28.6282906427969,-399.895607978986,125.032919032383,0.28714673713487,3.29719534854753
289.220047406852,-257.033706665039,76.1978903412819,-137.346343994141,28.5251905954833,-29.7676941469725,1.7658460506437,4.39056741070175,1008.43691275302,-11.8790687631897,360.902976488429,-13.6975357458893,-410.619133244349,87.027770473432,0.281661344626962,3.29633576939352
289.400047436357,-266.355155944824,81.8426199555397,-146.297630310059,28.2527452567646,-29.1921033608909,0.129634892789385,4.52374724991132,1007.62569129391,-14.2068892901257,359.951005086781,4.96146983437414,-417.109593888373,48.627909679578,0.276287203594517,3.29551596532397
289.580047465861,41.8345642089844,86.0225897431374,-197.727890014648,27.9837447337031,-28.5839806362589,-1.47680053714131,4.52029637363214,1006.92946035206,-16.576018111965,358.784379580134,27.1564966370947,-418.961330737698,10.1859777995111,0.27103297406031,3.29479353716835
289.760047495365,-27.0551452636719,82.7267447113991,-266.251136779785,27.7187001494213,-27.8682376644159,-3.66832981420146,4.32518784430232,1006.36588555246,-18.9618952085076,357.401829575861,52.6593540410257,-415.715228793347,-27.8858519765298,0.265906688168058,3.29422571221411
289.940047524869,-39.7495574951172,76.5672674775124,81.3843688964844,27.4579035482514,-27.5309089616302,-5.84749163623084,3.98869235248537,1005.93679617264,-21.3386622027914,355.800889779751,81.4791056524148,-406.814632719527,-65.059135769923,0.260910723367906,3.29383421541763
290.120047554374,-42.8030090332031,69.8257055878639,78.5841979980469,27.2016972608397,-26.5320582560775,-8.00274803476476,3.15752396385847,1005.68003313826,-23.674206749433,353.98773567226,113.368575508515,-391.628654357574,-100.716898108525,0.256051185341607,3.29368442952637
290.300047583878,-43.2794799804688,62.6900892853737,78.2577819824219,26.9508317684844,-24.7429617469598,-9.73957951575406,1.63041168906761,1005.62007415111,-25.8992512157861,351.966110528814,147.606163901283,-369.602238627093,-134.0734016031,0.251338529222903,3.29386118060073
290.480047613382,-43.1246643066406,55.3532209992409,78.503662109375,26.706844528529,-22.6015170819442,-11.0512248237384,-0.123084043097379,1005.89634536673,-27.9308534586909,349.861045433539,180.892082851032,-341.076263853727,-165.270744887064,0.246803490905611,3.29464001894249
290.660047642887,-43.4196472167969,48.1361036896706,78.361328125,26.4729586389569,-19.0598695596776,-10.6993409544342,-2.34864305904182,1006.43127686984,-29.666217531028,347.607987639678,209.064662964186,-307.95746505559,-194.486597769159,0.242488186914289,3.29627620678067
290.840047672391,-43.766845703125,41.3169928193092,77.8563537597656,26.2450520657535,-16.4142534030605,-10.1379687590879,-3.89029454219775,1007.11026545808,-31.3255467424893,345.009666130255,232.52826634037,-272.311975944187,-219.428925759654,0.238309930798179,3.29821235145138
291.020047701895,-43.8433837890625,34.9360914826393,77.0007629394531,26.0205339783137,-14.7614528550653,-9.47644093923043,-5.13964386579971,1007.90873889083,-32.7693027995424,342.268351013725,252.350288457282,-235.56810144455,-239.166376865351,0.234232233683541,3.30028000435966
291.2000477314,-43.6814575195313,29.0030871033669,75.7359008789063,25.8001950154613,-13.5352780781759,-8.78896281852764,-6.15904417536962,1008.81597712049,-33.9949317630418,339.426244368321,269.031020376111,-198.871412333254,-253.864571559502,0.230266950002679,3.30257395335457
291.380047760904,-43.3145141601563,23.5274420380592,74.0225830078125,25.5840155525204,-12.4405528103837,-8.15368864210342,-6.98505504138529,1009.81682497294,-35.0060335273448,336.514494329315,282.998821277136,-163.191909272907,-263.924230235141,0.226410440864437,3.3050839621677
291.560047790408,-42.8082885742188,18.4889479279518,71.8148803710938,25.3719896606669,-11.6647976265757,-7.58410976168082,-7.72311791008462,1010.90504211086,-35.8311593663748,333.577867270967,294.50257253227,-129.011368804849,-270.187358347729,0.222661096861182,3.30782517266112
291.740047819912,-42.2080993652344,13.8539190888405,69.0872192382813,25.1639910122596,-10.9120823017544,-7.04792728998052,-8.30153012027444,1012.05725017024,-36.4466482389306,330.610268573094,303.872572205252,-96.8295835051341,-273.246004986654,0.219012928169539,3.31076702971503
291.920047849417,-41.5193786621094,9.68141752481461,65.8313903808594,24.9595544696682,-10.2476075379043,-6.61492271052242,-8.87971658862625,1013.27180812443,-36.8831402674612,327.647237663048,311.363812297774,-67.3565303162563,-273.668480928074,0.215457162728784,3.31387447364355
292.100047878921,-40.8165130615234,5.96565634012222,62.0302734375,24.7588732028374,-9.50114469279892,-6.18301596800968,-9.49706641100144,1014.52628677898,-37.1511726993678,324.685030357369,317.186306430638,-40.9235944879075,-272.209189876299,0.211994844307154,3.31716949194657
292.280047908425,-40.1151885986328,2.71524411439896,57.6898193359375,24.561431387582,-9.19111537130033,-6.06817985227565,-10.0544765512831,1015.82451766851,-37.2834118381854,321.752439606155,321.546059490313,-17.671460696386,-269.585517993792,0.208615431497781,3.32059857255866
292.46004793793,-39.4959716796875,-0.101963520050049,52.8038024902344,24.3673662008986,-8.99831581263346,-6.07578008766929,-10.731228660926,1017.15165649824,-37.294849046954,318.844372616072,324.516483468617,2.47412149087357,-266.578581354837,0.205319628080237,3.32418128882587
292.640047967434,-39.0328826904297,357.471030294895,47.3957214355469,24.1764240059178,-9.14481493263516,-6.15351444177804,-11.6433456853976,1018.50392864186,-37.2111011585723,315.965328703756,326.047499585551,19.824837586324,-263.973091188681,0.202101151802238,3.32789041202938
292.820047996938,-38.7936401367188,355.375754415989,41.4952697753906,23.9883571718441,-9.93404501716878,-6.50348068884038,-13.2216176121404,1019.87124942177,-37.0548412339826,313.108702674559,326.074236511471,34.8331742121726,-262.382497390597,0.198954245691949,3.33169367889423
293.000048026443,-38.8016357421875,353.513327658176,35.1213073730469,23.8022123123528,-10.7215380149019,-6.75015677558902,-14.7274539150107,1021.14399027821,-36.8888316772511,310.314207619018,324.78800936737,48.428627254549,-261.820671740311,0.195860186498901,3.33542568060667
293.180048055947,-38.8643493652344,351.499045431614,28.3051147460938,23.6173509294504,-10.707189023756,-5.92034614631662,-15.3334600413402,1022.38888543441,-36.7286620135517,307.428378608094,322.973216082981,63.3337315273467,-260.883158216289,0.192812682364092,3.33906959677887
293.360048085451,-38.77685546875,349.28768068552,21.6258239746094,23.4322226522603,-10.3591631038722,-3.96295359521019,-14.5546369295458,1023.47938744277,-36.4903168174616,304.638020152909,321.259445281933,79.4982157148262,-258.564268577885,0.189782667058738,3.34234681305949
293.540048114955,-38.4924163818359,346.949057638645,15.2959899902344,23.2474048251644,-10.2287076204229,-2.43881305036564,-14.1682459320081,1024.55955704583,-36.1517323924497,301.855930818585,319.775842901729,96.4184053727226,-254.617527969828,0.186789154311533,3.34548740437913
293.72004814446,-37.9920349121094,344.505545675755,9.32760620117188,23.0644487073755,-10.4628906411117,-1.03435133349256,-13.8637117776952,1025.6293941142,-35.7098260569048,299.091021640339,318.507307119377,113.898729903383,-248.924936307786,0.183850294305173,3.34862219287752
293.900048173964,-37.2515716552734,341.93743044138,3.56341552734375,22.8837396417026,-10.6118165459648,0.24601065665113,-13.4625451731982,1026.82597808938,-35.1240247851431,296.251880954472,317.331195934262,132.249105891877,-241.235312331549,0.180974459214949,3.35187080468573
294.080048203468,-36.2281799316406,339.137442648411,-2.56509399414063,22.7072353538907,-10.6598875467972,1.50774157586017,-13.110252797432,1027.99277776371,-34.4289514074,293.470879777932,316.042785428512,151.749919465995,-231.241275613377,0.178185658480838,3.35541459063891
294.260048232973,-34.9267578125,336.254050314426,-8.62924194335938,22.5312433020451,-10.5449959948176,2.76364275420876,-12.8665928308351,1029.06931904176,-33.6429691585724,290.819221411534,314.580824055757,171.399757082483,-219.191003772075,0.175424471161459,3.35872209888584
294.440048262477,-33.3382568359375,333.39754396677,-14.4569702148438,22.3574001813694,-10.5220838856296,4.05906163997992,-12.3814622264318,1030.28108029273,-32.5584713911927,288.143184210588,313.20891995226,190.090857343627,-205.303240104121,0.172724893772125,3.36221101627578
294.620048291981,-31.4407348632813,330.833212912083,-20.0493469238281,22.1869398792963,-10.4794097751424,5.05679348819793,-11.752273402292,1031.47434625326,-31.3172073927963,285.580293655909,312.526494434246,206.319959303216,-190.114245858671,0.17009610327789,3.36590370822522
294.800048321486,-29.2723693847656,328.66316896677,-25.3965148925781,22.018624025073,-10.2963014389969,6.08913698890125,-10.9573573718061,1032.66749528377,-29.9780005153429,283.121033456507,312.736604517821,219.6714258075,-174.140484489945,0.167520103743395,3.36967940957326
294.98004835099,-26.8741149902344,326.914542257786,-30.4759216308594,21.8525563936626,-10.0130927019288,6.87136027528928,-10.2733457996699,1033.86744958986,-28.5615440416602,280.766953380591,313.91643423725,230.129153687413,-157.740542128363,0.164998139151788,3.37357176413913
295.160048380494,-24.408935546875,325.506644308567,-35.1938171386719,21.6889637742764,-9.17866802450622,7.74900825148286,-9.70909300294105,1035.04359820483,-27.2200937280011,278.625999422196,315.050505520894,238.73261940533,-141.898301845559,0.162531922573713,3.37762198687495
295.340048409998,-22.1805725097656,324.074118673801,-39.3738861083984,21.527125059648,-8.49363870863289,8.45275585256957,-9.10110407410104,1036.17813841559,-25.9295026951639,276.638980081431,314.462299377454,247.492655339802,-127.461609717224,0.16010833841015,3.38170506390468
295.520048439503,-20.2359924316406,322.534476339817,-42.9497680664063,21.3671063296501,-8.31887927614781,8.76845727629741,-8.41392212178189,1037.37758505351,-24.5072569848384,274.68829597282,312.123172039308,256.552917908188,-114.655327684499,0.157730673393069,3.38590838391802
295.700048469007,-18.4971618652344,321.135520040989,-45.8292999267578,21.2100200308086,-8.63642700482407,8.75277730090902,-7.82053945845607,1038.60975674957,-22.8971687375948,272.730652729991,309.55354025458,264.384836904346,-103.265492383074,0.155411726371337,3.3903573272331
295.880048498511,-16.9044799804688,319.984335958958,-47.9384002685547,21.0544929353028,-8.67249517447863,8.75540551067573,-7.38989750379159,1039.83249923994,-21.2516473793129,270.845526777476,307.252951171659,270.713781526105,-93.2552054010101,0.153130793318741,3.39484529393951
296.060048528016,-15.5144348144531,319.051077902317,-49.2030487060547,20.9003536118992,-8.58773000248246,8.69999268640973,-7.09962363794074,1041.04482370716,-19.5707202236227,269.027478085946,305.229907898432,275.721778358643,-84.8494055491173,0.150886257055682,3.39938132704927
296.24004855752,-14.4136962890625,318.33977419138,-49.8850250244141,20.7471442845171,-8.51300607226915,8.61306996317288,-6.94319657633531,1042.11320323006,-17.9606461434904,267.312997285337,303.538819474053,279.471502939959,-78.4046802460145,0.148668440063075,3.40383189436114
296.420048587024,-13.6054382324219,317.832785665989,-50.3629913330078,20.59256858885,-8.43277716846839,8.5013441726512,-6.81015935977464,1043.101669925,-16.3802516273876,265.657381608209,302.293386931098,282.055407068567,-73.8321656532914,0.146447926758973,3.40791231496748
296.600048616529,-13.1172180175781,317.534445822239,-50.6542053222656,20.4384837204606,-8.32481507570108,8.37008537026426,-6.67707865710304,1044.0853723723,-14.7891261356403,264.024725519722,301.57355021524,283.487593306624,-71.2472071612693,0.144253531664332,3.41197370778795
296.780048646033,-12.96240234375,317.441611349583,-50.7457427978516,20.2854902695093,-8.2059512593778,8.23672352199004,-6.55671332630899,1045.06742044969,-13.1926511154479,262.402738856032,301.416332605998,283.798666636618,-70.6737293537257,0.142090449438297,3.41605781489096
296.960048675537,-13.1443786621094,317.553580343723,-50.6339721679688,20.1337049326391,-8.07828526991594,8.10410284451278,-6.45046141847556,1046.05155690073,-11.5962479294793,260.780779571226,301.831449107487,282.99361055865,-72.1164366073579,0.139959818470312,3.42016689301973
297.140048705041,-13.6602478027344,317.872031271458,-50.3223724365234,19.9831538643685,-7.94655693279125,7.97786892016065,-6.36808523267646,1047.04139318058,-10.0052429442806,259.148146155308,302.797707537555,281.052789920648,-75.5741161461504,0.137861667749495,3.42430456821955
297.320048734546,-14.4776000976563,318.422873556614,-49.8381042480469,19.8338127257447,-7.91293505387048,7.7846893953791,-6.28133191699504,1048.01497167333,-8.40515404072827,257.476540575872,304.565475407016,277.665405805475,-80.8111931225544,0.13579491031473,3.42844905709983
297.50004876405,-15.3704223632813,319.426627218723,-49.2828521728516,19.6852398373323,-7.87987092659128,7.56218353852944,-6.19702801422,1049.10915826595,-6.70388080758173,255.688832199858,308.296440153632,271.656406296796,-86.8610381652824,0.13375617069945,3.43260325371421
297.680048793554,-16.0940551757813,320.730582296848,-48.4734344482422,19.5399120572526,-7.54993205686978,7.34584646372146,-6.30281456638895,1050.21948461364,-5.18642890986799,253.773426373428,313.205389975528,264.188794120581,-92.1710413620271,0.131776151399531,3.43710756314048
297.860048823059,-16.5921020507813,321.969992697239,-47.3285675048828,19.396037502888,-7.0360564109158,7.51972732853289,-6.59320006860855,1051.57539406798,-3.68839532056363,251.825416909556,317.486624295097,257.490884187248,-96.3842811926772,0.129833495855122,3.44178661182359
298.040048852563,-17.1057739257813,322.751975119114,-45.6826019287109,19.2568232046312,-6.59602527996148,7.38785740894969,-6.75426885605283,1052.97862019023,-2.24605216542321,249.876878518078,319.594571052242,253.379946791587,-100.237166709607,0.127964615284459,3.4470342158744
298.220048882067,-17.6723327636719,323.286795675755,-43.4820251464844,19.1190123318024,-6.63227266114772,7.03401954637483,-6.80020208005347,1054.30073216703,-0.695341090077664,247.930920227648,320.980362435548,250.018312940127,-104.173762009926,0.126123443159812,3.45224665677885
298.400048911572,-18.1639404296875,324.00252443552,-41.4158935546875,18.9801331473825,-6.67709803832892,6.63317581024402,-6.89797803863105,1055.49845576157,0.762771770424597,245.970969338392,323.206034394653,245.62324527493,-107.689267304944,0.124281093491922,3.45705747073791
298.580048941076,-18.3654479980469,324.810507833958,-39.9822692871094,18.8421789645596,-6.53097370102678,6.29404186548624,-7.00601318671853,1056.84178432366,2.22574571930504,243.887317905101,326.2066274752,240.822299685122,-109.471218594741,0.122471158203142,3.462019644919
298.76004897058,-18.1724853515625,325.613913595676,-39.2540435791016,18.7065173738235,-6.31563359969978,6.08252073997745,-7.03317079463507,1058.20827231001,3.65722758303709,241.795738637643,329.874212927574,236.006862157097,-108.968199886715,0.120702531861251,3.46715871107545
298.940049000084,-17.5608215332031,326.37508302927,-39.2406616210938,18.5723496687806,-6.08189722531326,6.26890645703509,-7.30396231247147,1059.60419023188,5.04976091435549,239.696893559568,334.0954403662,231.451620515366,-105.833725112011,0.11896713900122,3.47240078277231
299.120049029589,-16.4792785644531,327.145804464817,-39.8032989501953,18.4396188902067,-5.80675017408403,6.26576713616917,-7.17253292755488,1061.00539151425,6.46470182743716,237.636435399798,339.227001409882,226.545391653171,-99.9632861029318,0.117263444719539,3.47772708337742
299.300049059093,-15.0588989257813,328.152487814426,-40.5457611083984,18.308373405633,-5.61044096689179,6.18591749344138,-6.97984662251216,1062.42854901289,7.88091039607621,235.629550694389,345.704084017358,219.998436426056,-92.08533722363,0.11559179073082,3.48316779469765
299.480049088597,-13.2434997558594,329.49373537302,-41.4648284912109,18.1786709833269,-5.19362432929123,6.01773110597756,-6.69466431752096,1063.88803914829,9.26884924683144,233.665601217652,353.70899237927,211.180255382876,-81.749648675755,0.113952871738301,3.48873910297544
299.660049118102,-11.0527038574219,331.19490724802,-42.5272979736328,18.0509230394363,-4.61416327691789,5.80095647133859,-6.26321767100188,1065.42863187315,10.5769453345666,231.792549401465,362.706497575485,200.18996505543,-68.9782455602002,0.112351448014026,3.49454664684496
299.840049147606,-8.98101806640625,332.887839376926,-43.473876953125,17.9265369648488,-3.14702159728516,5.00365259301261,-5.1888263698465,1067.12980718321,11.6932476999054,230.15719527201,370.360347743573,189.600011247817,-57.2329031429523,0.11080476525554,3.50090666622798
300.02004917711,-7.28298950195313,334.35002809763,-44.2077941894531,17.8055764004161,-2.7698819164378,4.68414440495919,-4.75307319695711,1068.81487623171,12.8352825609544,228.478511708319,376.668379317809,179.861246012785,-46.4923790412265,0.109304964195024,3.50761492895612
300.200049206614,-5.36056518554688,336.055655539036,-44.9935760498047,17.6848866824182,-2.40839041154317,4.30158901126011,-4.29481007988069,1070.50224362847,13.9836492010418,226.815534236839,383.382984743616,168.102831901064,-33.9036260653475,0.107818850336311,3.51422937927346
300.380049236119,-3.39132690429688,337.893881857395,-45.7407836914063,17.5659331354293,-1.72220040947246,3.49687977359823,-3.40476836392594,1072.30811268816,14.9224012454688,225.346338636266,389.370454807493,155.984652762906,-21.2185178325201,0.106367271651476,3.52114908704154
300.560049265623,-1.50289916992188,339.716971457005,-46.4004211425781,17.4494879059692,-1.54310702919243,3.28517256958344,-3.16339965233212,1074.09337315897,15.9141256667991,223.844269300792,394.78260985619,143.080266535529,-8.08432373259957,0.104952257182016,3.52832109889448
300.740049295127,0.64495849609375,341.87557131052,-47.0818023681641,17.3336468130616,-1.17286610286627,2.76132512751752,-2.56765067164149,1075.92939762794,16.7928332366308,222.46606157742,399.927702348336,128.066630552445,6.88299636954207,0.1035556677034,3.53553507676545
300.920049324632,2.56539916992188,343.856589376926,-47.6233825683594,17.2201862919035,-0.799641599730514,2.02824854536311,-1.82269281104849,1077.84108648796,17.4345683500986,221.318326892347,403.537227492188,114.687880895419,19.8907263684889,0.102197376313998,3.54314510239638
301.100049354136,4.19195556640625,345.603629171848,-48.0343933105469,17.1085915158676,-0.68918289812018,1.84815050435055,-1.61389786366777,1079.74110604069,18.1431361001475,220.095087751442,406.139532734528,102.093550510545,31.9211628400887,0.100866243324469,3.55090836188708
301.28004938364,5.82766723632813,347.396109640598,-48.3964996337891,16.9975230805748,-0.552363442659747,1.30585206584021,-1.12398091912359,1081.67487683559,18.670624206704,219.052331917747,407.988980773649,89.7529949826478,43.3711917734239,0.0995512348346166,3.55871619401581
301.460049413145,7.10400390625,348.839102804661,-48.43017578125,16.8880250022961,-0.523209938197436,0.95980215763259,-0.781713672338759,1083.6141054958,19.1229032327642,218.091222424027,409.011208424773,79.7967165496289,52.2914977616738,0.0982618806662281,3.56671718344146
301.640049442649,8.052734375,349.953970968723,-48.0488891601563,16.7794109699288,-0.50248992107942,0.663330418518832,-0.560033509823157,1085.56058021779,19.5216538491459,217.165843910917,409.525603285199,72.1332647865393,58.9752124657064,0.0969901642835381,3.57477955132193
301.820049472153,8.88259887695313,350.90227419138,-47.9334411621094,16.6714747692374,-0.4487114719264,0.691828036371561,-0.599702213653816,1087.50772334469,19.9723143237026,216.182655933473,409.752825865962,65.1026313782782,65.2449051007333,0.0957340410359264,3.582867719456
302.000049501657,9.9029541015625,352.050253927708,-48.0630187988281,16.5639581113626,-0.458842556814888,0.653271345403963,-0.553666438661374,1089.45668654976,20.4360729718073,215.194279028197,409.715881927887,56.3807962090348,73.1201268625131,0.0944915586171609,3.59095362115483
302.180049531162,11.1652526855469,353.469595968723,-48.0243835449219,16.4570411928655,-0.476233040614755,0.504942380968883,-0.401494991187498,1091.40835255983,20.8157744012001,214.283961568765,409.231205044063,45.8428514124898,82.5869577324513,0.0932649928519256,3.59908872129811
302.360049560666,12.4602966308594,354.93059450388,-47.58349609375,16.3509167467038,-0.469969149295032,0.0953720219213889,-0.0347420350446495,1093.35414543318,21.0298468956887,213.523681126443,408.306607468734,35.5025098738827,91.7498900514232,0.092055559383605,3.60730060610621
302.54004959017,13.5130920410156,356.089407980442,-47.3571319580078,16.2455786573029,-0.538832827069126,-0.2052154450519,0.230198719468355,1095.28892785453,21.1562053511848,212.843950669605,407.236558299216,27.4265913402495,98.9908803598999,0.0908621220655157,3.61557138323804
302.720049619675,14.2606506347656,356.917655050755,-47.1267852783203,16.1408071388346,-0.604353465819718,-0.403710732203006,0.39188237987068,1097.21822996632,21.2332406314955,212.20052400512,406.315354389045,21.8469502951725,104.037527651603,0.0896823080073252,3.62386316594117
302.900049649179,14.7128601074219,357.400870382786,-46.4163360595703,16.036561282297,-0.657770922856647,-0.504269992855905,0.49839439219739,1099.13871590725,21.2897104259613,211.591562747855,405.731298296667,18.7245542549009,106.887866995012,0.0885155308582853,3.63216829473475
303.080049678683,14.86669921875,357.550131857395,-45.1720581054688,15.9328174730588,-0.666246467950524,-0.518419894884975,0.529738596311354,1101.05966930839,21.3453802945711,210.985442557705,405.555107032821,17.9528115973845,107.686634842147,0.0873616811796448,3.6404890281134
303.260049708188,14.8836364746094,357.541037619114,-43.2650604248047,15.82961323098,-0.57977101035475,-0.357722329901112,0.412505395387466,1102.99763448887,21.4571960161223,210.312099184473,405.504533706466,18.0761118405434,107.856862116787,0.0862212790390159,3.64883698624186
303.440049737692,14.9124450683594,357.512351095676,-40.6103973388672,15.7269600542476,-0.567097682994221,-0.302625935650629,0.380189726507638,1104.93485359376,21.5821886804913,209.646008431345,405.446301835991,18.2727896909789,108.043069668501,0.0850945204092776,3.65721236170423
303.620049767196,14.9586486816406,357.458731710911,-37.1902008056641,15.6248230392818,-0.566741303553355,-0.287137576253152,0.377651365352612,1106.8770671465,21.6933155377636,208.970643483077,405.324482385129,18.745013869402,108.418965555215,0.0839810434995588,3.66561154871817
303.8000497967,15.0227966308594,357.372122824192,-33.0041809082031,15.5232213207531,-0.57405845141072,-0.254421211446132,0.402291109885695,1108.81712046706,21.8200042570115,208.30892758518,405.182612623578,19.359138085434,108.841124679379,0.082880689880243,3.67403473837242
303.980049826205,15.0748596191406,357.289115011692,-28.0525512695313,15.4221366422551,-0.585153850503917,-0.225091383462602,0.446519904392996,1110.75956827577,21.9428208256787,207.646677696711,405.039832853852,20.0705280027141,109.243324950541,0.0817933209656786,3.68247883035556
304.160049855709,15.1498718261719,357.136405050755,-22.4313659667969,15.3215919995776,-0.587217063707706,-0.206278074099504,0.480710815957217,1112.70747003066,22.0574978988909,206.98440914314,404.83945950061,21.2289492585601,109.766379261894,0.0807191448652861,3.69095413581215
304.340049885213,15.2075500488281,356.987021505833,-17.1049041748047,15.2216043815437,-0.602943726826237,-0.126224201219525,0.541026589995141,1114.64659496002,22.2276215569108,206.342488205418,404.708563952075,22.0974150238027,110.077751639463,0.0796578799572464,3.69945378667986
304.520049914718,15.1953735351563,357.050131857395,-12.5012817382813,15.1220660119849,-0.632927664024795,-0.0351435931332161,0.574231091646925,1116.58235052105,22.4423931802404,205.705315556984,404.794898178073,21.2641121656361,109.924588604942,0.0786084194089832,3.7079572700732
304.700049944222,15.1471557617188,357.323782980442,-8.62265014648438,15.0230412545998,-0.613841117492874,-0.0639479260633953,0.567148082607514,1118.53167961382,22.5670868334085,205.047137978277,404.968949402051,19.3225558195072,109.641922979433,0.0775715702351408,3.71648860171946
304.880049973726,15.1141967773438,357.63387209177,-5.47299194335938,14.9246148269622,-0.628066529574696,0.00617118223234875,0.577286920758158,1120.4792387632,22.7373382248608,204.394725187726,405.14665162175,16.7080680856209,109.415262295436,0.0765477544373542,3.72505649630468
305.060050003231,15.0772705078125,358.180960714817,-3.0523681640625,14.8266838092708,-0.618052187744059,-0.00160135285163726,0.573057886953744,1122.43266586889,22.8544539272073,203.73712320831,405.347271851606,12.6836882220176,109.212843209688,0.07553606803918,3.73364387498961
305.240050032735,15.0648803710938,358.624533712864,-1.36080932617188,14.7293158297886,-0.613973238357591,-0.0671461769197923,0.570388676374145,1124.3936002411,22.8437173383609,203.072919847466,405.426607195119,9.78187010614551,109.217309155215,0.0745369646603057,3.74226508977518
305.420050062239,15.1665649414063,358.796225607395,-0.29864501953125,14.632483429977,-0.61027589515344,-0.0955901200602702,0.498821070230443,1126.3636996293,22.8127963390927,202.387094114316,405.221442745996,8.88430282896102,110.052892952563,0.0735502959858095,3.75091862371981
305.600050091743,15.230224609375,358.774191915989,0.22235107421875,14.5361577495015,-0.618479984999815,-0.0470816452107499,0.619571284594724,1128.31378285567,22.8488327332144,201.781135489733,405.137514810065,9.03941631220743,110.349278136805,0.0725752297047129,3.75958815725492
305.780050121248,15.3311157226563,358.774893820286,0.221282958984375,14.4401445638958,-0.594806070483552,-0.0115876217878746,0.541283650970565,1130.26077884091,22.9339537096028,201.081340427492,404.894088137796,8.83148706680397,111.256018261889,0.0716098593263783,3.76822304708812
305.960050150752,15.4161987304688,358.947501242161,0.12994384765625,14.3435978635631,-0.631939243028728,0.0426998625345461,0.672184203126634,1131.94204623586,23.0896845066493,200.438986554673,404.817472316322,7.32612265020998,111.643959956621,0.0706433486837969,3.7764604754764
306.140050180256,15.4103088378906,359.158988058567,0.04541015625,14.2464799327417,-0.610894732004361,-0.0348650832021861,0.640971823633885,1133.82322108324,23.0388724674082,199.779807101951,404.848094726028,6.13118741086045,111.604917450998,0.0696831137384097,3.78471110023138
306.320050209761,15.43310546875,359.162711203098,-0.009246826171875,14.1507102339346,-0.59573332405895,-0.0156543153779996,0.596392052742687,1135.71265787347,23.0723205311253,199.09260098364,404.756420148364,6.0088277980548,111.944044453475,0.0687406811941856,3.79307574381459
306.500050239265,15.5946350097656,359.28703981638,-0.0616455078125,14.0556850481914,-0.610418092714801,-0.0213116399231322,0.651419452969831,1137.5595804444,23.1051746123857,198.447486424761,404.48586875943,5.25474447412729,112.955866288443,0.0678119984939972,3.80151916985915
306.680050268769,15.6049499511719,359.293967306614,-0.09930419921875,13.9616071002899,-0.604755416609638,-0.0220922167838907,0.638433332395449,1139.52279386415,23.1218010264089,197.857662391805,404.521001226374,5.19174279506173,112.833389949386,0.066899663562429,3.81018400164399
306.860050298274,15.2970886230469,359.287619650364,-0.12646484375,13.8687602748105,-0.658692809444724,-0.0270315354035634,0.758379855871478,1141.45342089826,23.1479240291757,197.379980961126,405.342143270796,5.20930457679548,109.846280767067,0.0660039025507316,3.81901020099853
307.040050327778,14.2753601074219,359.285697042942,-0.15625,13.7763635703993,-0.675002015923453,-0.0240613953922615,0.754724550010164,1143.38297311035,23.18012117482,196.910899628504,407.45951413322,5.21329240596247,101.710493436425,0.0651174393395571,3.82782698512463
307.220050357282,12.8621215820313,359.292105734348,-0.1834716796875,13.6845654362265,-0.519142064550853,-0.0147184829025599,0.431578934298635,1145.39150033029,23.2055914197939,196.155879485303,409.756940229196,5.25288919490965,92.0175537514811,0.0642424661003707,3.83671603632239
307.400050386786,11.7427978515625,359.287741720676,-0.200347900390625,13.5934347983016,-0.473604639381245,-0.0115815370547701,0.280538823979543,1147.40979343958,23.2336693229242,195.36367238447,411.480294138972,5.28623422884668,83.9746624439731,0.0633799320117407,3.8456826847378
307.580050416291,10.3262939453125,359.28084474802,-0.216888427734375,13.5027642619632,-0.48481836780029,-0.0107102426167029,0.31592066386647,1149.39877503957,23.2662108880646,194.715235889872,413.589753041218,5.33292585888969,72.8735654645027,0.0625271603391512,3.85466194567484
307.760050445795,8.21316528320313,359.268240988255,-0.2305908203125,13.412577650151,-0.437698502465658,-0.0139249905794783,0.146986784381293,1151.41704436493,23.296959930397,193.931844121564,416.04756618987,5.44119844641957,57.1843842288148,0.0616838714523915,3.8636627656007
307.940050475299,6.13638305664063,359.254996359348,-0.2418212890625,13.3228630144653,-0.371980049679408,-0.0110354686762587,-0.186419335691583,1153.48228546686,23.3230527743427,192.825486954776,417.781558998427,5.53580094671237,42.7025684244144,0.0608507155521272,3.87268824796156
308.120050504804,4.57736206054688,359.24407106638,-0.253662109375,13.233425147562,-0.367553422238564,-0.0145902197795286,-0.404526794681212,1155.55417877704,23.3582142512969,191.616685923881,418.734590933093,5.58091430155215,32.0332679516487,0.060026526336826,3.88169841156743
308.300050534308,3.5802001953125,359.238516867161,-0.2659912109375,13.1442624278361,-0.376474553028386,-0.0116722915055155,-0.536223448699985,1157.62884988622,23.3885723095395,190.34986586634,419.184912550504,5.64443886437852,25.4626573962901,0.0592114202404423,3.89070121917675
308.480050563812,3.14837646484375,359.23284059763,-0.276580810546875,13.0554013544013,-0.38447671002641,-0.0194632662070616,-0.596453932480246,1159.70520468457,23.4201441696451,189.057147974594,419.328513601601,5.63710342809381,22.9819460253615,0.0584055155984239,3.89970828017837
308.660050593317,3.11672973632813,359.235159933567,-0.28466796875,12.96694511841,-0.357750635948214,-0.0115508744417877,-0.493748957175398,1161.7826321396,23.4528453988566,187.8602206295,419.334660534343,5.6507881526542,22.8675394483681,0.0576095794980956,3.90875814397095
308.840050622821,3.24972534179688,359.234610617161,-0.290740966796875,12.8789980102792,-0.363685985288957,-0.011629769336015,-0.497978266523625,1163.86241548137,23.4917855536517,186.643759322475,419.268900495477,5.61198990375992,24.0536426931411,0.0568238354739227,3.91786173728671
309.020050652325,3.33200073242188,359.235312521458,-0.29833984375,12.7914906256811,-0.347172965657622,-0.00682507346676578,-0.358958890748655,1165.9388509325,23.5203207668717,185.550091313869,419.247401183584,5.63907270541104,24.4211990843592,0.0560474441175859,3.92701593478119
309.200050681829,3.3348388671875,359.234763205051,-0.306915283203125,12.7044051594419,-0.346342852341859,-0.0123748126109084,-0.346381944677377,1168.02099952424,23.5505116143827,184.400466632336,419.245055329265,5.63985722991229,24.4620281409891,0.0552799920111081,3.93620312152932
309.380050711334,3.47506713867188,359.245474874973,-0.3128662109375,12.6175732240462,-0.352360996924893,0.00187128132067357,-0.400041339776117,1170.10614904649,23.5821287212192,183.19303934206,419.170314245951,5.6036421099688,25.7200668721393,0.0545202685565413,3.94539703993731
309.560050740838,3.56298828125,359.250968039036,-0.3194580078125,12.5310605125064,-0.346575136711576,-0.00701456619495333,-0.292361710931288,1172.18705515951,23.6193433052304,182.115961613785,419.147154662359,5.52519315387831,26.1123647749127,0.0537687725030783,3.95463778542513
309.740050770342,3.56585693359375,359.256369650364,-0.325347900390625,12.4448800947645,-0.345523700722657,-0.00897719408493997,-0.29087525029696,1174.27428593545,23.6500883851175,180.979563571714,419.146227383641,5.49927987484575,26.133846486745,0.0530252301031507,3.96391216191188
309.920050799847,3.56887817382813,359.249075949192,-0.33038330078125,12.3589184734266,-0.344996378324663,-0.0117637890108185,-0.281508415778372,1176.3632667549,23.6788098185627,179.844188554506,419.144792956534,5.51547735736781,26.155246970462,0.0522887979077407,3.97320897434474
310.100050829351,3.5718994140625,359.241568624973,-0.334869384765625,12.2731522512603,-0.344331103441659,-0.0108459449571182,-0.273103581040391,1178.45413927857,23.7091676832904,178.709883462498,419.142486012016,5.59018929355798,26.1774127284356,0.0515593679686071,3.98253413509906
310.280050858855,3.5748291015625,359.243186056614,-0.337982177734375,12.187589309707,-0.343728686167225,-0.0122917107044886,-0.263813583862442,1180.54703988532,23.7391529385977,177.576646270593,419.141287574029,5.57870658120823,26.2001864367875,0.0508367842954201,3.99188745148549
310.46005088836,3.57794189453125,359.237784445286,-0.34075927734375,12.1023765347169,-0.342973179420652,-0.0122723866956297,-0.258182663321318,1182.6417403421,23.7667558860118,176.444426126475,419.138913939611,5.65476439057708,26.2227082708918,0.0501222846120167,4.00126968723272
310.640050917864,3.58108520507813,359.229483664036,-0.342254638671875,12.0175643296905,-0.342405715139047,-0.0137317419234738,-0.248015752595178,1184.73787534191,23.8059984713853,175.313316365559,419.13767671664,5.64813505605963,26.2446044293888,0.0494162779075167,4.01067914776928
310.820050947368,3.58389282226563,359.236594259739,-0.34466552734375,11.9331538395473,-0.341675244738253,-0.0136741996477667,-0.240726434597166,1186.83639414306,23.8358995415897,174.183220635335,419.136719571399,5.62715314801325,26.2658387291162,0.0487186773033252,4.02011713215326
311.000050976872,3.58706665039063,359.232047140598,-0.3458251953125,11.8491613785256,-0.341268621356905,-0.0134684242782708,-0.229573530104328,1188.93669294418,23.8716980284044,173.054215898202,419.1356961997,5.60208655681243,26.2886615098638,0.0480294865611661,4.02958441893664
311.180051006377,3.58999633789063,359.251334249973,-0.348663330078125,11.7655801540423,-0.340688372876443,-0.00582475441768776,-0.224057580737261,1191.03870164633,23.8984277105058,171.926181478306,419.134453140029,5.59447441704917,26.3114001930465,0.0473486245459267,4.03907903819945
311.360051035881,3.59310913085938,359.242636740208,-0.3489990234375,11.6824178664654,-0.339812328909448,-0.0100790682290846,-0.216853704306031,1193.14270887113,23.936840345199,170.799273858685,419.133292540721,5.58341616604981,26.3333513934257,0.0466761041429225,4.04860227263746
311.540051065385,3.5960693359375,359.236014425755,-0.349456787109375,11.5996847973344,-0.339253427513521,-0.0106994293476783,-0.210146915274101,1195.24867436934,23.9658094039443,169.673352311188,419.13132921599,5.63213364349877,26.354801195266,0.0460118679747344,4.05815533534964
311.72005109489,3.59912109375,359.229147970676,-0.34979248046875,11.5163448844784,-0.338626177373288,-0.0105183628860983,-0.201455742642984,1197.35652629335,23.9975782353695,168.548501683746,419.12932250979,5.68470618419436,26.3763005591195,0.0453455372667422,4.06716154469475
311.900051124394,3.60226440429688,359.230612814426,-0.3504638671875,11.431444105924,-0.337823815083917,-0.0103123438698117,-0.194860006150186,1199.46629825548,24.0354216110692,167.424743492724,419.127756747094,5.69155921548871,26.4010932138261,0.0446742448988696,4.07567233110841
312.080051153898,3.605224609375,359.229727804661,-0.351165771484375,11.3464944967812,-0.33712071371003,-0.0100647639471547,-0.187142459491745,1201.57796118193,24.0700604242924,166.302014829713,419.127250939302,5.63809732448886,26.4214157756488,0.044007809756663,4.08402047268741
312.260051183403,3.60842895507813,359.220419943333,-0.3499755859375,11.2615171516122,-0.336424852553586,-0.00573715485941492,-0.179365528307554,1203.69146445293,24.098236353,165.180283089561,419.124016087075,5.76543039919848,26.446363227692,0.0433463760436465,4.09220834996985
312.440051212907,3.61117553710938,359.227377951145,-0.350372314453125,11.1765444406086,-0.335188969185056,-0.0130591053501717,-0.173382225281354,1205.80709063515,24.1240012531635,164.059596434346,419.123314628043,5.72470063786186,26.4666904343913,0.0426901782220818,4.10024022448742
312.620051242411,3.61428833007813,359.223898947239,-0.349884033203125,11.0916055351616,-0.334752433412256,-0.0069585518408348,-0.163847562143077,1207.92460071675,24.158933425873,162.940031801103,419.121075983131,5.78322757212191,26.4901529831329,0.0420393913811944,4.10811915232038
312.800051271915,3.61727905273438,359.223471701145,-0.350067138671875,11.0067233303306,-0.333857105883194,-0.00519395121529619,-0.157484561245599,1210.04384478769,24.1982985769485,161.821532139992,419.120040688407,5.76094098925439,26.5120562584073,0.0413942025316807,4.11584938368007
312.98005130142,3.620361328125,359.215506613255,-0.348663330078125,10.9219219840987,-0.332506360715166,-0.0102360252956338,-0.15397824667279,1212.16486316933,24.2299262811421,160.704004562391,419.118484417391,5.78622713431888,26.5319605717065,0.0407548008830368,4.12343240747234
313.160051330924,3.623291015625,359.225882589817,-0.3487548828125,10.8372305253932,-0.331738024820532,-0.00535454218829202,-0.147933595167006,1214.28803714643,24.2707120769519,159.587598716729,419.118615077596,5.67421174376038,26.5549419775057,0.0401213451090127,4.13087402713292
313.340051360428,3.626220703125,359.24504762888,-0.349456787109375,10.7526789450427,-0.330761404429486,-0.00754957398547779,-0.141945047989377,1216.41327266778,24.2996778317637,158.472165161628,419.118522173278,5.58161387183924,26.5770293615956,0.0394940166546777,4.13817735883859
313.520051389933,3.62899780273438,359.261710226536,-0.350250244140625,10.6682832934926,-0.329692931408029,-0.00353411807734965,-0.13755895749411,1218.54033451483,24.3327198262242,157.357795679242,419.118750213245,5.46682683797038,26.598149555063,0.0388729002657945,4.14534600382755
313.700051419437,3.63192749023438,359.263419210911,-0.34954833984375,10.5840679670513,-0.32854202178082,-0.0105370760267535,-0.132309407595316,1220.66948856004,24.3578743402302,156.244421942959,419.117802336396,5.44238144187127,26.6189232682304,0.0382581794926458,4.15238418202849
313.880051448941,3.63497924804688,359.262076437473,-0.348876953125,10.5000612116474,-0.327453667452977,-0.0069287685989681,-0.126616137560763,1222.80047885443,24.3932880306401,155.132163421575,419.11647827051,5.43891167463468,26.6413473486251,0.0376500018211417,4.15929613493559
314.060051478446,3.63815307617188,359.262473165989,-0.348114013671875,10.416287427357,-0.32665147114801,-0.00747109977255857,-0.118267991917604,1224.93323154496,24.4291312994481,154.020953581131,419.115055384449,5.43622004237705,26.6643860019472,0.0370484423210131,4.16608539904025
314.24005150795,3.64083862304688,359.270285665989,-0.347747802734375,10.3327591342657,-0.325513245245756,-0.0131495465028285,-0.115557282292934,1227.0680998199,24.4517578931895,152.910706075658,419.114551103015,5.37745284108236,26.6852741957138,0.0364536078453873,4.17275543213229
314.420051537454,3.64382934570313,359.269644796848,-0.34735107421875,10.249503372413,-0.324281344075287,-0.011116660429252,-0.1110954882136,1229.20498705376,24.4756382555665,151.801505966969,419.112977906913,5.40012532793938,26.7067779641463,0.0358656193707377,4.17931232141115
314.600051566958,3.64715576171875,359.262473165989,-0.346343994140625,10.1665448083845,-0.323160850354061,-0.00956836911057299,-0.109714774743144,1231.34315067662,24.5263876346829,150.693483253308,419.112082287968,5.35888680635042,26.7294731830981,0.0352845377398302,4.18575847517252
314.780051596463,3.65017700195313,359.264334738255,-0.345947265625,10.0838912655691,-0.321991926670037,-0.00490341957259885,-0.102769043315489,1233.4836857542,24.5438109561313,149.586309860099,419.109247595702,5.47253454795167,26.7520714664035,0.0347104406759257,4.19209823151228
314.960051625967,3.65298461914063,359.259787619114,-0.3450927734375,10.0015721761977,-0.320892773233804,-0.00809279306673899,-0.0978220646204948,1235.62634971753,24.5749733782126,148.480286994544,419.10760081772,5.49080326986527,26.7743851347255,0.034143475665717,4.19833765700761
315.140051655471,3.65606689453125,359.25627809763,-0.343902587890625,9.91960783800278,-0.319677449664555,-0.0117669114188312,-0.090175477952334,1237.77097275636,24.6097790618971,147.37535158684,419.106252172308,5.48984802022724,26.7964153657806,0.0335836308478459,4.20448103793162
315.320051684976,3.6591796875,359.25969606638,-0.342987060546875,9.83800872083201,-0.31833652804788,-0.00815013975977882,-0.0884326175290532,1239.91753814771,24.6461600858296,146.271464459585,419.105369969517,5.44919287243955,26.8186504007256,0.0330309870717425,4.21053205592309
315.50005171448,3.66244506835938,359.237204611301,-0.34027099609375,9.75679623223485,-0.317109950539031,-0.00776132657968784,-0.0842188934578693,1242.06523184802,24.6838394520417,145.168581809918,419.102950127444,5.53163312585027,26.840531088839,0.0324855530873002,4.21649439724819
315.680051743984,3.66522216796875,359.260275900364,-0.341156005859375,9.67597617634889,-0.316173846577631,-0.00376101859433935,-0.0790904755862668,1244.21551867873,24.7101529351134,144.066706025658,419.102367902476,5.46862867003297,26.8628772378234,0.0319473529736926,4.22237194116455
315.860051773489,3.66799926757813,359.266257345676,-0.341033935546875,9.59557184046506,-0.314741996585527,-0.00794621926951666,-0.0747825442370522,1246.36818546784,24.7336441751169,142.965882376945,419.101142613312,5.45860710670715,26.8847080012197,0.0314164774728224,4.22817302309556
316.040051802993,3.67111206054688,359.258292257786,-0.339569091796875,9.51560026253756,-0.313514680629172,-0.00650534083136506,-0.0706834552231344,1248.52255056736,24.7648427548809,141.866141628997,419.098357796441,5.55646759912542,26.9087362745108,0.0308929396027185,4.23389972338001
316.220051832497,3.67416381835938,359.246848165989,-0.33831787109375,9.43607246045211,-0.312207698704823,-0.00648726219007001,-0.0673273636731757,1250.67869663566,24.7945860861696,140.767426635643,419.096161406733,5.61506116038597,26.9320526903338,0.0303767035831806,4.23955617566738
316.400051862001,3.67697143554688,359.258109152317,-0.33837890625,9.35699575225951,-0.310622609492377,-0.00876077679214557,-0.0638997625529266,1252.83695616325,24.8280879034803,139.669797138463,419.096230233278,5.51584432912298,26.9516057648547,0.0298677823736575,4.24514876380598
316.580051891506,3.6796875,359.278067648411,-0.338897705078125,9.27838519143926,-0.309595449354631,-0.0110806633519945,-0.0617798751007064,1254.99708093526,24.8607365207542,138.573184903649,419.097249804133,5.3408414674439,26.9715537498709,0.0293661570086323,4.25068047427976
316.76005192101,3.68276977539063,359.280325949192,-0.338623046875,9.20024971263271,-0.308162548537261,-0.00965166747890484,-0.058410118578555,1257.15945966053,24.8910286874452,137.477616463536,419.096118916953,5.32172925479216,26.9933786793488,0.0288718524236733,4.2561568408592
316.940051950514,3.68582153320313,359.276541769505,-0.337249755859375,9.1226031198234,-0.306703369460661,-0.0114530175812362,-0.0559925438427805,1259.32355916908,24.9285126374659,136.383120194075,419.094826063782,5.31841494201116,27.0146806618536,0.0283848285814689,4.2615827371724
317.120051980019,3.68890380859375,359.275504171848,-0.33599853515625,9.04544897059886,-0.305361911665596,-0.00752378676527461,-0.0535013127293536,1261.48997401197,24.9566681481372,135.289618092022,419.092553480931,5.38505794687431,27.03763660106,0.0279050292755443,4.26696251221143
317.300052009523,3.69189453125,359.262717306614,-0.334197998046875,8.96879495019287,-0.304083039350734,-0.00878104309425365,-0.0499432236167427,1263.65826012967,24.9869078528801,134.197169666605,419.09049334345,5.43492405163193,27.0594467757608,0.027432466449214,4.27230180417712
317.480052039027,3.6949462890625,359.266562521458,-0.333221435546875,8.89264810485492,-0.302998205655972,-0.0048126023487351,-0.0480687684548486,1265.82847424733,25.0231261406228,133.105799594788,419.088846009215,5.45256665705186,27.082546001451,0.0269670726237809,4.27760459764762
317.660052068532,3.69778442382813,359.265311300755,-0.332427978515625,8.81701599890466,-0.301345254215832,-0.00847803306222272,-0.0438338407112431,1268.00085617316,25.0480247709169,132.015410473758,419.087797283776,5.42924240626314,27.1032275619656,0.026508763126817,4.28287512903163
317.840052098036,3.7008056640625,359.268515646458,-0.33160400390625,8.74190024164432,-0.300048807989388,-0.00893085297221932,-0.0409578692779681,1270.17506464296,25.0883823742104,130.926159245815,419.086946936405,5.39133944354363,27.1248621267719,0.0260575219162529,4.28811967971932
318.02005212754,3.70370483398438,359.273764669895,-0.33111572265625,8.66730553764539,-0.298442769522443,-0.00741672462362998,-0.0387810662635771,1272.35136148395,25.1124151023666,129.837851643764,419.085428844217,5.40239973545773,27.1472893362264,0.0256132893249779,4.29334166692042
318.200052157044,3.70681762695313,359.264212667942,-0.32940673828125,8.59323339125934,-0.297028132029664,-0.00940985240081868,-0.0358787441202745,1274.52960422451,25.1495912482786,128.750668790488,419.083950909394,5.41313713966721,27.1680095630535,0.0251759622746612,4.29854682422021
318.380052186549,3.70919799804688,359.271140158176,-0.31683349609375,8.51967962321002,-0.295949490143124,-0.0059184704678661,-0.0351122646123697,1276.70941264788,25.1836487078814,127.663549150176,419.083278755486,5.3784389143977,27.1857157607354,0.0247454742288116,4.30373891799593
318.560052216053,3.71218872070313,359.275137960911,0.047088623046875,8.44664169982209,-0.294939391009894,-0.00909886940658927,-0.0388692203845162,1278.88847128025,25.2140890759349,126.579245702857,419.082333799674,5.36268221365306,27.2038358413254,0.0243216766922338,4.30891695469816
318.740052245557,3.71524047851563,359.279837667942,0.303802490234375,8.37411539895157,-0.293579719781217,-0.0111314592675394,-0.0397215962722781,1281.06849548567,25.2377352481218,125.494628530135,419.079611935572,5.3541097736086,27.2479640317356,0.0239045224520982,4.31408764848771
318.920052275062,3.71774291992188,359.277823507786,0.361602783203125,8.30210538356349,-0.291860586518956,-0.0100782053012921,-0.0350627462183221,1283.25243853958,25.269208728043,124.411945866182,419.081248636857,5.36608298101426,27.2210893882612,0.0234939177141286,4.31926216597225
319.100052304566,3.71963500976563,359.276358664036,0.51092529296875,8.23061782712508,-0.290418271665721,-0.00973899955715613,-0.0330283293420128,1285.43846143493,25.301934153521,123.330198427162,419.07733786377,5.34245771532675,27.2859597927692,0.0230898592889269,4.32444572266556
319.28005233407,3.72372436523438,359.269309103489,0.42181396484375,8.15964415407472,-0.288803018372894,-0.00891992035172579,-0.0289527169746602,1287.62880659998,25.3337937952355,122.248762266014,419.076156411284,5.38893434775412,27.2953430198547,0.0226921796722831,4.32964537619975
319.460052363575,3.72686767578125,359.269797384739,0.323272705078125,8.08918607609904,-0.287197887441625,-0.00432165591429198,-0.0233803400412952,1289.82113125063,25.3603508581634,121.168934709513,419.073546800545,5.45425228010382,27.322980405397,0.022300834874096,4.33486642972731
319.640052393079,3.73001098632813,359.269492208958,0.232269287109375,8.01922343604895,-0.285638896466806,-0.00589353125318322,-0.0208548115470276,1292.01553903789,25.396362239048,120.089997241515,419.072969630954,5.41951471173953,27.3391249671632,0.0219156275552855,4.34010865491036
319.820052422583,3.73300170898438,359.270621359348,0.142669677734375,7.94975019305099,-0.284095517886743,-0.00714805607825361,-0.0178031144870484,1294.21168210582,25.4284132529726,119.019117749678,419.078763894283,5.40227296449855,27.2535607452648,0.0215364549548577,4.34537999069754
320.000052452087,3.523193359375,359.267966330051,0.066131591796875,7.88077065804364,-0.282783498568786,-0.00813756202933461,-0.0118805014556141,1296.4052560171,25.4608199945102,117.9882313914,419.182445533586,5.41777367868549,25.606820731199,0.0211631383136644,4.35068350037499
320.180052481592,3.45266723632813,359.268424093723,0.00213623046875,7.81222548683798,-0.280982294265566,-0.00651430070033279,-0.0270234267290387,1298.60808512679,25.4891114952899,116.841892739182,419.20026169672,5.42623556629467,25.3122951181071,0.0207954807050105,4.35600904934268
320.360052511096,3.45574951171875,359.268118917942,-0.050872802734375,7.74413466098202,-0.279202987658514,-0.00698794012771069,-0.0218882719090041,1300.81158805505,25.5221260915867,115.753640336815,419.199204616032,5.41561611817222,25.3324776479152,0.0204335552089487,4.36138531080755
320.5400525406,3.45880126953125,359.268454611301,-0.094818115234375,7.67649503822105,-0.277741543400855,-0.00691132590356267,-0.019744027819545,1303.01710217439,25.5543773420242,114.66641330427,419.197703088839,5.42958478663388,25.3543241446391,0.0200771472024057,4.36681195310443
320.720052570105,3.46173095703125,359.266959249973,-0.13128662109375,7.60893952749271,-0.276481870447238,-0.00661011865713826,-0.0171445787284444,1305.22464817504,25.588025638314,113.580219639737,419.196672927472,5.41717705097584,25.3756531282347,0.0197244840803919,4.3722906222878
320.900052599609,3.4647216796875,359.266654074192,-0.16156005859375,7.54072849074247,-0.274792897162508,-0.00614422089319829,-0.0146214666667988,1307.43431883197,25.6159691037498,112.495046436714,419.19489946422,5.44628433164432,25.3982477978362,0.0193716100139971,4.37782612135571
321.080052629113,3.46771240234375,359.265616476536,-0.186676025390625,7.47183241770867,-0.273219606092688,-0.00666602211821166,-0.0138518753256025,1309.64581545451,25.6496616100502,111.410911988639,419.193575628144,5.44723336132276,25.4201943402344,0.019018487374129,4.38342381192648
321.260052658618,3.47061157226563,359.267539083958,-0.20770263671875,7.40226408024343,-0.271729636134045,-0.00838944146610862,-0.0123393618659667,1311.85941668601,25.6838607958806,110.327812733095,419.192738491222,5.41604748420828,25.441093128599,0.0186652081092018,4.38908854210652
321.440052688122,3.47366333007813,359.27141481638,-0.225128173828125,7.33202211418982,-0.270085192233585,-0.0055615308056602,-0.00982830130602902,1314.0750617982,25.7201757470159,109.245760026574,419.191968277844,5.37131401440495,25.4633928266403,0.0183119039251185,4.39482534992031
321.620052717626,3.47665405273438,359.273459494114,-0.23944091796875,7.26111423547747,-0.268457538176618,-0.00614502614840863,-0.00920957133876904,1316.29284484648,25.7455614933489,108.164691163259,419.190270077711,5.40066636197105,25.4853182428164,0.0179586992600451,4.40063949283139
321.80005274713,3.47964477539063,359.272574484348,-0.25115966796875,7.18954362373144,-0.266684107949913,-0.00700049438036371,-0.00734401678926422,1318.51254796545,25.7801516295011,107.084692854027,419.189451141556,5.36633684133261,25.5063343638395,0.0176056873772875,4.4065365259459
321.980052776635,3.48257446289063,359.274191915989,-0.2607421875,7.11730852154651,-0.264931211582186,-0.00612041892370482,-0.00461585148012078,1320.73457444996,25.8075816669478,106.005710902668,419.187733494398,5.39469915381979,25.5290766271476,0.017252989344581,4.41252126062975
322.160052806139,3.485595703125,359.272269308567,-0.2681884765625,7.04441852212278,-0.263144542714055,-0.00578914179106278,-0.00329052871607322,1322.9585268021,25.8394738471329,104.927780809275,419.186185692229,5.4128338245931,25.5510727849992,0.0169007077587027,4.41859979548913
322.340052835643,3.488525390625,359.276694357395,-0.274749755859375,6.97086934752807,-0.261366158089531,-0.00708091120667226,-0.00280686601002933,1325.18459196302,25.8753582938705,103.850906373818,419.185202233546,5.38700493172855,25.5727970902326,0.0165489646147723,4.42477641979797
322.520052865148,3.49154663085938,359.273795187473,-0.27972412109375,6.89666700685817,-0.259547537769924,-0.00555746766902254,-0.00200381329943466,1327.41274452834,25.9040681569083,102.775025190421,419.183463166326,5.42033864817667,25.5949633542913,0.016197846825298,4.43105698773009
322.700052894652,3.49444580078125,359.265006124973,-0.28369140625,6.82181189750167,-0.257663234278261,-0.00670077765029177,-0.00182477242797591,1329.64291473566,25.9324142914781,101.700170353487,419.181854529529,5.44594589905918,25.6160616408684,0.0158474912814759,4.43744600872179
322.880052924156,3.49758911132813,359.262167990208,-0.286834716796875,6.74629996784858,-0.255818965704372,-0.00509657618984993,0,1331.8750707512,25.9676486997267,100.626386184065,419.179924519515,5.48737656909716,25.6390439432099,0.0154979528462655,4.4439499779316
323.06005295366,3.50051879882813,359.268179953098,-0.290313720703125,6.67013803582176,-0.253738791085149,-0.00565840110995329,0,1334.10932210359,26.0017707610304,99.5536358118712,419.179246335811,5.43598760032931,25.6610613336207,0.0151493818156365,4.45057445599001
323.240052983165,3.50347900390625,359.270499289036,-0.292205810546875,6.5933238503451,-0.25192154502502,-0.00638073983020096,0.00178561700212831,1336.34575312964,26.0320192806646,98.4819071660251,419.178112033802,5.42625476859341,25.6831606407678,0.0148018413189687,4.45732427208431
323.420053012669,3.50662231445313,359.268668234348,-0.293731689453125,6.51585827881713,-0.249778644785069,-0.00502082360654711,0.00267935347421661,1338.58390225603,26.07896536371,97.4112880548172,419.177309308862,5.39086949480493,25.7038171677587,0.0144554463221708,4.46420544963291
323.600053042173,3.50949096679688,359.272482931614,-0.2947998046875,6.43773179991724,-0.247545549405502,-0.00621633507288344,0.00304726121942345,1340.82451705343,26.1005999161857,96.3415796640487,419.176088890841,5.37812575323414,25.7265734855299,0.0141102743574929,4.47121674046768
323.780053071678,3.51248168945313,359.27059084177,-0.295074462890625,6.35889508679963,-0.245506322549753,-0.00449960791248585,0.00368642789185017,1343.06723072387,26.1290130673798,95.2729537599992,419.173969937718,5.43963854226983,25.7483759611877,0.0137661944896129,4.47832772787064
323.960053101182,3.515380859375,359.274100363255,-0.296356201171875,6.27932914380596,-0.243209720070255,-0.00624771444621018,0.00415430718420412,1345.31214550691,26.1663906289657,94.2054217774306,419.172943115032,5.41995615870683,25.7698633895382,0.0134232558676769,4.48633912679649
324.140053130686,3.51840209960938,359.274039328098,-0.297027587890625,6.19902083522577,-0.241006193182884,-0.00566424362703195,0.0043102153252163,1347.5589499328,26.1986831313563,93.1388865918275,419.172631081391,5.34069118913571,25.7914637038407,0.0130815098963014,4.49364659277828
324.320053160191,3.52120971679688,359.288748800755,-0.29913330078125,6.11796138493748,-0.238670886606007,-0.00527111386958611,0.00537347513376313,1349.80816114588,26.2217243070434,92.0733554476083,419.171845526227,5.29859236722777,25.8132270753839,0.0127033189646932,4.50104553490467
